<!DOCTYPE beans PUBLIC "-//SPRING//DTD BEAN//EN" "http://www.springframework.org/dtd/spring-beans.dtd">
<beans>
	<bean id="pro_promobal_request_insert" class="net.bcgi.util.db.SPDefinition" scope="prototype">
		<property name="name"><value>pkg_promo_bal_mgmt_api.pro_promobal_request_insert</value></property>
		<property name="returnsResult"><value>false</value></property>
		<property name="parameters">
<!--  parameter list -->
         <list> 
				<ref bean="pro_promobal_request_insert_api_param_1"></ref>
				<ref bean="pro_promobal_request_insert_api_param_2"></ref>
				<ref bean="pro_promobal_request_insert_api_param_3"></ref>
				<ref bean="pro_promobal_request_insert_api_param_4"></ref>
				<ref bean="pro_promobal_request_insert_api_param_5"></ref>
				<ref bean="pro_promobal_request_insert_api_param_6"></ref>
				<ref bean="pro_promobal_request_insert_api_param_7"></ref>
				<ref bean="pro_promobal_request_insert_api_param_8"></ref>
				<ref bean="pro_promobal_request_insert_api_param_9"></ref>
				<ref bean="pro_promobal_request_insert_api_param_10"></ref>
				<ref bean="pro_promobal_request_insert_api_param_11"></ref>
				<ref bean="pro_promobal_request_insert_api_param_12"></ref>
				<ref bean="pro_promobal_request_insert_api_param_13"></ref>
				<ref bean="pro_promobal_request_insert_api_param_14"></ref>
				<ref bean="pro_promobal_request_insert_api_param_15"></ref>
				<ref bean="pro_promobal_request_insert_api_param_16"></ref>
				<ref bean="pro_promobal_request_insert_api_param_17"></ref>
				<ref bean="pro_promobal_request_insert_api_param_18"></ref>
				<ref bean="pro_promobal_request_insert_api_param_19"></ref>
				<ref bean="pro_promobal_request_insert_api_param_20"></ref>
		</list>
		</property>
	
	</bean>
	<bean id="pro_promobal_request_insert_api_param_1" class="net.bcgi.util.db.ParamDef" scope="singleton">
	  <property name="name"><value>pi_network_id</value></property>
	  <property name="mapTo"><value>pi_network_id</value></property>
	  <property name="type"><ref bean="java.sql.Types.BIGINT"></ref></property>
	  <property name="position"><value>1</value></property>
	  <property name="parameterType"><ref bean="net.bcgi.util.db.ParamDef.IN"></ref></property>
	</bean> 
	<bean id="pro_promobal_request_insert_api_param_2" class="net.bcgi.util.db.ParamDef" scope="singleton">
		<property name="name"><value>pi_msisdn_no</value></property>
		<property name="mapTo"><value>pi_msisdn</value></property>
		<property name="type"><ref bean="java.sql.Types.BIGINT"></ref></property>
		<property name="position"><value>2</value></property>
		<property name="parameterType"><ref bean="net.bcgi.util.db.ParamDef.IN"></ref></property>
	</bean>
	<bean id="pro_promobal_request_insert_api_param_3" class="net.bcgi.util.db.ParamDef" scope="singleton">
		<property name="name"><value>pi_balance_name</value></property>
		<property name="mapTo"><value>pi_balance_name</value></property>
		<property name="type"><ref bean="java.sql.Types.VARCHAR"></ref></property>
		<property name="position"><value>3</value></property>
		
		<property name="parameterType"><ref bean="net.bcgi.util.db.ParamDef.IN"></ref></property>
	</bean>
	<bean id="pro_promobal_request_insert_api_param_4" class="net.bcgi.util.db.ParamDef" scope="singleton">
		<property name="name"><value>pi_unit_type</value></property>
		<property name="mapTo"><value>pi_unit_type</value></property>
		<property name="type"><ref bean="java.sql.Types.VARCHAR"></ref></property>
		<property name="position"><value>4</value></property>
		<property name="parameterType"><ref bean="net.bcgi.util.db.ParamDef.IN"></ref></property>
	</bean>
	<bean id="pro_promobal_request_insert_api_param_5" class="net.bcgi.util.db.ParamDef" scope="singleton">
	  <property name="name"><value>pi_unit_value</value></property>
	  <property name="mapTo"><value>pi_unit_value</value></property>
	  <property name="type"><ref bean="java.sql.Types.DECIMAL"></ref></property>
	  <property name="position"><value>5</value></property>
	  <property name="parameterType"><ref bean="net.bcgi.util.db.ParamDef.IN"></ref></property>
	</bean> 
	<bean id="pro_promobal_request_insert_api_param_6" class="net.bcgi.util.db.ParamDef" scope="singleton">
		<property name="name"><value>pi_validity_days</value></property>
		<property name="mapTo"><value>pi_validity_days</value></property>
		<property name="type"><ref bean="java.sql.Types.BIGINT"></ref></property>
		<property name="position"><value>6</value></property>
		<property name="parameterType"><ref bean="net.bcgi.util.db.ParamDef.IN"></ref></property>
	</bean>
	<bean id="pro_promobal_request_insert_api_param_7" class="net.bcgi.util.db.ParamDef" scope="singleton">
		<property name="name"><value>pi_remarks</value></property>
		<property name="mapTo"><value>pi_remarks</value></property>
		<property name="type"><ref bean="java.sql.Types.VARCHAR"></ref></property>
		<property name="position"><value>7</value></property>
		<property name="parameterType"><ref bean="net.bcgi.util.db.ParamDef.IN"></ref></property>
	</bean>
	<bean id="pro_promobal_request_insert_api_param_8" class="net.bcgi.util.db.ParamDef" scope="singleton">
	  <property name="name"><value>pi_external_trans_id</value></property>
	  <property name="mapTo"><value>pi_external_trans_id</value></property>
	  <property name="type"><ref bean="java.sql.Types.VARCHAR"></ref></property>
	  <property name="position"><value>8</value></property>
	  <property name="parameterType"><ref bean="net.bcgi.util.db.ParamDef.IN"></ref></property>
	</bean> 
	<bean id="pro_promobal_request_insert_api_param_9" class="net.bcgi.util.db.ParamDef" scope="singleton">
	  <property name="name"><value>pi_user_id</value></property>
	  <property name="mapTo"><value>pi_user_id</value></property>
	  <property name="type"><ref bean="java.sql.Types.VARCHAR"></ref></property>
	  <property name="position"><value>9</value></property>
	  <property name="parameterType"><ref bean="net.bcgi.util.db.ParamDef.IN"></ref></property>
	</bean> 
	<bean id="pro_promobal_request_insert_api_param_10" class="net.bcgi.util.db.ParamDef" scope="singleton">
	  <property name="name"><value>pi_promo_type</value></property>
	  <property name="mapTo"><value>pi_promo_type</value></property>
	  <property name="type"><ref bean="java.sql.Types.VARCHAR"></ref></property>
	  <property name="position"><value>10</value></property>
	  <property name="parameterType"><ref bean="net.bcgi.util.db.ParamDef.IN"></ref></property>
	</bean>
	
	<bean id="pro_promobal_request_insert_api_param_11" class="net.bcgi.util.db.ParamDef" scope="singleton">
	  <property name="name"><value>pi_channel</value></property>
	  <property name="mapTo"><value>pi_channel</value></property>
	  <property name="type"><ref bean="java.sql.Types.VARCHAR"></ref></property>
	  <property name="position"><value>11</value></property>
	  <property name="parameterType"><ref bean="net.bcgi.util.db.ParamDef.IN"></ref></property>
	</bean>
	
	 
	<bean id="pro_promobal_request_insert_api_param_12" class="net.bcgi.util.db.ParamDef" scope="singleton">
		<property name="name"><value>po_internal_trans_id</value></property>
		<property name="mapTo"><value>po_internal_trans_id</value></property>
		<property name="type"><ref bean="java.sql.Types.VARCHAR"></ref></property>
		<property name="position"><value>12</value></property>
		<property name="parameterType"><ref bean="net.bcgi.util.db.ParamDef.OUT"></ref></property>
	</bean>
	<bean id="pro_promobal_request_insert_api_param_13" class="net.bcgi.util.db.ParamDef" scope="singleton">
		<property name="name"><value>po_bndl_id</value></property>
		<property name="mapTo"><value>po_bndl_id</value></property>
		<property name="type"><ref bean="java.sql.Types.BIGINT"></ref></property>
		<property name="position"><value>13</value></property>
		<property name="parameterType"><ref bean="net.bcgi.util.db.ParamDef.OUT"></ref></property>
	</bean>
	<bean id="pro_promobal_request_insert_api_param_14" class="net.bcgi.util.db.ParamDef" scope="singleton">
		<property name="name"><value>po_bndl_name</value></property>
		<property name="mapTo"><value>po_bndl_name</value></property>
		<property name="type"><ref bean="java.sql.Types.VARCHAR"></ref></property>
		<property name="position"><value>14</value></property>
		<property name="parameterType"><ref bean="net.bcgi.util.db.ParamDef.OUT"></ref></property>
	</bean>
		<bean id="pro_promobal_request_insert_api_param_15" class="net.bcgi.util.db.ParamDef" scope="singleton">
		<property name="name"><value>po_bucket_id</value></property>
		<property name="mapTo"><value>po_bucket_id</value></property>
		<property name="type"><ref bean="java.sql.Types.VARCHAR"></ref></property>
		<property name="position"><value>15</value></property>
		<property name="parameterType"><ref bean="net.bcgi.util.db.ParamDef.OUT"></ref></property>
	</bean>
			<bean id="pro_promobal_request_insert_api_param_16" class="net.bcgi.util.db.ParamDef" scope="singleton">
		<property name="name"><value>po_validity_date</value></property>
		<property name="mapTo"><value>po_validity_date</value></property>
		<property name="type"><ref bean="java.sql.Types.VARCHAR"></ref></property>
		<property name="position"><value>16</value></property>
		<property name="parameterType"><ref bean="net.bcgi.util.db.ParamDef.OUT"></ref></property>
	</bean>
	
	
	<bean id="pro_promobal_request_insert_api_param_17" class="net.bcgi.util.db.ParamDef" scope="singleton">
		<property name="name"><value>po_promo_or_core_bal</value></property>
		<property name="mapTo"><value>po_core_promo_flag</value></property>
		<property name="type"><ref bean="java.sql.Types.VARCHAR"></ref></property>
		<property name="position"><value>17</value></property>
		<property name="parameterType"><ref bean="net.bcgi.util.db.ParamDef.OUT"></ref></property>
	</bean>
	
	<bean id="pro_promobal_request_insert_api_param_18" class="net.bcgi.util.db.ParamDef" scope="singleton">
		<property name="name"><value>po_unit_value</value></property>
		<property name="mapTo"><value>po_core_promo_volume</value></property>
		<property name="type"><ref bean="java.sql.Types.DECIMAL"></ref></property>
		<property name="position"><value>18</value></property>
		<property name="parameterType"><ref bean="net.bcgi.util.db.ParamDef.OUT"></ref></property>
	</bean>
	
	
	<bean id="pro_promobal_request_insert_api_param_19" class="net.bcgi.util.db.ParamDef" scope="singleton">
	  <property name="name"><value>po_error_code</value></property>
	  <property name="mapTo"><value>po_error_code</value></property>
	  <property name="type"><ref bean="java.sql.Types.BIGINT"></ref></property>
	  <property name="position"><value>19</value></property>
	  <property name="parameterType"><ref bean="net.bcgi.util.db.ParamDef.OUT"></ref></property>
	</bean> 
	<bean id="pro_promobal_request_insert_api_param_20" class="net.bcgi.util.db.ParamDef" scope="singleton">
	  <property name="name"><value>po_error_desc</value></property>
	  <property name="mapTo"><value>po_error_mesg</value></property>
	  <property name="type"><ref bean="java.sql.Types.VARCHAR"></ref></property>
	  <property name="position"><value>20</value></property>
	  <property name="parameterType"><ref bean="net.bcgi.util.db.ParamDef.OUT"></ref></property>
	</bean> 
	
</beans>