<!DOCTYPE beans PUBLIC "-//SPRING//DTD BEAN//EN" "http://www.springframework.org/dtd/spring-beans.dtd">
<beans>
	<bean id="pro_get_cc_trans_report" class="net.bcgi.util.db.SPDefinition" scope="prototype">
		<property name="name"><value>pkg_credit_card_mgmt.pro_get_cc_trans_report</value></property>
		<property name="returnsResult"><value>false</value></property>
		<property name="parameters">
			<list> <!--  parameter list -->
				<ref bean="pro_get_cc_trans_report_param_1"></ref>
				<ref bean="pro_get_cc_trans_report_param_2"></ref>				
				<ref bean="pro_get_cc_trans_report_param_3"></ref>
				<ref bean="pro_get_cc_trans_report_param_4"></ref>
				<ref bean="pro_get_cc_trans_report_param_5"></ref>
				<ref bean="pro_get_cc_trans_report_param_6"></ref>				
				<ref bean="pro_get_cc_trans_report_param_7"></ref>
				<ref bean="pro_get_cc_trans_report_param_8"></ref>
			</list>
		</property>
	
		<property name="refCursors">
			<map>
				<entry key="6">
					<ref bean="pro_get_cc_trans_report_ref_bean"/>
				</entry>
			</map>
		</property>
	</bean>
	<bean id="pro_get_cc_trans_report_ref_bean" class="net.bcgi.util.db.ResultSetDef" scope="prototype">
		<property name="resultSetParams">
			<list>
				<ref bean="pro_get_cc_trans_report_cursor_param_1"></ref>
				<ref bean="pro_get_cc_trans_report_cursor_param_2"></ref>
				<ref bean="pro_get_cc_trans_report_cursor_param_3"></ref>
				<ref bean="pro_get_cc_trans_report_cursor_param_4"></ref>
				<ref bean="pro_get_cc_trans_report_cursor_param_5"></ref>
				<ref bean="pro_get_cc_trans_report_cursor_param_6"></ref>
				
			</list>
		</property>

		<property name="className" value="com.xius.billing.agent.domaindata.impl.creditcardmgmt.CCTransReportCursorData"/>
	</bean>
	<bean id="pro_get_cc_trans_report_cursor_param_1" class="net.bcgi.util.db.ResultSetParam" scope="singleton">
	  <property name="procedureColumnName"><value>trans_id</value></property>
	  <property name="mapTo"><value>trans_id</value></property>
	  <property name="columnType"><ref bean="java.sql.Types.VARCHAR"></ref></property>
	  <property name="position"><value>1</value></property>
	</bean>
	<bean id="pro_get_cc_trans_report_cursor_param_2" class="net.bcgi.util.db.ResultSetParam" scope="singleton">
	  <property name="procedureColumnName"><value>rental_status</value></property>
	  <property name="mapTo"><value>rental_status</value></property>
	  <property name="columnType"><ref bean="java.sql.Types.VARCHAR"></ref></property>
	  <property name="position"><value>2</value></property>
	</bean>
	<bean id="pro_get_cc_trans_report_cursor_param_3" class="net.bcgi.util.db.ResultSetParam" scope="singleton">
	  <property name="procedureColumnName"><value>rental_amount</value></property>
	  <property name="mapTo"><value>rental_amount</value></property>
	  <property name="columnType"><ref bean="java.sql.Types.BIGINT"></ref></property>
	  <property name="position"><value>3</value></property>
	</bean>
	<bean id="pro_get_cc_trans_report_cursor_param_4" class="net.bcgi.util.db.ResultSetParam" scope="singleton">
	  <property name="procedureColumnName"><value>expiry_date</value></property>
	  <property name="mapTo"><value>expiry_date</value></property>
	  <property name="columnType"><ref bean="java.sql.Types.VARCHAR"></ref></property>
	  <property name="position"><value>4</value></property>
	</bean>
	<bean id="pro_get_cc_trans_report_cursor_param_5" class="net.bcgi.util.db.ResultSetParam" scope="singleton">
	  <property name="procedureColumnName"><value>rental_applied_date</value></property>
	  <property name="mapTo"><value>rental_applied_date</value></property>
	  <property name="columnType"><ref bean="java.sql.Types.VARCHAR"></ref></property>
	  <property name="position"><value>5</value></property>
	</bean>
	<bean id="pro_get_cc_trans_report_cursor_param_6" class="net.bcgi.util.db.ResultSetParam" scope="singleton">
	  <property name="procedureColumnName"><value>remarks</value></property>
	  <property name="mapTo"><value>remarks</value></property>
	  <property name="columnType"><ref bean="java.sql.Types.VARCHAR"></ref></property>
	  <property name="position"><value>6</value></property>
	</bean>

	<!-- End of cursor mapping -->
	
	<bean id="pro_get_cc_trans_report_param_1" class="net.bcgi.util.db.ParamDef" scope="singleton">
		<property name="name"><value>pi_network_id</value></property>
		<property name="mapTo"><value>pi_network_id</value></property>
		<property name="type"><ref bean="java.sql.Types.BIGINT"></ref></property>
		<property name="position"><value>1</value></property>
		<property name="parameterType"><ref bean="net.bcgi.util.db.ParamDef.IN"></ref></property>
	</bean>	
	
	<bean id="pro_get_cc_trans_report_param_2" class="net.bcgi.util.db.ParamDef" scope="singleton">
		<property name="name"><value>pi_account_id</value></property>
		<property name="mapTo"><value>pi_account_id</value></property>
		<property name="type"><ref bean="java.sql.Types.BIGINT"></ref></property>
		<property name="position"><value>2</value></property>
		<property name="parameterType"><ref bean="net.bcgi.util.db.ParamDef.IN"></ref></property>
	</bean>	
	
	<bean id="pro_get_cc_trans_report_param_3" class="net.bcgi.util.db.ParamDef" scope="singleton">
		<property name="name"><value>pi_msisdn</value></property>
		<property name="mapTo"><value>pi_msisdn</value></property>
		<property name="type"><ref bean="java.sql.Types.BIGINT"></ref></property>
		<property name="position"><value>3</value></property>
		<property name="parameterType"><ref bean="net.bcgi.util.db.ParamDef.IN"></ref></property>
	</bean>	
	
	<bean id="pro_get_cc_trans_report_param_4" class="net.bcgi.util.db.ParamDef" scope="singleton">
		<property name="name"><value>pi_from_date</value></property>
		<property name="mapTo"><value>pi_from_date</value></property>
		<property name="type"><ref bean="java.sql.Types.VARCHAR"></ref></property>
		<property name="position"><value>4</value></property>
		<property name="parameterType"><ref bean="net.bcgi.util.db.ParamDef.IN"></ref></property>
	</bean>
	
	<bean id="pro_get_cc_trans_report_param_5" class="net.bcgi.util.db.ParamDef" scope="singleton">
		<property name="name"><value>pi_to_date</value></property>
		<property name="mapTo"><value>pi_to_date</value></property>
		<property name="type"><ref bean="java.sql.Types.VARCHAR"></ref></property>
		<property name="position"><value>5</value></property>
		<property name="parameterType"><ref bean="net.bcgi.util.db.ParamDef.IN"></ref></property>
	</bean>
	
	<bean id="pro_get_cc_trans_report_param_6" class="net.bcgi.util.db.ParamDef" scope="singleton">
  		<property name="name"><value>po_trans_details_ref</value></property>
  		<property name="mapTo"><value>cursor</value></property>
  		<property name="type"><ref bean="oracle.jdbc.driver.OracleTypes.CURSOR"></ref></property>
  		<property name="position"><value>6</value></property>
  		<property name="parameterType"><ref bean="net.bcgi.util.db.ParamDef.OUT"></ref></property>
	</bean>
	
	<bean id="pro_get_cc_trans_report_param_7" class="net.bcgi.util.db.ParamDef" scope="singleton">
		<property name="name"><value>po_error_code</value></property>
		<property name="mapTo"><value>po_error_code</value></property>
		<property name="type"><ref bean="java.sql.Types.BIGINT"></ref></property>
		<property name="position"><value>7</value></property>
		<property name="parameterType"><ref bean="net.bcgi.util.db.ParamDef.OUT"></ref></property>
	</bean>	
	
	<bean id="pro_get_cc_trans_report_param_8" class="net.bcgi.util.db.ParamDef" scope="singleton">
		<property name="name"><value>po_error_desc</value></property>
		<property name="mapTo"><value>po_error_mesg</value></property>
		<property name="type"><ref bean="java.sql.Types.VARCHAR"></ref></property>
		<property name="position"><value>8</value></property>
		<property name="parameterType"><ref bean="net.bcgi.util.db.ParamDef.OUT"></ref></property>
	</bean>	
	
</beans>