<!DOCTYPE beans PUBLIC "-//SPRING//DTD BEAN//EN" "http://www.springframework.org/dtd/spring-beans.dtd">
<beans>
	<bean id="pro_creditcard_details_manage" class="net.bcgi.util.db.SPDefinition" scope="prototype">
		<property name="name"><value>pkg_credit_card_mgmt.pro_creditcard_details_manage</value></property>
		<property name="returnsResult"><value>false</value></property>
		<property name="parameters">
			<list> <!--  parameter list -->
				<ref bean="pro_creditcard_details_manage_param_1"></ref>
				<ref bean="pro_creditcard_details_manage_param_2"></ref>				
				<ref bean="pro_creditcard_details_manage_param_3"></ref>
				<ref bean="pro_creditcard_details_manage_param_4"></ref>
				<ref bean="pro_creditcard_details_manage_param_5"></ref>
				<ref bean="pro_creditcard_details_manage_param_6"></ref>				
				<ref bean="pro_creditcard_details_manage_param_7"></ref>
				<ref bean="pro_creditcard_details_manage_param_8"></ref>
				<ref bean="pro_creditcard_details_manage_param_9"></ref>
				<ref bean="pro_creditcard_details_manage_param_10"></ref>
				<ref bean="pro_creditcard_details_manage_param_11"></ref>				
				<ref bean="pro_creditcard_details_manage_param_12"></ref>
				<ref bean="pro_creditcard_details_manage_param_13"></ref>
				<ref bean="pro_creditcard_details_manage_param_14"></ref>
			</list>
		</property>
		<property name="refCursors">
			<map>
				<entry key="12">
					<ref bean="pro_creditcard_details_manage_ref_bean"/>
				</entry>
			</map>
		</property>
	</bean>
	<bean id="pro_creditcard_details_manage_ref_bean" class="net.bcgi.util.db.ResultSetDef" scope="prototype">
		<property name="resultSetParams">
			<list>
				<ref bean="pro_creditcard_details_manage_cursor_param_1"></ref>
				<ref bean="pro_creditcard_details_manage_cursor_param_2"></ref>
				<ref bean="pro_creditcard_details_manage_cursor_param_3"></ref>
				<ref bean="pro_creditcard_details_manage_cursor_param_4"></ref>
				<ref bean="pro_creditcard_details_manage_cursor_param_5"></ref>
				<ref bean="pro_creditcard_details_manage_cursor_param_6"></ref>
				<ref bean="pro_creditcard_details_manage_cursor_param_7"></ref>
				<ref bean="pro_creditcard_details_manage_cursor_param_8"></ref>
				<ref bean="pro_creditcard_details_manage_cursor_param_9"></ref>
				<ref bean="pro_creditcard_details_manage_cursor_param_10"></ref>
				<ref bean="pro_creditcard_details_manage_cursor_param_11"></ref>
				<ref bean="pro_creditcard_details_manage_cursor_param_12"></ref>
			</list>
		</property>

		<property name="className" value="com.xius.billing.agent.domaindata.impl.creditcardmgmt.CreditCardDetailsManageCursorData"/>
	</bean>
	<bean id="pro_creditcard_details_manage_cursor_param_1" class="net.bcgi.util.db.ResultSetParam" scope="singleton">
	  <property name="procedureColumnName"><value>account_id</value></property>
	  <property name="mapTo"><value>accountID</value></property>
	  <property name="columnType"><ref bean="java.sql.Types.BIGINT"></ref></property>
	  <property name="position"><value>1</value></property>
	</bean>
	<bean id="pro_creditcard_details_manage_cursor_param_2" class="net.bcgi.util.db.ResultSetParam" scope="singleton">
	  <property name="procedureColumnName"><value>fund_src_type</value></property>
	  <property name="mapTo"><value>fundSrcType</value></property>
	  <property name="columnType"><ref bean="java.sql.Types.VARCHAR"></ref></property>
	  <property name="position"><value>2</value></property>
	</bean>
	<bean id="pro_creditcard_details_manage_cursor_param_3" class="net.bcgi.util.db.ResultSetParam" scope="singleton">
	  <property name="procedureColumnName"><value>status</value></property>
	  <property name="mapTo"><value>status</value></property>
	  <property name="columnType"><ref bean="java.sql.Types.VARCHAR"></ref></property>
	  <property name="position"><value>3</value></property>
	</bean>
	<bean id="pro_creditcard_details_manage_cursor_param_4" class="net.bcgi.util.db.ResultSetParam" scope="singleton">
	  <property name="procedureColumnName"><value>cardno</value></property>
	  <property name="mapTo"><value>cardNo</value></property>
	  <property name="columnType"><ref bean="java.sql.Types.VARCHAR"></ref></property>
	  <property name="position"><value>4</value></property>
	</bean>
	<bean id="pro_creditcard_details_manage_cursor_param_5" class="net.bcgi.util.db.ResultSetParam" scope="singleton">
	  <property name="procedureColumnName"><value>cardtype</value></property>
	  <property name="mapTo"><value>cardType</value></property>
	  <property name="columnType"><ref bean="java.sql.Types.VARCHAR"></ref></property>
	  <property name="position"><value>5</value></property>
	</bean>
	<bean id="pro_creditcard_details_manage_cursor_param_6" class="net.bcgi.util.db.ResultSetParam" scope="singleton">
	  <property name="procedureColumnName"><value>nameoncard</value></property>
	  <property name="mapTo"><value>nameOnCard</value></property>
	  <property name="columnType"><ref bean="java.sql.Types.VARCHAR"></ref></property>
	  <property name="position"><value>6</value></property>
	</bean>
	<bean id="pro_creditcard_details_manage_cursor_param_7" class="net.bcgi.util.db.ResultSetParam" scope="singleton">
	  <property name="procedureColumnName"><value>cc_expiry_date</value></property>
	  <property name="mapTo"><value>ccExpiryDate</value></property>
	  <property name="columnType"><ref bean="java.sql.Types.VARCHAR"></ref></property>
	  <property name="position"><value>7</value></property>
	</bean>
	<bean id="pro_creditcard_details_manage_cursor_param_8" class="net.bcgi.util.db.ResultSetParam" scope="singleton">
	  <property name="procedureColumnName"><value>cvv</value></property>
	  <property name="mapTo"><value>cvv</value></property>
	  <property name="columnType"><ref bean="java.sql.Types.VARCHAR"></ref></property>
	  <property name="position"><value>8</value></property>
	</bean>
	<bean id="pro_creditcard_details_manage_cursor_param_9" class="net.bcgi.util.db.ResultSetParam" scope="singleton">
	  <property name="procedureColumnName"><value>created_by</value></property>
	  <property name="mapTo"><value>createdBy</value></property>
	  <property name="columnType"><ref bean="java.sql.Types.VARCHAR"></ref></property>
	  <property name="position"><value>9</value></property>
	</bean>
	<bean id="pro_creditcard_details_manage_cursor_param_10" class="net.bcgi.util.db.ResultSetParam" scope="singleton">
	  <property name="procedureColumnName"><value>created_date</value></property>
	  <property name="mapTo"><value>createdDate</value></property>
	  <property name="columnType"><ref bean="java.sql.Types.VARCHAR"></ref></property>
	  <property name="position"><value>10</value></property>
	</bean>
	<bean id="pro_creditcard_details_manage_cursor_param_11" class="net.bcgi.util.db.ResultSetParam" scope="singleton">
	  <property name="procedureColumnName"><value>modified_by</value></property>
	  <property name="mapTo"><value>modifiedBy</value></property>
	  <property name="columnType"><ref bean="java.sql.Types.VARCHAR"></ref></property>
	  <property name="position"><value>11</value></property>
	</bean>
	<bean id="pro_creditcard_details_manage_cursor_param_12" class="net.bcgi.util.db.ResultSetParam" scope="singleton">
	  <property name="procedureColumnName"><value>modified_date</value></property>
	  <property name="mapTo"><value>modifiedDate</value></property>
	  <property name="columnType"><ref bean="java.sql.Types.VARCHAR"></ref></property>
	  <property name="position"><value>12</value></property>
	</bean>
	

	<!-- End of cursor mapping -->
	

	
	<bean id="pro_creditcard_details_manage_param_1" class="net.bcgi.util.db.ParamDef" scope="singleton">
		<property name="name"><value>pi_account_id</value></property>
		<property name="mapTo"><value>pi_account_id</value></property>
		<property name="type"><ref bean="java.sql.Types.BIGINT"></ref></property>
		<property name="position"><value>1</value></property>
		<property name="parameterType"><ref bean="net.bcgi.util.db.ParamDef.IN"></ref></property>
	</bean>	
	
	<bean id="pro_creditcard_details_manage_param_2" class="net.bcgi.util.db.ParamDef" scope="singleton">
		<property name="name"><value>pi_network_id</value></property>
		<property name="mapTo"><value>pi_network_id</value></property>
		<property name="type"><ref bean="java.sql.Types.BIGINT"></ref></property>
		<property name="position"><value>2</value></property>
		<property name="parameterType"><ref bean="net.bcgi.util.db.ParamDef.IN"></ref></property>
	</bean>	
	
	<bean id="pro_creditcard_details_manage_param_3" class="net.bcgi.util.db.ParamDef" scope="singleton">
		<property name="name"><value>pi_fund_src_type</value></property>
		<property name="mapTo"><value>pi_fund_src_type</value></property>
		<property name="type"><ref bean="java.sql.Types.VARCHAR"></ref></property>
		<property name="position"><value>3</value></property>
		<property name="parameterType"><ref bean="net.bcgi.util.db.ParamDef.IN"></ref></property>
	</bean>	
	
	<bean id="pro_creditcard_details_manage_param_4" class="net.bcgi.util.db.ParamDef" scope="singleton">
		<property name="name"><value>pi_status</value></property>
		<property name="mapTo"><value>pi_status</value></property>
		<property name="type"><ref bean="java.sql.Types.VARCHAR"></ref></property>
		<property name="position"><value>4</value></property>
		<property name="parameterType"><ref bean="net.bcgi.util.db.ParamDef.IN"></ref></property>
	</bean>
	
	<bean id="pro_creditcard_details_manage_param_5" class="net.bcgi.util.db.ParamDef" scope="singleton">
		<property name="name"><value>pi_cardno</value></property>
		<property name="mapTo"><value>pi_cardno</value></property>
		<property name="type"><ref bean="java.sql.Types.VARCHAR"></ref></property>
		<property name="position"><value>5</value></property>
		<property name="parameterType"><ref bean="net.bcgi.util.db.ParamDef.IN"></ref></property>
	</bean>
	
	<bean id="pro_creditcard_details_manage_param_6" class="net.bcgi.util.db.ParamDef" scope="singleton">
		<property name="name"><value>pi_cardtype</value></property>
		<property name="mapTo"><value>pi_cardtype</value></property>
		<property name="type"><ref bean="java.sql.Types.VARCHAR"></ref></property>
		<property name="position"><value>6</value></property>
		<property name="parameterType"><ref bean="net.bcgi.util.db.ParamDef.IN"></ref></property>
	</bean>
	
	<bean id="pro_creditcard_details_manage_param_7" class="net.bcgi.util.db.ParamDef" scope="singleton">
		<property name="name"><value>pi_nameoncard</value></property>
		<property name="mapTo"><value>pi_nameoncard</value></property>
		<property name="type"><ref bean="java.sql.Types.VARCHAR"></ref></property>
		<property name="position"><value>7</value></property>
		<property name="parameterType"><ref bean="net.bcgi.util.db.ParamDef.IN"></ref></property>
	</bean>
	
	<bean id="pro_creditcard_details_manage_param_8" class="net.bcgi.util.db.ParamDef" scope="singleton">
		<property name="name"><value>pi_cc_expiry_date</value></property>
		<property name="mapTo"><value>pi_cc_expiry_date</value></property>
		<property name="type"><ref bean="java.sql.Types.VARCHAR"></ref></property>
		<property name="position"><value>8</value></property>
		<property name="parameterType"><ref bean="net.bcgi.util.db.ParamDef.IN"></ref></property>
	</bean>
	
	<bean id="pro_creditcard_details_manage_param_9" class="net.bcgi.util.db.ParamDef" scope="singleton">
		<property name="name"><value>pi_cvv</value></property>
		<property name="mapTo"><value>pi_cvv</value></property>
		<property name="type"><ref bean="java.sql.Types.VARCHAR"></ref></property>
		<property name="position"><value>9</value></property>
		<property name="parameterType"><ref bean="net.bcgi.util.db.ParamDef.IN"></ref></property>
	</bean>
	
	<bean id="pro_creditcard_details_manage_param_10" class="net.bcgi.util.db.ParamDef" scope="singleton">
		<property name="name"><value>pi_user_id</value></property>
		<property name="mapTo"><value>pi_user_id</value></property>
		<property name="type"><ref bean="java.sql.Types.VARCHAR"></ref></property>
		<property name="position"><value>10</value></property>
		<property name="parameterType"><ref bean="net.bcgi.util.db.ParamDef.IN"></ref></property>
	</bean>
	
	<bean id="pro_creditcard_details_manage_param_11" class="net.bcgi.util.db.ParamDef" scope="singleton">
		<property name="name"><value>pi_action_flag</value></property>
		<property name="mapTo"><value>pi_action_flag</value></property>
		<property name="type"><ref bean="java.sql.Types.VARCHAR"></ref></property>
		<property name="position"><value>11</value></property>
		<property name="parameterType"><ref bean="net.bcgi.util.db.ParamDef.IN"></ref></property>
	</bean>
	
	<bean id="pro_creditcard_details_manage_param_12" class="net.bcgi.util.db.ParamDef" scope="singleton">
  		<property name="name"><value>po_card_details</value></property>
  		<property name="mapTo"><value>cursor</value></property>
  		<property name="type"><ref bean="oracle.jdbc.driver.OracleTypes.CURSOR"></ref></property>
  		<property name="position"><value>12</value></property>
  		<property name="parameterType"><ref bean="net.bcgi.util.db.ParamDef.OUT"></ref></property>
	</bean>
	
	<bean id="pro_creditcard_details_manage_param_13" class="net.bcgi.util.db.ParamDef" scope="singleton">
		<property name="name"><value>po_error_code</value></property>
		<property name="mapTo"><value>po_error_code</value></property>
		<property name="type"><ref bean="java.sql.Types.BIGINT"></ref></property>
		<property name="position"><value>13</value></property>
		<property name="parameterType"><ref bean="net.bcgi.util.db.ParamDef.OUT"></ref></property>
	</bean>	
	
	<bean id="pro_creditcard_details_manage_param_14" class="net.bcgi.util.db.ParamDef" scope="singleton">
		<property name="name"><value>po_error_desc</value></property>
		<property name="mapTo"><value>po_error_mesg</value></property>
		<property name="type"><ref bean="java.sql.Types.VARCHAR"></ref></property>
		<property name="position"><value>14</value></property>
		<property name="parameterType"><ref bean="net.bcgi.util.db.ParamDef.OUT"></ref></property>
	</bean>	
	
</beans>