<?xml version="1.0" encoding="UTF-8"?>
<!DOCTYPE beans PUBLIC "-//SPRING//DTD BEAN//EN" "http://www.springframework.org/dtd/spring-beans.dtd">
<beans>
	<bean id="cs_pro_get_subsciber_balances" class="net.bcgi.util.db.SPDefinition" scope="prototype">
	<property name="name"><value>cs_pro_get_subsciber_balances</value></property>
	<property name="returnsResult"><value>false</value></property>
	<property name="parameters">
		<list> <!--  parameter list -->
			<ref bean="cs_pro_get_subsciber_balances_param_1"></ref>
			<ref bean="cs_pro_get_subsciber_balances_param_2"></ref>	
			<ref bean="cs_pro_get_subsciber_balances_param_3"></ref>
			<ref bean="cs_pro_get_subsciber_balances_param_4"></ref>
			<ref bean="cs_pro_get_subsciber_balances_param_5"></ref>
			<ref bean="cs_pro_get_subsciber_balances_param_6"></ref>
			<ref bean="cs_pro_get_subsciber_balances_param_7"></ref>
			<ref bean="cs_pro_get_subsciber_balances_param_8"></ref>
			<ref bean="cs_pro_get_subsciber_balances_param_9"></ref>
			<ref bean="cs_pro_get_subsciber_balances_param_10"></ref>
			<ref bean="cs_pro_get_subsciber_balances_param_11"></ref>
			<ref bean="cs_pro_get_subsciber_balances_param_12"></ref>
			<ref bean="cs_pro_get_subsciber_balances_param_13"></ref>
		</list>
	</property>
	</bean>

	<bean id="cs_pro_get_subsciber_balances_param_1" class="net.bcgi.util.db.ParamDef" scope="singleton">
		<property name="name"><value>pi_network_id</value></property>
		<property name="mapTo"><value>pi_network_id</value></property>
		<property name="type"><ref bean="java.sql.Types.BIGINT"></ref></property>
		<property name="position"><value>1</value></property>
		<property name="parameterType"><ref bean="net.bcgi.util.db.ParamDef.IN"></ref></property>
	</bean>
	
	<bean id="cs_pro_get_subsciber_balances_param_2" class="net.bcgi.util.db.ParamDef" scope="singleton">
		<property name="name"><value>pi_msisdn_no</value></property>
		<property name="mapTo"><value>msisdn</value></property>
		<property name="type"><ref bean="java.sql.Types.BIGINT"></ref></property>
		<property name="position"><value>2</value></property>
		<property name="parameterType"><ref bean="net.bcgi.util.db.ParamDef.IN"></ref></property>
	</bean>
	
	<bean id="cs_pro_get_subsciber_balances_param_3" class="net.bcgi.util.db.ParamDef" scope="singleton">
		<property name="name"><value>po_core_balance</value></property>
		<property name="mapTo"><value>coreBalance</value></property>
		<property name="type"><ref bean="java.sql.Types.DECIMAL"></ref></property>
		<property name="position"><value>3</value></property>
		<property name="parameterType"><ref bean="net.bcgi.util.db.ParamDef.OUT"></ref></property>
	</bean>
	
	<bean id="cs_pro_get_subsciber_balances_param_4" class="net.bcgi.util.db.ParamDef" scope="singleton">
		<property name="name"><value>po_core_bal_validity</value></property>
	  	<property name="mapTo"><value>coreBalValidity</value></property>
		<property name="type"><ref bean="java.sql.Types.VARCHAR"></ref></property>
		<property name="position"><value>4</value></property>
		<property name="parameterType"><ref bean="net.bcgi.util.db.ParamDef.OUT"></ref></property>
	</bean>
	
	<bean id="cs_pro_get_subsciber_balances_param_5" class="net.bcgi.util.db.ParamDef" scope="singleton">
		<property name="name"><value>po_intial_balance</value></property>
		<property name="mapTo"><value>intialBalance</value></property>
		<property name="type"><ref bean="java.sql.Types.DECIMAL"></ref></property>
		<property name="position"><value>5</value></property>
		<property name="parameterType"><ref bean="net.bcgi.util.db.ParamDef.OUT"></ref></property>
	</bean>

	<bean id="cs_pro_get_subsciber_balances_param_6" class="net.bcgi.util.db.ParamDef" scope="singleton">
		<property name="name"><value>po_initial_bal_validity</value></property>
	  	<property name="mapTo"><value>intialBalValidity</value></property>
		<property name="type"><ref bean="java.sql.Types.VARCHAR"></ref></property>
		<property name="position"><value>6</value></property>
		<property name="parameterType"><ref bean="net.bcgi.util.db.ParamDef.OUT"></ref></property>
	</bean>
	
	<bean id="cs_pro_get_subsciber_balances_param_7" class="net.bcgi.util.db.ParamDef" scope="singleton">
		<property name="name"><value>po_parking_balance</value></property>
	 	 <property name="mapTo"><value>parkingBalance</value></property>
		<property name="type"><ref bean="java.sql.Types.DECIMAL"></ref></property>
		<property name="position"><value>7</value></property>
		<property name="parameterType"><ref bean="net.bcgi.util.db.ParamDef.OUT"></ref></property>
	</bean>
	
		<bean id="cs_pro_get_subsciber_balances_param_8" class="net.bcgi.util.db.ParamDef" scope="singleton">
		<property name="name"><value>po_parking_bal_validity</value></property>
	  	<property name="mapTo"><value>parkingBalValidity</value></property>
		<property name="type"><ref bean="java.sql.Types.VARCHAR"></ref></property>
		<property name="position"><value>8</value></property>
		<property name="parameterType"><ref bean="net.bcgi.util.db.ParamDef.OUT"></ref></property>
	</bean>
	
	<bean id="cs_pro_get_subsciber_balances_param_9" class="net.bcgi.util.db.ParamDef" scope="singleton">
		<property name="name"><value>po_promo_balance</value></property>
		<property name="mapTo"><value>promoBalance</value></property>
		<property name="type"><ref bean="java.sql.Types.DECIMAL"></ref></property>
		<property name="position"><value>9</value></property>
		<property name="parameterType"><ref bean="net.bcgi.util.db.ParamDef.OUT"></ref></property>
	</bean>
	
		<bean id="cs_pro_get_subsciber_balances_param_10" class="net.bcgi.util.db.ParamDef" scope="singleton">
		<property name="name"><value>po_promo_bal_validity</value></property>
	  	<property name="mapTo"><value>promoBalValidity</value></property>
		<property name="type"><ref bean="java.sql.Types.VARCHAR"></ref></property>
		<property name="position"><value>10</value></property>
		<property name="parameterType"><ref bean="net.bcgi.util.db.ParamDef.OUT"></ref></property>
	</bean>
	
	
	<bean id="cs_pro_get_subsciber_balances_param_11" class="net.bcgi.util.db.ParamDef" scope="singleton">
		<property name="name"><value>po_global_amt_balance</value></property>
		<property name="mapTo"><value>globalAmount</value></property>
		<property name="type"><ref bean="java.sql.Types.DECIMAL"></ref></property>
		<property name="position"><value>11</value></property>
		<property name="parameterType"><ref bean="net.bcgi.util.db.ParamDef.OUT"></ref></property>
	</bean>
	<bean id="cs_pro_get_subsciber_balances_param_12" class="net.bcgi.util.db.ParamDef" scope="singleton">
		<property name="name"><value>po_error_code</value></property>
		<property name="mapTo"><value>po_error_code</value></property>
		<property name="type"><ref bean="java.sql.Types.BIGINT"></ref></property>
		<property name="position"><value>12</value></property>
		<property name="parameterType"><ref bean="net.bcgi.util.db.ParamDef.OUT"></ref></property>
	</bean>
	
	<bean id="cs_pro_get_subsciber_balances_param_13" class="net.bcgi.util.db.ParamDef" scope="singleton">
		<property name="name"><value>po_error_desc</value></property>
	  	<property name="mapTo"><value>po_error_mesg</value></property>
		<property name="type"><ref bean="java.sql.Types.VARCHAR"></ref></property>
		<property name="position"><value>13</value></property>
		<property name="parameterType"><ref bean="net.bcgi.util.db.ParamDef.OUT"></ref></property>
	</bean>
	
</beans>