<?xml version="1.0" encoding="UTF-8" ?>

<!DOCTYPE beans PUBLIC "-//SPRING//DTD BEAN//EN" "http://www.springframework.org/dtd/spring-beans.dtd">
<beans>
	<!--  import standard constants used in all bean files -->
	<!-- start pro_get_recharge_info -->
	<bean id="pro_get_recharge_info" class="net.bcgi.util.db.SPDefinition" scope="singleton">
		<property name="name"><value>CS_PKG_RECHARGE_PRODUCT_MGMT.pro_get_recharge_info</value></property>
		<property name="returnsResult"><value>false</value></property>
		<property name="parameters">
			<list>
				<ref bean="pro_get_recharge_info_param_1"></ref>
				<ref bean="pro_get_recharge_info_param_2"></ref>
				<ref bean="pro_get_recharge_info_param_3"></ref>
				<ref bean="pro_get_recharge_info_param_4"></ref>
				<ref bean="pro_get_recharge_info_param_5"></ref>
				<ref bean="pro_get_recharge_info_param_6"></ref>
				<ref bean="pro_get_recharge_info_param_7"></ref>
				<ref bean="pro_get_recharge_info_param_8"></ref>
				<ref bean="pro_get_recharge_info_param_9"></ref>
				<ref bean="pro_get_recharge_info_param_10"></ref>
				<ref bean="pro_get_recharge_info_param_11"></ref>
				<ref bean="pro_get_recharge_info_param_12"></ref>
				<ref bean="pro_get_recharge_info_param_13"></ref>
				<ref bean="pro_get_recharge_info_param_14"></ref>
				<ref bean="pro_get_recharge_info_param_15"></ref>
				<ref bean="pro_get_recharge_info_param_16"></ref>
				<ref bean="pro_get_recharge_info_param_17"></ref>
				<ref bean="pro_get_recharge_info_param_18"></ref>
				<ref bean="pro_get_recharge_info_param_19"></ref>
				<ref bean="pro_get_recharge_info_param_20"></ref>
				<ref bean="pro_get_recharge_info_param_21"></ref>
				<ref bean="pro_get_recharge_info_param_22"></ref>
				<ref bean="pro_get_recharge_info_param_23"></ref>
				<ref bean="pro_get_recharge_info_param_24"></ref>
				<ref bean="pro_get_recharge_info_param_25"></ref>
				<ref bean="pro_get_recharge_info_param_26"></ref>
				<ref bean="pro_get_recharge_info_param_27"></ref>
				<ref bean="pro_get_recharge_info_param_28"></ref>
				<ref bean="pro_get_recharge_info_param_29"></ref>
				<ref bean="pro_get_recharge_info_param_30"></ref>
				<ref bean="pro_get_recharge_info_param_31"></ref>
				<ref bean="pro_get_recharge_info_param_32"></ref>
				<ref bean="pro_get_recharge_info_param_33"></ref>
				<ref bean="pro_get_recharge_info_param_34"></ref>
				
			</list>
		</property>
	</bean>

	<bean id="pro_get_recharge_info_param_1"
			class="net.bcgi.util.db.ParamDef" scope="singleton">
			<property name="name"><value>pio_msisdn</value></property>
			<property name="mapTo"><value>pi_msisdn</value></property>
			<property name="type"><ref bean="java.sql.Types.BIGINT"></ref></property>
			<property name="position"><value>1</value></property>
			<property name="parameterType"><ref bean="net.bcgi.util.db.ParamDef.IN_OUT"></ref></property>
	</bean>
	<bean id="pro_get_recharge_info_param_2"
			class="net.bcgi.util.db.ParamDef" scope="singleton">
			<property name="name"><value>pi_voucher_pin</value></property>
			<property name="mapTo"><value>pi_voucher_pin</value></property>
			<property name="type"><ref bean="java.sql.Types.VARCHAR"></ref></property>
			<property name="position"><value>2</value></property>
			<property name="parameterType"><ref bean="net.bcgi.util.db.ParamDef.IN_OUT"></ref></property>
	</bean>
		<bean id="pro_get_recharge_info_param_3"
			class="net.bcgi.util.db.ParamDef" scope="singleton">
			<property name="name"><value>pi_network_id</value></property>
			<property name="mapTo"><value>pi_network_id</value></property>
			<property name="type"><ref bean="java.sql.Types.BIGINT"></ref></property>
			<property name="position"><value>3</value></property>
			<property name="parameterType"><ref bean="net.bcgi.util.db.ParamDef.IN"></ref></property>
	</bean>
	<bean id="pro_get_recharge_info_param_4"
			class="net.bcgi.util.db.ParamDef" scope="singleton">
			<property name="name"><value>pi_chanel_type</value></property>
			<property name="mapTo"><value>pi_chanel_type</value></property>
			<property name="type"><ref bean="java.sql.Types.VARCHAR"></ref></property>
			<property name="position"><value>4</value></property>
			<property name="parameterType"><ref bean="net.bcgi.util.db.ParamDef.IN"></ref></property>
	</bean>
		<bean id="pro_get_recharge_info_param_5"
			class="net.bcgi.util.db.ParamDef" scope="singleton">
			<property name="name"><value>pi_days</value></property>
			<property name="mapTo"><value>pi_days</value></property>
			<property name="type"><ref bean="java.sql.Types.BIGINT"></ref></property>
			<property name="position"><value>5</value></property>
			<property name="parameterType"><ref bean="net.bcgi.util.db.ParamDef.IN"></ref></property>
	</bean>
	<bean id="pro_get_recharge_info_param_6"
			class="net.bcgi.util.db.ParamDef" scope="singleton">
			<property name="name"><value>pi_currency</value></property>
			<property name="mapTo"><value>pi_currency</value></property>
			<property name="type"><ref bean="java.sql.Types.VARCHAR"></ref></property>
			<property name="position"><value>6</value></property>
			<property name="parameterType"><ref bean="net.bcgi.util.db.ParamDef.IN"></ref></property>
	</bean>
		<bean id="pro_get_recharge_info_param_7"
			class="net.bcgi.util.db.ParamDef" scope="singleton">
			<property name="name"><value>pi_comments</value></property>
			<property name="mapTo"><value>pi_comments</value></property>
			<property name="type"><ref bean="java.sql.Types.VARCHAR"></ref></property>
			<property name="position"><value>7</value></property>
			<property name="parameterType"><ref bean="net.bcgi.util.db.ParamDef.IN"></ref></property>
	</bean>
	<bean id="pro_get_recharge_info_param_8"
			class="net.bcgi.util.db.ParamDef" scope="singleton">
			<property name="name"><value>pi_rc_code</value></property>
			<property name="mapTo"><value>pi_rc_code</value></property>
			<property name="type"><ref bean="java.sql.Types.VARCHAR"></ref></property>
			<property name="position"><value>8</value></property>
			<property name="parameterType"><ref bean="net.bcgi.util.db.ParamDef.IN"></ref></property>
	</bean>
	
	<bean id="pro_get_recharge_info_param_9"
			class="net.bcgi.util.db.ParamDef" scope="singleton">
			<property name="name"><value>pi_external_trans_id</value></property>
			<property name="mapTo"><value>pi_external_trans_id</value></property>
			<property name="type"><ref bean="java.sql.Types.VARCHAR"></ref></property>
			<property name="position"><value>9</value></property>
			<property name="parameterType"><ref bean="net.bcgi.util.db.ParamDef.IN"></ref></property>
	</bean>
	
	<bean id="pro_get_recharge_info_param_10"
			class="net.bcgi.util.db.ParamDef" scope="singleton">
			<property name="name"><value>pi_user_id</value></property>
			<property name="mapTo"><value>pi_user_id</value></property>
			<property name="type"><ref bean="java.sql.Types.VARCHAR"></ref></property>
			<property name="position"><value>10</value></property>
			<property name="parameterType"><ref bean="net.bcgi.util.db.ParamDef.IN"></ref></property>
	</bean>
	
	<bean id="pro_get_recharge_info_param_11"
			class="net.bcgi.util.db.ParamDef" scope="singleton">
			<property name="name"><value>pi_account_id</value></property>
			<property name="mapTo"><value>pi_account_id</value></property>
			<property name="type"><ref bean="java.sql.Types.BIGINT"></ref></property>
			<property name="position"><value>11</value></property>
			<property name="parameterType"><ref bean="net.bcgi.util.db.ParamDef.IN"></ref></property>
	</bean>
		<bean id="pro_get_recharge_info_param_12"
			class="net.bcgi.util.db.ParamDef" scope="singleton">
			<property name="name"><value>pi_mrp</value></property>
			<property name="mapTo"><value>pi_mrp</value></property>
			<property name="type"><ref bean="java.sql.Types.DECIMAL"></ref></property>
			<property name="position"><value>12</value></property>
			
			<property name="parameterType"><ref bean="net.bcgi.util.db.ParamDef.IN"></ref></property>
	</bean>
	<bean id="pro_get_recharge_info_param_13"
			class="net.bcgi.util.db.ParamDef" scope="singleton">
			<property name="name"><value>pi_rc_category</value></property>
			<property name="mapTo"><value>pi_rc_category</value></property>
			<property name="type"><ref bean="java.sql.Types.VARCHAR"></ref></property>
			<property name="position"><value>13</value></property>
			
			<property name="parameterType"><ref bean="net.bcgi.util.db.ParamDef.IN"></ref></property>
	</bean>
	
		<bean id="pro_get_recharge_info_param_14"
			class="net.bcgi.util.db.ParamDef" scope="singleton">
			<property name="name"><value>po_bal_id</value></property>
			<property name="mapTo"><value>po_bal_id</value></property>
			<property name="type"><ref bean="java.sql.Types.ARRAY"></ref></property>
			<property name="position"><value>14</value></property>
			<property name="arrayName"><value>ARR_VARCHAR</value></property>
			<property name="parameterType"><ref bean="net.bcgi.util.db.ParamDef.OUT"></ref></property>
	</bean>
	<bean id="pro_get_recharge_info_param_15"
			class="net.bcgi.util.db.ParamDef" scope="singleton">
			<property name="name"><value>po_bal_amt</value></property>
			<property name="mapTo"><value>po_bal_amt</value></property>
			<property name="type"><ref bean="java.sql.Types.ARRAY"></ref></property>
			<property name="position"><value>15</value></property>
			<property name="arrayName"><value>ARR_NUMB</value></property>
			<property name="parameterType"><ref bean="net.bcgi.util.db.ParamDef.OUT"></ref></property>
	</bean>

		<bean id="pro_get_recharge_info_param_16"
			class="net.bcgi.util.db.ParamDef" scope="singleton">
			<property name="name"><value>po_bal_validity</value></property>
			<property name="mapTo"><value>po_bal_validity</value></property>
			<property name="type"><ref bean="java.sql.Types.ARRAY"></ref></property>
			<property name="position"><value>16</value></property>
			<property name="arrayName"><value>ARR_VARCHAR</value></property>
			<property name="parameterType"><ref bean="net.bcgi.util.db.ParamDef.OUT"></ref></property>
	</bean>
	<bean id="pro_get_recharge_info_param_17"
			class="net.bcgi.util.db.ParamDef" scope="singleton">
			<property name="name"><value>po_trans_id</value></property>
			<property name="mapTo"><value>po_trans_id</value></property>
			<property name="type"><ref bean="java.sql.Types.VARCHAR"></ref></property>
			<property name="position"><value>17</value></property>
			<property name="parameterType"><ref bean="net.bcgi.util.db.ParamDef.OUT"></ref></property>
	</bean>
		<bean id="pro_get_recharge_info_param_18"
			class="net.bcgi.util.db.ParamDef" scope="singleton">
			<property name="name"><value>po_balance_name</value></property>
			<property name="mapTo"><value>po_balance_name</value></property>
			<property name="type"><ref bean="java.sql.Types.ARRAY"></ref></property>
			<property name="position"><value>18</value></property>
			<property name="arrayName"><value>ARR_VARCHAR</value></property>
			<property name="parameterType"><ref bean="net.bcgi.util.db.ParamDef.OUT"></ref></property>
	</bean>

	<bean id="pro_get_recharge_info_param_19"
			class="net.bcgi.util.db.ParamDef" scope="singleton">
			<property name="name"><value>po_tp_id</value></property>
			<property name="mapTo"><value>po_tp_id</value></property>
			<property name="type"><ref bean="java.sql.Types.BIGINT"></ref></property>
			<property name="position"><value>19</value></property>
			<property name="parameterType"><ref bean="net.bcgi.util.db.ParamDef.OUT"></ref></property>
	</bean>
		<bean id="pro_get_recharge_info_param_20"
			class="net.bcgi.util.db.ParamDef" scope="singleton">
			<property name="name"><value>po_voucher_profile_id</value></property>
			<property name="mapTo"><value>po_voucher_profile_id</value></property>
			<property name="type"><ref bean="java.sql.Types.BIGINT"></ref></property>
			<property name="position"><value>20</value></property>
			<property name="parameterType"><ref bean="net.bcgi.util.db.ParamDef.OUT"></ref></property>
	</bean>
	<bean id="pro_get_recharge_info_param_21"
			class="net.bcgi.util.db.ParamDef" scope="singleton">
			<property name="name"><value>po_old_validity</value></property>
			<property name="mapTo"><value>po_old_validity</value></property>
			<property name="type"><ref bean="java.sql.Types.VARCHAR"></ref></property>
			<property name="position"><value>21</value></property>
			<property name="parameterType"><ref bean="net.bcgi.util.db.ParamDef.OUT"></ref></property>
	</bean>

		<bean id="pro_get_recharge_info_param_22"
			class="net.bcgi.util.db.ParamDef" scope="singleton">
			<property name="name"><value>po_voucher_serial_no</value></property>
			<property name="mapTo"><value>po_voucher_serial_no</value></property>
			<property name="type"><ref bean="java.sql.Types.VARCHAR"></ref></property>
			<property name="position"><value>22</value></property>
			<property name="parameterType"><ref bean="net.bcgi.util.db.ParamDef.OUT"></ref></property>
	</bean>
	<bean id="pro_get_recharge_info_param_23"
			class="net.bcgi.util.db.ParamDef" scope="singleton">
			<property name="name"><value>po_core_bal_amnt</value></property>
			<property name="mapTo"><value>po_core_bal_amnt</value></property>
			<property name="type"><ref bean="java.sql.Types.DECIMAL"></ref></property>
			<property name="position"><value>23</value></property>
			<property name="parameterType"><ref bean="net.bcgi.util.db.ParamDef.OUT"></ref></property>
	</bean>

		<bean id="pro_get_recharge_info_param_24"
			class="net.bcgi.util.db.ParamDef" scope="singleton">
			<property name="name"><value>po_validity_date</value></property>
			<property name="mapTo"><value>po_validity_date</value></property>
			<property name="type"><ref bean="java.sql.Types.VARCHAR"></ref></property>
			<property name="position"><value>24</value></property>
			<property name="parameterType"><ref bean="net.bcgi.util.db.ParamDef.OUT"></ref></property>
	</bean>
	<bean id="pro_get_recharge_info_param_25"
			class="net.bcgi.util.db.ParamDef" scope="singleton">
			<property name="name"><value>po_g1_end_date</value></property>
			<property name="mapTo"><value>po_g1_end_date</value></property>
			<property name="type"><ref bean="java.sql.Types.VARCHAR"></ref></property>
			<property name="position"><value>25</value></property>
			<property name="parameterType"><ref bean="net.bcgi.util.db.ParamDef.OUT"></ref></property>
	</bean>


		<bean id="pro_get_recharge_info_param_26"
			class="net.bcgi.util.db.ParamDef" scope="singleton">
			<property name="name"><value>po_g2_end_date</value></property>
			<property name="mapTo"><value>po_g2_end_date</value></property>
			<property name="type"><ref bean="java.sql.Types.VARCHAR"></ref></property>
			<property name="position"><value>26</value></property>
			<property name="parameterType"><ref bean="net.bcgi.util.db.ParamDef.OUT"></ref></property>
	</bean>
	<bean id="pro_get_recharge_info_param_27"
			class="net.bcgi.util.db.ParamDef" scope="singleton">
			<property name="name"><value>po_g3_end_date</value></property>
			<property name="mapTo"><value>po_g3_end_date</value></property>
			<property name="type"><ref bean="java.sql.Types.VARCHAR"></ref></property>
			<property name="position"><value>27</value></property>
			<property name="parameterType"><ref bean="net.bcgi.util.db.ParamDef.OUT"></ref></property>
	</bean>

		<bean id="pro_get_recharge_info_param_28"
			class="net.bcgi.util.db.ParamDef" scope="singleton">
			<property name="name"><value>po_g4_end_date_ex_date</value></property>
			<property name="mapTo"><value>po_g4_end_date_ex_date</value></property>
			<property name="type"><ref bean="java.sql.Types.VARCHAR"></ref></property>
			<property name="position"><value>28</value></property>
			<property name="parameterType"><ref bean="net.bcgi.util.db.ParamDef.OUT"></ref></property>
	</bean>
	<bean id="pro_get_recharge_info_param_29"
			class="net.bcgi.util.db.ParamDef" scope="singleton">
			<property name="name"><value>po_rc_id</value></property>
			<property name="mapTo"><value>po_rc_id</value></property>
			<property name="type"><ref bean="java.sql.Types.VARCHAR"></ref></property>
			<property name="position"><value>29</value></property>
			<property name="parameterType"><ref bean="net.bcgi.util.db.ParamDef.OUT"></ref></property>
	</bean>
	<bean id="pro_get_recharge_info_param_30"
			class="net.bcgi.util.db.ParamDef" scope="singleton">
			<property name="name"><value>po_charge</value></property>
			<property name="mapTo"><value>po_charge</value></property>
			<property name="type"><ref bean="java.sql.Types.DECIMAL"></ref></property>
			<property name="position"><value>30</value></property>
			<property name="parameterType"><ref bean="net.bcgi.util.db.ParamDef.OUT"></ref></property>
	</bean>
	
	<bean id="pro_get_recharge_info_param_31"
			class="net.bcgi.util.db.ParamDef" scope="singleton">
			<property name="name"><value>po_rc_category</value></property>
			<property name="mapTo"><value>po_rc_category</value></property>
			<property name="type"><ref bean="java.sql.Types.VARCHAR"></ref></property>
			<property name="position"><value>31</value></property>
			<property name="parameterType"><ref bean="net.bcgi.util.db.ParamDef.OUT"></ref></property>
	</bean>
	<bean id="pro_get_recharge_info_param_32"
			class="net.bcgi.util.db.ParamDef" scope="singleton">
			<property name="name"><value>po_activity_id</value></property>
			<property name="mapTo"><value>po_activity_id</value></property>
			<property name="type"><ref bean="java.sql.Types.BIGINT"></ref></property>
			<property name="position"><value>32</value></property>
			<property name="parameterType"><ref bean="net.bcgi.util.db.ParamDef.OUT"></ref></property>
	</bean>
	<bean id="pro_get_recharge_info_param_33"
			class="net.bcgi.util.db.ParamDef" scope="singleton">
			<property name="name"><value>po_error_code</value></property>
			<property name="mapTo"><value>po_error_code</value></property>
			<property name="type"><ref bean="java.sql.Types.BIGINT"></ref></property>
			<property name="position"><value>33</value></property>
			<property name="parameterType"><ref bean="net.bcgi.util.db.ParamDef.OUT"></ref></property>
	</bean>
	<bean id="pro_get_recharge_info_param_34" class="net.bcgi.util.db.ParamDef" scope="singleton">
			<property name="name"><value>po_error_desc</value></property>
			<property name="mapTo"><value>po_error_mesg</value></property>
			<property name="type"><ref bean="java.sql.Types.VARCHAR"></ref></property>
			<property name="position"><value>34</value></property>
			<property name="parameterType"><ref bean="net.bcgi.util.db.ParamDef.OUT"></ref></property>
	</bean>
 </beans>
