<?xml version="1.0" encoding="UTF-8" ?>

<!DOCTYPE beans PUBLIC "-//SPRING//DTD BEAN//EN" "http://www.springframework.org/dtd/spring-beans.dtd">
<beans>
	<!--  import standard constants used in all bean files -->
	<!-- start pro_get_rct_products -->
	<bean id="pro_get_rct_products" class="net.bcgi.util.db.SPDefinition" scope="singleton">
		<property name="name"><value>cs_pkg_rct_management.pro_get_rct_products</value></property>
		<property name="returnsResult"><value>false</value></property>
		<property name="parameters">
			<list>
				<ref bean="pro_get_rct_products_param_1"></ref>
				<ref bean="pro_get_rct_products_param_2"></ref>
				<ref bean="pro_get_rct_products_param_3"></ref>
				<ref bean="pro_get_rct_products_param_4"></ref>
				<ref bean="pro_get_rct_products_param_5"></ref>
			</list>
		</property>
	<property name="refCursors">
				<map>
				<entry key="3">
					<ref bean="po_rct_dtls"/>
				</entry>
			</map>		
		</property>
	</bean>
	<bean id="po_rct_dtls"
		class="net.bcgi.util.db.ResultSetDef" scope="prototype">
		<property name="resultSetParams">
			<list>
				<ref bean="pro_get_rct_products_cursor_param_1"></ref>
				<ref bean="pro_get_rct_products_cursor_param_2"></ref>
				<ref bean="pro_get_rct_products_cursor_param_3"></ref>
				<ref bean="pro_get_rct_products_cursor_param_4"></ref>
				<ref bean="pro_get_rct_products_cursor_param_5"></ref>
				<ref bean="pro_get_rct_products_cursor_param_6"></ref>
				<ref bean="pro_get_rct_products_cursor_param_7"></ref>
				<ref bean="pro_get_rct_products_cursor_param_8"></ref>
				<ref bean="pro_get_rct_products_cursor_param_9"></ref>
				<ref bean="pro_get_rct_products_cursor_param_10"></ref>
			</list>
		</property>
		<property name="className" value="com.xius.billing.agent.domaindata.impl.balance.RCTDetailsCursorData"/>
	</bean>

		<bean id="pro_get_rct_products_cursor_param_1" class="net.bcgi.util.db.ResultSetParam" scope="singleton">
	  <property name="procedureColumnName"><value>category_name</value></property>
	  <property name="mapTo"><value>category_name</value></property>
	  <property name="columnType"><ref bean="java.sql.Types.VARCHAR"></ref></property>
	  <property name="position"><value>1</value></property>
	</bean>
	<bean id="pro_get_rct_products_cursor_param_2" class="net.bcgi.util.db.ResultSetParam" scope="singleton">
	  <property name="procedureColumnName"><value>rc_code</value></property>
	  <property name="mapTo"><value>rc_code</value></property>
	  <property name="columnType"><ref bean="java.sql.Types.VARCHAR"></ref></property>
	  <property name="position"><value>2</value></property>
	</bean>
	<bean id="pro_get_rct_products_cursor_param_3" class="net.bcgi.util.db.ResultSetParam" scope="singleton">
	  <property name="procedureColumnName"><value>airtime</value></property>
	  <property name="mapTo"><value>airtime</value></property>
	  <property name="columnType"><ref bean="java.sql.Types.VARCHAR"></ref></property>
	  <property name="position"><value>3</value></property>
	</bean>
	<bean id="pro_get_rct_products_cursor_param_4" class="net.bcgi.util.db.ResultSetParam" scope="singleton">
	  <property name="procedureColumnName"><value>additional_charges</value></property>
	  <property name="mapTo"><value>additional_charges</value></property>
	  <property name="columnType"><ref bean="java.sql.Types.DECIMAL"></ref></property>
	  <property name="position"><value>4</value></property>
	</bean>
	<bean id="pro_get_rct_products_cursor_param_5" class="net.bcgi.util.db.ResultSetParam" scope="singleton">
	  <property name="procedureColumnName"><value>is_first_recharge_yn</value></property>
	  <property name="mapTo"><value>first_recharge_yn</value></property>
	  <property name="columnType"><ref bean="java.sql.Types.VARCHAR"></ref></property>
	  <property name="position"><value>5</value></property>
	</bean>
	<bean id="pro_get_rct_products_cursor_param_6" class="net.bcgi.util.db.ResultSetParam" scope="singleton">
	  <property name="procedureColumnName"><value>atp_details</value></property>
	  <property name="mapTo"><value>atp_details</value></property>
	  <property name="columnType"><ref bean="java.sql.Types.VARCHAR"></ref></property>
	  <property name="position"><value>6</value></property>
	</bean>
	<bean id="pro_get_rct_products_cursor_param_7" class="net.bcgi.util.db.ResultSetParam" scope="singleton">
	  <property name="procedureColumnName"><value>balance_details</value></property>
	  <property name="mapTo"><value>balance_details</value></property>
	  <property name="columnType"><ref bean="java.sql.Types.VARCHAR"></ref></property>
	  <property name="position"><value>7</value></property>
	</bean>
	<bean id="pro_get_rct_products_cursor_param_8" class="net.bcgi.util.db.ResultSetParam" scope="singleton">
	  <property name="procedureColumnName"><value>description</value></property>
	  <property name="mapTo"><value>description</value></property>
	  <property name="columnType"><ref bean="java.sql.Types.VARCHAR"></ref></property>
	  <property name="position"><value>8</value></property>
	</bean>
	<bean id="pro_get_rct_products_cursor_param_9" class="net.bcgi.util.db.ResultSetParam" scope="singleton">
	  <property name="procedureColumnName"><value>channel</value></property>
	  <property name="mapTo"><value>channel</value></property>
	  <property name="columnType"><ref bean="java.sql.Types.VARCHAR"></ref></property>
	  <property name="position"><value>9</value></property>
	</bean>
	<bean id="pro_get_rct_products_cursor_param_10" class="net.bcgi.util.db.ResultSetParam" scope="singleton">
	  <property name="procedureColumnName"><value>mrp</value></property>
	  <property name="mapTo"><value>mrp</value></property>
	  <property name="columnType"><ref bean="java.sql.Types.DECIMAL"></ref></property>
	  <property name="position"><value>10</value></property>
	</bean>
	
	
	
	
	<bean id="pro_get_rct_products_param_1"
			class="net.bcgi.util.db.ParamDef" scope="singleton">
			<property name="name"><value>pi_network_id</value></property>
			<property name="mapTo"><value>pi_network_id</value></property>
			<property name="type"><ref bean="java.sql.Types.BIGINT"></ref></property>
			<property name="position"><value>1</value></property>
			<property name="parameterType"><ref bean="net.bcgi.util.db.ParamDef.IN"></ref></property>
	</bean>
	<bean id="pro_get_rct_products_param_2"
			class="net.bcgi.util.db.ParamDef" scope="singleton">
			<property name="name"><value>pi_channel</value></property>
			<property name="mapTo"><value>channel</value></property>
			<property name="type"><ref bean="java.sql.Types.VARCHAR"></ref></property>
			<property name="position"><value>2</value></property>
			<property name="parameterType"><ref bean="net.bcgi.util.db.ParamDef.IN"></ref></property>
	</bean>
	<bean id="pro_get_rct_products_param_3"
			class="net.bcgi.util.db.ParamDef" scope="singleton">
			<property name="name"><value>po_rct_dtls</value></property>
			<property name="mapTo"><value>po_rct_dtls</value></property>
		 	<property name="type"><ref bean="oracle.jdbc.driver.OracleTypes.CURSOR"></ref></property>
			<property name="position"><value>3</value></property>
			<property name="parameterType"><ref bean="net.bcgi.util.db.ParamDef.OUT"></ref></property>
	</bean>
	<bean id="pro_get_rct_products_param_4"
			class="net.bcgi.util.db.ParamDef" scope="singleton">
			<property name="name"><value>po_error_code</value></property>
			<property name="mapTo"><value>po_error_code</value></property>
			<property name="type"><ref bean="java.sql.Types.BIGINT"></ref></property>
			<property name="position"><value>4</value></property>
			<property name="parameterType"><ref bean="net.bcgi.util.db.ParamDef.OUT"></ref></property>
	</bean>
	<bean id="pro_get_rct_products_param_5" class="net.bcgi.util.db.ParamDef" scope="singleton">
			<property name="name"><value>po_error_desc</value></property>
			<property name="mapTo"><value>po_error_mesg</value></property>
			<property name="type"><ref bean="java.sql.Types.VARCHAR"></ref></property>
			<property name="position"><value>5</value></property>
			<property name="parameterType"><ref bean="net.bcgi.util.db.ParamDef.OUT"></ref></property>
	</bean>
 </beans>
