<?xml version="1.0" encoding="UTF-8" ?>

<!DOCTYPE beans PUBLIC "-//SPRING//DTD BEAN//EN" "http://www.springframework.org/dtd/spring-beans.dtd">
<beans>
	<!--  import standard constants used in all bean files -->
	<!-- start pro_rct_pre_load_info -->
	<bean id="pro_rct_pre_load_info" class="net.bcgi.util.db.SPDefinition" scope="singleton">
		<property name="name"><value>cs_pkg_rct_management.pro_rct_pre_load_info</value></property>
		<property name="returnsResult"><value>false</value></property>
		<property name="parameters">
			<list>
				<ref bean="pro_rct_pre_load_info_param_1"></ref>
				<ref bean="pro_rct_pre_load_info_param_2"></ref>
				<ref bean="pro_rct_pre_load_info_param_3"></ref>
				<ref bean="pro_rct_pre_load_info_param_4"></ref>
				<ref bean="pro_rct_pre_load_info_param_5"></ref>
				<ref bean="pro_rct_pre_load_info_param_6"></ref>
				<ref bean="pro_rct_pre_load_info_param_7"></ref>
				<ref bean="pro_rct_pre_load_info_param_8"></ref>
				<ref bean="pro_rct_pre_load_info_param_9"></ref>
				<ref bean="pro_rct_pre_load_info_param_10"></ref>
			</list>
		</property>
	<property name="refCursors">
				<map>
					<entry key="3">
					<ref bean="po_tariff_package_dtls"/>
				</entry>
				<entry key="4">
					<ref bean="po_subscategory_dtls"/>
				</entry>
				<entry key="5">
					<ref bean="po_rc_category_dtls"/>
				</entry>
			
				<entry key="6">
					<ref bean="po_balnce_id_dtls"/>
				</entry>
				<entry key="7">
					<ref bean="po_atp_dtls"/>
				</entry>
				<entry key="8">
					<ref bean="po_channel_dtls"/>
				</entry>
			
			</map>		
		</property>
	</bean>
	<bean id="po_tariff_package_dtls"
		class="net.bcgi.util.db.ResultSetDef" scope="prototype">
		<property name="resultSetParams">
			<list>
				<ref bean="po_tariff_package_dtls_param_1"></ref>
				<ref bean="po_tariff_package_dtls_param_2"></ref>
			
			</list>
	
		</property>
		<property name="className" value="com.xius.billing.agent.domaindata.impl.balance.TariffPackDetailsData"/>
	</bean>

		<bean id="po_tariff_package_dtls_param_1" class="net.bcgi.util.db.ResultSetParam" scope="singleton">
	  <property name="procedureColumnName"><value>tariff_package_desc</value></property>
	  <property name="mapTo"><value>tariff_package_desc</value></property>
	  <property name="columnType"><ref bean="java.sql.Types.VARCHAR"></ref></property>
	  <property name="position"><value>1</value></property>
	</bean>
	<bean id="po_tariff_package_dtls_param_2" class="net.bcgi.util.db.ResultSetParam" scope="singleton">
	  <property name="procedureColumnName"><value>tariff_package_id</value></property>
	  <property name="mapTo"><value>tariff_package_id</value></property>
	  <property name="columnType"><ref bean="java.sql.Types.BIGINT"></ref></property>
	  <property name="position"><value>2</value></property>
	</bean>
	
	<bean id="po_subscategory_dtls"
		class="net.bcgi.util.db.ResultSetDef" scope="prototype">
		<property name="resultSetParams">
			<list>
				<ref bean="po_subscategory_dtls_param_1"></ref>
				<ref bean="po_subscategory_dtls_param_2"></ref>
			
			</list>
	
		</property>
		<property name="className" value="com.xius.billing.agent.domaindata.impl.balance.SubsCategoryDetailsData"/>
	</bean>

		
	<bean id="po_subscategory_dtls_param_1" class="net.bcgi.util.db.ResultSetParam" scope="singleton">
	  <property name="procedureColumnName"><value>catgory_id</value></property>
	  <property name="mapTo"><value>catgory_id</value></property>
	  <property name="columnType"><ref bean="java.sql.Types.BIGINT"></ref></property>
	  <property name="position"><value>1</value></property>
	</bean>
	<bean id="po_subscategory_dtls_param_2" class="net.bcgi.util.db.ResultSetParam" scope="singleton">
	  <property name="procedureColumnName"><value>category_name</value></property>
	  <property name="mapTo"><value>category_name</value></property>
	  <property name="columnType"><ref bean="java.sql.Types.VARCHAR"></ref></property>
	  <property name="position"><value>2</value></property>
	</bean>
	
	
	<bean id="po_rc_category_dtls"
		class="net.bcgi.util.db.ResultSetDef" scope="prototype">
		<property name="resultSetParams">
			<list>
				<ref bean="po_rc_category_dtls_param_1"></ref>
				<ref bean="po_rc_category_dtls_param_2"></ref>
			
			</list>
	
		</property>
		<property name="className" value="com.xius.billing.agent.domaindata.impl.balance.RcCategoryDetailsData"/>
	</bean>

		
	<bean id="po_rc_category_dtls_param_1" class="net.bcgi.util.db.ResultSetParam" scope="singleton">
	  <property name="procedureColumnName"><value>catgory_id</value></property>
	  <property name="mapTo"><value>catgory_id</value></property>
	  <property name="columnType"><ref bean="java.sql.Types.BIGINT"></ref></property>
	  <property name="position"><value>1</value></property>
	</bean>
	<bean id="po_rc_category_dtls_param_2" class="net.bcgi.util.db.ResultSetParam" scope="singleton">
	  <property name="procedureColumnName"><value>category_name</value></property>
	  <property name="mapTo"><value>category_name</value></property>
	  <property name="columnType"><ref bean="java.sql.Types.VARCHAR"></ref></property>
	  <property name="position"><value>2</value></property>
	</bean>
	
	
	<bean id="po_balnce_id_dtls"
		class="net.bcgi.util.db.ResultSetDef" scope="prototype">
		<property name="resultSetParams">
			<list>
				<ref bean="po_balnce_id_dtls_param_1"></ref>
				<ref bean="po_balnce_id_dtls_param_2"></ref>
				<ref bean="po_balnce_id_dtls_param_3"></ref>
				<ref bean="po_balnce_id_dtls_param_4"></ref>
			
			</list>
	
		</property>
		<property name="className" value="com.xius.billing.agent.domaindata.impl.balance.BalanceIdDetailsData"/>
	</bean>

		
	<bean id="po_balnce_id_dtls_param_1" class="net.bcgi.util.db.ResultSetParam" scope="singleton">
	  <property name="procedureColumnName"><value>bucket_name</value></property>
	  <property name="mapTo"><value>bucket_name</value></property>
	  <property name="columnType"><ref bean="java.sql.Types.VARCHAR"></ref></property>
	  <property name="position"><value>1</value></property>
	</bean>
	<bean id="po_balnce_id_dtls_param_2" class="net.bcgi.util.db.ResultSetParam" scope="singleton">
	  <property name="procedureColumnName"><value>balance_category</value></property>
	  <property name="mapTo"><value>balance_category</value></property>
	  <property name="columnType"><ref bean="java.sql.Types.VARCHAR"></ref></property>
	  <property name="position"><value>2</value></property>
	</bean>
	<bean id="po_balnce_id_dtls_param_3" class="net.bcgi.util.db.ResultSetParam" scope="singleton">
	  <property name="procedureColumnName"><value>bucket_unit_type</value></property>
	  <property name="mapTo"><value>bucket_unit_type</value></property>
	  <property name="columnType"><ref bean="java.sql.Types.VARCHAR"></ref></property>
	  <property name="position"><value>3</value></property>
	</bean>
	<bean id="po_balnce_id_dtls_param_4" class="net.bcgi.util.db.ResultSetParam" scope="singleton">
	  <property name="procedureColumnName"><value>balance_id</value></property>
	  <property name="mapTo"><value>balance_id</value></property>
	  <property name="columnType"><ref bean="java.sql.Types.BIGINT"></ref></property>
	  <property name="position"><value>4</value></property>
	</bean>
	
	
	<bean id="po_atp_dtls"
		class="net.bcgi.util.db.ResultSetDef" scope="prototype">
		<property name="resultSetParams">
			<list>
				<ref bean="po_atp_dtls_param_1"></ref>
				<ref bean="po_atp_dtls_param_2"></ref>
				<ref bean="po_atp_dtls_param_3"></ref>
			
			
			</list>
	
		</property>
		<property name="className" value="com.xius.billing.agent.domaindata.impl.balance.ATPDetailsData"/>
	</bean>

	
	<bean id="po_atp_dtls_param_1" class="net.bcgi.util.db.ResultSetParam" scope="singleton">
	  <property name="procedureColumnName"><value>service_package_desc</value></property>
	  <property name="mapTo"><value>service_package_desc</value></property>
	  <property name="columnType"><ref bean="java.sql.Types.VARCHAR"></ref></property>
	  <property name="position"><value>1</value></property>
	</bean>
	<bean id="po_atp_dtls_param_2" class="net.bcgi.util.db.ResultSetParam" scope="singleton">
	  <property name="procedureColumnName"><value>service_package_id</value></property>
	  <property name="mapTo"><value>service_package_id</value></property>
	  <property name="columnType"><ref bean="java.sql.Types.BIGINT"></ref></property>
	  <property name="position"><value>2</value></property>
	</bean>
	<bean id="po_atp_dtls_param_3" class="net.bcgi.util.db.ResultSetParam" scope="singleton">
	  <property name="procedureColumnName"><value>publicity_id</value></property>
	  <property name="mapTo"><value>publicity_id</value></property>
	  <property name="columnType"><ref bean="java.sql.Types.VARCHAR"></ref></property>
	  <property name="position"><value>3</value></property>
	</bean>
	
	<bean id="po_channel_dtls"
		class="net.bcgi.util.db.ResultSetDef" scope="prototype">
		<property name="resultSetParams">
			<list>
				<ref bean="po_channel_dtls_param_1"></ref>
				<ref bean="po_channel_dtls_param_2"></ref>
			
			</list>
	
		</property>
		<property name="className" value="com.xius.billing.agent.domaindata.impl.balance.ChannelDetailsData"/>
	</bean>

		
	<bean id="po_channel_dtls_param_1" class="net.bcgi.util.db.ResultSetParam" scope="singleton">
	  <property name="procedureColumnName"><value>channel_id</value></property>
	  <property name="mapTo"><value>channel_id</value></property>
	  <property name="columnType"><ref bean="java.sql.Types.VARCHAR"></ref></property>
	  <property name="position"><value>1</value></property>
	</bean>
	<bean id="po_channel_dtls_param_2" class="net.bcgi.util.db.ResultSetParam" scope="singleton">
	  <property name="procedureColumnName"><value>channel_name</value></property>
	  <property name="mapTo"><value>channel_name</value></property>
	  <property name="columnType"><ref bean="java.sql.Types.VARCHAR"></ref></property>
	  <property name="position"><value>2</value></property>
	</bean>
	
	
	<bean id="pro_rct_pre_load_info_param_1"
			class="net.bcgi.util.db.ParamDef" scope="singleton">
			<property name="name"><value>pi_network_id</value></property>
			<property name="mapTo"><value>pi_network_id</value></property>
			<property name="type"><ref bean="java.sql.Types.BIGINT"></ref></property>
			<property name="position"><value>1</value></property>
			<property name="parameterType"><ref bean="net.bcgi.util.db.ParamDef.IN"></ref></property>
	</bean>
	<bean id="pro_rct_pre_load_info_param_2"
			class="net.bcgi.util.db.ParamDef" scope="singleton">
			<property name="name"><value>pi_tariff_package_id</value></property>
			<property name="mapTo"><value>pi_tariff_package_id</value></property>
			<property name="type"><ref bean="java.sql.Types.BIGINT"></ref></property>
			<property name="position"><value>2</value></property>
			<property name="parameterType"><ref bean="net.bcgi.util.db.ParamDef.IN"></ref></property>
	</bean>
	<bean id="pro_rct_pre_load_info_param_3"
			class="net.bcgi.util.db.ParamDef" scope="singleton">
			<property name="name"><value>po_tariff_package_dtls</value></property>
			<property name="mapTo"><value>po_tariff_package_dtls</value></property>
		 	<property name="type"><ref bean="oracle.jdbc.driver.OracleTypes.CURSOR"></ref></property>
			<property name="position"><value>3</value></property>
			<property name="parameterType"><ref bean="net.bcgi.util.db.ParamDef.OUT"></ref></property>
	</bean>
	<bean id="pro_rct_pre_load_info_param_4"
			class="net.bcgi.util.db.ParamDef" scope="singleton">
			<property name="name"><value>po_subscategory_dtls</value></property>
			<property name="mapTo"><value>po_subscategory_dtls</value></property>
		 	<property name="type"><ref bean="oracle.jdbc.driver.OracleTypes.CURSOR"></ref></property>
			<property name="position"><value>4</value></property>
			<property name="parameterType"><ref bean="net.bcgi.util.db.ParamDef.OUT"></ref></property>
	</bean>
	<bean id="pro_rct_pre_load_info_param_5"
			class="net.bcgi.util.db.ParamDef" scope="singleton">
			<property name="name"><value>po_rc_category_dtls</value></property>
			<property name="mapTo"><value>po_rc_category_dtls</value></property>
		 	<property name="type"><ref bean="oracle.jdbc.driver.OracleTypes.CURSOR"></ref></property>
			<property name="position"><value>5</value></property>
			<property name="parameterType"><ref bean="net.bcgi.util.db.ParamDef.OUT"></ref></property>
	</bean>
	<bean id="pro_rct_pre_load_info_param_6"
			class="net.bcgi.util.db.ParamDef" scope="singleton">
			<property name="name"><value>po_balnce_id_dtls</value></property>
			<property name="mapTo"><value>po_balnce_id_dtls</value></property>
		 	<property name="type"><ref bean="oracle.jdbc.driver.OracleTypes.CURSOR"></ref></property>
			<property name="position"><value>6</value></property>
			<property name="parameterType"><ref bean="net.bcgi.util.db.ParamDef.OUT"></ref></property>
	</bean>
	<bean id="pro_rct_pre_load_info_param_7"
			class="net.bcgi.util.db.ParamDef" scope="singleton">
			<property name="name"><value>po_atp_dtls</value></property>
			<property name="mapTo"><value>po_atp_dtls</value></property>
		 	<property name="type"><ref bean="oracle.jdbc.driver.OracleTypes.CURSOR"></ref></property>
			<property name="position"><value>7</value></property>
			<property name="parameterType"><ref bean="net.bcgi.util.db.ParamDef.OUT"></ref></property>
	</bean>
	<bean id="pro_rct_pre_load_info_param_8"
			class="net.bcgi.util.db.ParamDef" scope="singleton">
			<property name="name"><value>po_channel_dtls</value></property>
			<property name="mapTo"><value>po_channel_dtls</value></property>
		 	<property name="type"><ref bean="oracle.jdbc.driver.OracleTypes.CURSOR"></ref></property>
			<property name="position"><value>8</value></property>
			<property name="parameterType"><ref bean="net.bcgi.util.db.ParamDef.OUT"></ref></property>
	</bean>
	
	
	<bean id="pro_rct_pre_load_info_param_9"
			class="net.bcgi.util.db.ParamDef" scope="singleton">
			<property name="name"><value>po_error_code</value></property>
			<property name="mapTo"><value>po_error_code</value></property>
			<property name="type"><ref bean="java.sql.Types.BIGINT"></ref></property>
			<property name="position"><value>9</value></property>
			<property name="parameterType"><ref bean="net.bcgi.util.db.ParamDef.OUT"></ref></property>
	</bean>
	<bean id="pro_rct_pre_load_info_param_10" class="net.bcgi.util.db.ParamDef" scope="singleton">
			<property name="name"><value>po_error_desc</value></property>
			<property name="mapTo"><value>po_error_mesg</value></property>
			<property name="type"><ref bean="java.sql.Types.VARCHAR"></ref></property>
			<property name="position"><value>10
			</value></property>
			<property name="parameterType"><ref bean="net.bcgi.util.db.ParamDef.OUT"></ref></property>
	</bean>
 </beans>
