<?xml version="1.0" encoding="UTF-8" ?>
<!--  Recharge (RC) products inquiry mapping file -->
<!DOCTYPE beans PUBLIC "-//SPRING//DTD BEAN//EN" "http://www.springframework.org/dtd/spring-beans.dtd">
<beans>
	<!--  import standard constants used in all bean files -->
	<!-- start pro_get_rct_products -->
	<bean id="pro_rc_trans_enquiry" class="net.bcgi.util.db.SPDefinition" scope="singleton">
		<property name="name"><value>cs_pkg_recharge_product_mgmt.pro_rc_trans_enquiry</value></property>
		<property name="returnsResult"><value>false</value></property>
		<property name="parameters">
			<list>
				<ref bean="pro_rc_trans_enquiry_param_1"></ref>
				<ref bean="pro_rc_trans_enquiry_param_2"></ref>
				<ref bean="pro_rc_trans_enquiry_param_3"></ref>
				<ref bean="pro_rc_trans_enquiry_param_4"></ref>
				<ref bean="pro_rc_trans_enquiry_param_5"></ref>
				<ref bean="pro_rc_trans_enquiry_param_6"></ref>
				<ref bean="pro_rc_trans_enquiry_param_7"></ref>
			</list>
		</property>
	<property name="refCursors">
				<map>
				<entry key="5">
					<ref bean="po_trans_details"/>
				</entry>
			</map>		
		</property>
	</bean>
		<bean id="po_trans_details"
		class="net.bcgi.util.db.ResultSetDef" scope="prototype">
		<property name="resultSetParams">
			<list>
				<ref bean="pro_rc_trans_enquiry_cursor_param_1"></ref>
				<ref bean="pro_rc_trans_enquiry_cursor_param_2"></ref>
				<ref bean="pro_rc_trans_enquiry_cursor_param_3"></ref>
				<ref bean="pro_rc_trans_enquiry_cursor_param_4"></ref>
				<ref bean="pro_rc_trans_enquiry_cursor_param_5"></ref>
				<ref bean="pro_rc_trans_enquiry_cursor_param_6"></ref>
				<ref bean="pro_rc_trans_enquiry_cursor_param_7"></ref>
				<ref bean="pro_rc_trans_enquiry_cursor_param_8"></ref>	
				<ref bean="pro_rc_trans_enquiry_cursor_param_9"></ref>
				<ref bean="pro_rc_trans_enquiry_cursor_param_10"></ref>
				<ref bean="pro_rc_trans_enquiry_cursor_param_11"></ref>
			</list>
		</property>
		<property name="className" value="com.xius.billing.agent.domaindata.impl.balance.RCInquiryCursorData"/>
	</bean>

<bean id="pro_rc_trans_enquiry_cursor_param_1" class="net.bcgi.util.db.ResultSetParam" scope="singleton">
	  <property name="procedureColumnName"><value>account_id</value></property>
	  <property name="mapTo"><value>account_id</value></property>
	  <property name="columnType"><ref bean="java.sql.Types.VARCHAR"></ref></property>
	  <property name="position"><value>1</value></property>
	</bean>
	<bean id="pro_rc_trans_enquiry_cursor_param_2" class="net.bcgi.util.db.ResultSetParam" scope="singleton">
	  <property name="procedureColumnName"><value>mrp</value></property>
	  <property name="mapTo"><value>mrp</value></property>
	  <property name="columnType"><ref bean="java.sql.Types.DECIMAL"></ref></property>
	  <property name="position"><value>2</value></property>
	</bean>	
	<bean id="pro_rc_trans_enquiry_cursor_param_3" class="net.bcgi.util.db.ResultSetParam" scope="singleton">
	  <property name="procedureColumnName"><value>rc_id</value></property>
	  <property name="mapTo"><value>rc_id</value></property>
	  <property name="columnType"><ref bean="java.sql.Types.VARCHAR"></ref></property>
	  <property name="position"><value>3</value></property>
	</bean>
	<bean id="pro_rc_trans_enquiry_cursor_param_4" class="net.bcgi.util.db.ResultSetParam" scope="singleton">
	  <property name="procedureColumnName"><value>rc_category</value></property>
	  <property name="mapTo"><value>rc_category</value></property>
	  <property name="columnType"><ref bean="java.sql.Types.VARCHAR"></ref></property>
	  <property name="position"><value>4</value></property>
	</bean>
	<bean id="pro_rc_trans_enquiry_cursor_param_5" class="net.bcgi.util.db.ResultSetParam" scope="singleton">
	  <property name="procedureColumnName"><value>recharge_type</value></property>
	  <property name="mapTo"><value>recharge_type</value></property>
	  <property name="columnType"><ref bean="java.sql.Types.VARCHAR"></ref></property>
	  <property name="position"><value>5</value></property>
	</bean>
	<bean id="pro_rc_trans_enquiry_cursor_param_6" class="net.bcgi.util.db.ResultSetParam" scope="singleton">
	  <property name="procedureColumnName"><value>remarks</value></property>
	  <property name="mapTo"><value>remarks</value></property>
	  <property name="columnType"><ref bean="java.sql.Types.VARCHAR"></ref></property>
	  <property name="position"><value>6</value></property>
	</bean>
	
	<bean id="pro_rc_trans_enquiry_cursor_param_7" class="net.bcgi.util.db.ResultSetParam" scope="singleton">
	  <property name="procedureColumnName"><value>user_id</value></property>
	  <property name="mapTo"><value>user_id</value></property>
	  <property name="columnType"><ref bean="java.sql.Types.VARCHAR"></ref></property>
	  <property name="position"><value>7</value></property>
	</bean>
	<bean id="pro_rc_trans_enquiry_cursor_param_8" class="net.bcgi.util.db.ResultSetParam" scope="singleton">
	  <property name="procedureColumnName"><value>TRANS_status</value></property>
	  <property name="mapTo"><value>TRANS_status</value></property>
	  <property name="columnType"><ref bean="java.sql.Types.VARCHAR"></ref></property>
	  <property name="position"><value>8</value></property>
	</bean>
	
	<bean id="pro_rc_trans_enquiry_cursor_param_9" class="net.bcgi.util.db.ResultSetParam" scope="singleton">
	  <property name="procedureColumnName"><value>TRANS_date</value></property>
	  <property name="mapTo"><value>TRANS_date</value></property>
	  <property name="columnType"><ref bean="java.sql.Types.VARCHAR"></ref></property>
	  <property name="position"><value>9</value></property>
	</bean> 
	<bean id="pro_rc_trans_enquiry_cursor_param_10" class="net.bcgi.util.db.ResultSetParam" scope="singleton">
	  <property name="procedureColumnName"><value>trans_id</value></property>
	  <property name="mapTo"><value>trans_id</value></property>
	  <property name="columnType"><ref bean="java.sql.Types.VARCHAR"></ref></property>
	  <property name="position"><value>10</value></property>
	</bean>
	<bean id="pro_rc_trans_enquiry_cursor_param_11" class="net.bcgi.util.db.ResultSetParam" scope="singleton">
	  <property name="procedureColumnName"><value>ext_trans_id</value></property>
	  <property name="mapTo"><value>ext_trans_id</value></property>
	  <property name="columnType"><ref bean="java.sql.Types.VARCHAR"></ref></property>
	  <property name="position"><value>11</value></property>
	</bean>
	<bean id="pro_rc_trans_enquiry_param_1" class="net.bcgi.util.db.ParamDef" scope="singleton">
			<property name="name"><value>pi_internal_transaction_id</value></property>
			<property name="mapTo"><value>pi_internal_transaction_id</value></property>
			<property name="type"><ref bean="java.sql.Types.VARCHAR"></ref></property>
			<property name="position"><value>1</value></property>
			<property name="parameterType"><ref bean="net.bcgi.util.db.ParamDef.IN"></ref></property>
	</bean>
	<bean id="pro_rc_trans_enquiry_param_2" class="net.bcgi.util.db.ParamDef" scope="singleton">
			<property name="name"><value>pi_external_transaction_id</value></property>
			<property name="mapTo"><value>pi_external_transaction_id</value></property>
			<property name="type"><ref bean="java.sql.Types.VARCHAR"></ref></property>
			<property name="position"><value>2</value></property>
			<property name="parameterType"><ref bean="net.bcgi.util.db.ParamDef.IN"></ref></property>
	</bean>
	<bean id="pro_rc_trans_enquiry_param_3" class="net.bcgi.util.db.ParamDef" scope="singleton">
			<property name="name"><value>pi_user_id</value></property>
			<property name="mapTo"><value>pi_user_id</value></property>
			<property name="type"><ref bean="java.sql.Types.VARCHAR"></ref></property>
			<property name="position"><value>3</value></property>
			<property name="parameterType"><ref bean="net.bcgi.util.db.ParamDef.IN"></ref></property>
	</bean>
	<bean id="pro_rc_trans_enquiry_param_4" class="net.bcgi.util.db.ParamDef" scope="singleton">
			<property name="name"><value>pi_network_id</value></property>
			<property name="mapTo"><value>pi_network_id</value></property>
			<property name="type"><ref bean="java.sql.Types.BIGINT"></ref></property>
			<property name="position"><value>4</value></property>
			<property name="parameterType"><ref bean="net.bcgi.util.db.ParamDef.IN"></ref></property>
	</bean>
	 <bean id="pro_rc_trans_enquiry_param_5" class="net.bcgi.util.db.ParamDef" scope="singleton">
			<property name="name"><value>po_trans_details</value></property>
			<property name="mapTo"><value>po_trans_details</value></property>
		 	<property name="type"><ref bean="oracle.jdbc.driver.OracleTypes.CURSOR"></ref></property>
			<property name="position"><value>5</value></property>
			<property name="parameterType"><ref bean="net.bcgi.util.db.ParamDef.OUT"></ref></property>
	</bean>
	 
	<bean id="pro_rc_trans_enquiry_param_6"
			class="net.bcgi.util.db.ParamDef" scope="singleton">
			<property name="name"><value>po_error_code</value></property>
			<property name="mapTo"><value>po_error_code</value></property>
			<property name="type"><ref bean="java.sql.Types.BIGINT"></ref></property>
			<property name="position"><value>6</value></property>
			<property name="parameterType"><ref bean="net.bcgi.util.db.ParamDef.OUT"></ref></property>
	</bean>
	<bean id="pro_rc_trans_enquiry_param_7" class="net.bcgi.util.db.ParamDef" scope="singleton">
			<property name="name"><value>po_error_desc</value></property>
			<property name="mapTo"><value>po_error_mesg</value></property>
			<property name="type"><ref bean="java.sql.Types.VARCHAR"></ref></property>
			<property name="position"><value>7</value></property>
			<property name="parameterType"><ref bean="net.bcgi.util.db.ParamDef.OUT"></ref></property>
	</bean>	
</beans>