<!DOCTYPE beans PUBLIC "-//SPRING//DTD BEAN//EN" "http://www.springframework.org/dtd/spring-beans.dtd">
<beans>
	<bean id="proc_account_discount" class="net.bcgi.util.db.SPDefinition" scope="prototype">
		<property name="name"><value>proc_account_discount</value></property>
		<property name="returnsResult"><value>false</value></property>
		<property name="parameters">
			<list> <!--  parameter list -->
				<ref bean="proc_account_discount_param_1"></ref>
				<ref bean="proc_account_discount_param_2"></ref>
				<ref bean="proc_account_discount_param_3"></ref>
				<ref bean="proc_account_discount_param_4"></ref>
				<ref bean="proc_account_discount_param_5"></ref>
				<ref bean="proc_account_discount_param_6"></ref>
				<ref bean="proc_account_discount_param_7"></ref>
				<ref bean="proc_account_discount_param_8"></ref>
			</list>
		</property>
	</bean>
	
	<bean id="proc_account_discount_param_1" class="net.bcgi.util.db.ParamDef" scope="singleton">
	  <property name="name"><value>pi_network_id</value></property>
	  <property name="mapTo"><value>pi_network_id</value></property>
	  <property name="type"><ref bean="java.sql.Types.BIGINT"></ref></property>
	  <property name="position"><value>1</value></property>
	  <property name="parameterType"><ref bean="net.bcgi.util.db.ParamDef.IN"></ref></property>
	</bean> 
	
	<bean id="proc_account_discount_param_2" class="net.bcgi.util.db.ParamDef" scope="singleton">
	  <property name="name"><value>pi_account_id</value></property>
	  <property name="mapTo"><value>pi_account_id</value></property>
	  <property name="type"><ref bean="java.sql.Types.ARRAY"></ref></property>
	  <property name="arrayName"><value>ARR_NUMB</value></property>
	  <property name="position"><value>2</value></property>
	  <property name="parameterType"><ref bean="net.bcgi.util.db.ParamDef.IN"></ref></property>
	</bean> 
	
	<bean id="proc_account_discount_param_3" class="net.bcgi.util.db.ParamDef" scope="singleton">
	  <property name="name"><value>pi_discount_value</value></property>
	  <property name="mapTo"><value>pi_discount_value</value></property>
	  <property name="type"><ref bean="java.sql.Types.ARRAY"></ref></property>
	  <property name="arrayName"><value>ARR_NUMB</value></property>
	  <property name="position"><value>3</value></property>
	  <property name="parameterType"><ref bean="net.bcgi.util.db.ParamDef.IN"></ref></property>
	</bean> 
	
	<bean id="proc_account_discount_param_4" class="net.bcgi.util.db.ParamDef" scope="singleton">
	  <property name="name"><value>po_success_list</value></property>
	  <property name="mapTo"><value>po_success_list</value></property>
	  <property name="type"><ref bean="java.sql.Types.ARRAY"></ref></property>
	  <property name="arrayName"><value>ARR_NUMB</value></property>
	  <property name="position"><value>4</value></property>
	  <property name="parameterType"><ref bean="net.bcgi.util.db.ParamDef.OUT"></ref></property>
	</bean> 
	
	<bean id="proc_account_discount_param_5" class="net.bcgi.util.db.ParamDef" scope="singleton">
	  <property name="name"><value>po_failure_list</value></property>
	  <property name="mapTo"><value>po_failure_list</value></property>
	  <property name="type"><ref bean="java.sql.Types.ARRAY"></ref></property>
	  <property name="arrayName"><value>ARR_NUMB</value></property>
	  <property name="position"><value>5</value></property>
	  <property name="parameterType"><ref bean="net.bcgi.util.db.ParamDef.OUT"></ref></property>
	</bean> 
	
	<bean id="proc_account_discount_param_6" class="net.bcgi.util.db.ParamDef" scope="singleton">
	  <property name="name"><value>po_failure_acc_disc_value</value></property>
	  <property name="mapTo"><value>po_failure_acc_disc_value</value></property>
	  <property name="type"><ref bean="java.sql.Types.ARRAY"></ref></property>
	  <property name="arrayName"><value>ARR_NUMB</value></property>
	  <property name="position"><value>6</value></property>
	  <property name="parameterType"><ref bean="net.bcgi.util.db.ParamDef.OUT"></ref></property>
	</bean> 
	
	<bean id="proc_account_discount_param_7" class="net.bcgi.util.db.ParamDef" scope="singleton">
	  <property name="name"><value>po_error_code</value></property>
	  <property name="mapTo"><value>po_error_code</value></property>
	  <property name="type"><ref bean="java.sql.Types.BIGINT"></ref></property>
	  <property name="position"><value>7</value></property>
	  <property name="parameterType"><ref bean="net.bcgi.util.db.ParamDef.OUT"></ref></property>
	</bean> 
	
	<bean id="proc_account_discount_param_8" class="net.bcgi.util.db.ParamDef" scope="singleton">
	  <property name="name"><value>po_error_mesg</value></property>
	  <property name="mapTo"><value>po_error_mesg</value></property>
	  <property name="type"><ref bean="java.sql.Types.VARCHAR"></ref></property>
	  <property name="position"><value>8</value></property>
	  <property name="parameterType"><ref bean="net.bcgi.util.db.ParamDef.OUT"></ref></property>
	</bean>
</beans>