<?xml version="1.0" encoding="UTF-8" ?>
<!DOCTYPE beans PUBLIC "-//SPRING//DTD BEAN//EN" "http://www.springframework.org/dtd/spring-beans.dtd">

<beans>
	
	<bean id="pro_get_account_date" class="net.bcgi.util.db.SPDefinition" scope="singleton">
		<property name="name"><value>CS_PKG_RENTALS_V1.pro_get_account_dates</value></property>
		<property name="returnsResult"><value>false</value></property>
		<property name="parameters">
			<list>
				<ref bean="pro_get_account_date_1"></ref>
				<ref bean="pro_get_account_date_2"></ref>
				<ref bean="pro_get_account_date_3"></ref>
				<ref bean="pro_get_account_date_4"></ref>
				<ref bean="pro_get_account_date_5"></ref>	
				<ref bean="pro_get_account_date_6"></ref>	
				<ref bean="pro_get_account_date_7"></ref>	
				<ref bean="pro_get_account_date_8"></ref>	
				<ref bean="pro_get_account_date_9"></ref>	
			</list>
		</property>
		<property name="refCursors">
			<map>
				<entry key="5">
					<ref bean="po_account_dates"/>
				</entry>
			</map>
		</property>
	</bean>
	<bean id="po_account_dates"    class="net.bcgi.util.db.ResultSetDef" scope="prototype">
		<property name="resultSetParams">
			<list>
				<ref bean="po_account_date_cursor_param_1"></ref>
				<ref bean="po_account_date_cursor_param_2"></ref>
				<ref bean="po_account_date_cursor_param_3"></ref>
				<ref bean="po_account_date_cursor_param_4"></ref>
				<ref bean="po_account_date_cursor_param_5"></ref>
				<ref bean="po_account_date_cursor_param_6"></ref>
			</list>
		</property>		
		<property name="className" value="com.xius.billing.agent.domaindata.tia.renewal.job.AccountDates"/>
	</bean>
	<bean id="po_account_date_cursor_param_1" class="net.bcgi.util.db.ResultSetParam" scope="singleton">
	  <property name="procedureColumnName"><value>reference_trans_id</value></property>
	  <property name="mapTo"><value>reference_trans_id</value></property>
	  <property name="columnType"><ref bean="java.sql.Types.VARCHAR"></ref></property>
	  <property name="position"><value>1</value></property>
	</bean>
	<bean id="po_account_date_cursor_param_2" class="net.bcgi.util.db.ResultSetParam" scope="singleton">
	  <property name="procedureColumnName"><value>validity_date</value></property>
	  <property name="mapTo"><value>validity_date</value></property>
	  <property name="columnType"><ref bean="java.sql.Types.VARCHAR"></ref></property>
	  <property name="position"><value>2</value></property>
	</bean>
	<bean id="po_account_date_cursor_param_3" class="net.bcgi.util.db.ResultSetParam" scope="singleton">
	  <property name="procedureColumnName"><value>graceperiod1_end_date</value></property>
	  <property name="mapTo"><value>graceperiod1_end_date</value></property>
	  <property name="columnType"><ref bean="java.sql.Types.VARCHAR"></ref></property>
	  <property name="position"><value>3</value></property>
	</bean>
	<bean id="po_account_date_cursor_param_4" class="net.bcgi.util.db.ResultSetParam" scope="singleton">
	  <property name="procedureColumnName"><value>graceperiod2_end_date</value></property>
	  <property name="mapTo"><value>graceperiod2_end_date</value></property>
	  <property name="columnType"><ref bean="java.sql.Types.VARCHAR"></ref></property>
	  <property name="position"><value>4</value></property>
	</bean>
	<bean id="po_account_date_cursor_param_5" class="net.bcgi.util.db.ResultSetParam" scope="singleton">
	  <property name="procedureColumnName"><value>expiry_date</value></property>
	  <property name="mapTo"><value>expiry_date</value></property>
	  <property name="columnType"><ref bean="java.sql.Types.VARCHAR"></ref></property>
	  <property name="position"><value>5</value></property>
	</bean>
	
	<bean id="po_account_date_cursor_param_6" class="net.bcgi.util.db.ResultSetParam" scope="singleton">
	  <property name="procedureColumnName"><value>msisdn_no</value></property>
	  <property name="mapTo"><value>msisdn_no</value></property>
	  <property name="columnType"><ref bean="java.sql.Types.BIGINT"></ref></property>
	  <property name="position"><value>6</value></property>
	</bean>
	<!-- End of cursor mapping -->
	
	
	
	
	<bean id="pro_get_account_date_1" class="net.bcgi.util.db.ParamDef" scope="singleton">
			<property name="name"><value>pi_network_id</value></property>
			<property name="mapTo"><value>pi_network_id</value></property>
			<property name="type"><ref bean="java.sql.Types.BIGINT"></ref></property>
			<property name="position"><value>1</value></property>
			<property name="parameterType"><ref bean="net.bcgi.util.db.ParamDef.IN"></ref></property>
	</bean>
	<bean id="pro_get_account_date_2" class="net.bcgi.util.db.ParamDef" scope="singleton">
			<property name="name"><value>pi_maxrows</value></property>
			<property name="mapTo"><value>pi_maxrows</value></property>
			<property name="type"><ref bean="java.sql.Types.BIGINT"></ref></property>
			<property name="position"><value>2</value></property>
			<property name="parameterType"><ref bean="net.bcgi.util.db.ParamDef.IN"></ref></property>
	</bean>	
	
	<bean id="pro_get_account_date_3" class="net.bcgi.util.db.ParamDef" scope="singleton">
			<property name="name"><value>pi_account_id</value></property>
			<property name="mapTo"><value>pi_account_id</value></property>
			<property name="type"><ref bean="java.sql.Types.BIGINT"></ref></property>
			<property name="position"><value>3</value></property>
			<property name="parameterType"><ref bean="net.bcgi.util.db.ParamDef.IN"></ref></property>
	</bean>	
	
	
	
	<bean id="pro_get_account_date_4" class="net.bcgi.util.db.ParamDef" scope="singleton">
			<property name="name"><value>pi_user_id</value></property>
			<property name="mapTo"><value>pi_user_id</value></property>
			<property name="type"><ref bean="java.sql.Types.VARCHAR"></ref></property>
			<property name="position"><value>4</value></property>
			<property name="parameterType"><ref bean="net.bcgi.util.db.ParamDef.IN"></ref></property>
	</bean>	
	
	
	<bean id="pro_get_account_date_5" class="net.bcgi.util.db.ParamDef" scope="singleton">
  		<property name="name"><value>po_account_dates</value></property>
  		<property name="mapTo"><value>po_account_dates</value></property>
  		<property name="type"><ref bean="oracle.jdbc.driver.OracleTypes.CURSOR"></ref></property>
  		<property name="position"><value>5</value></property>
  		<property name="parameterType"><ref bean="net.bcgi.util.db.ParamDef.OUT"></ref></property>
	</bean>
	
	<bean id="pro_get_account_date_6" class="net.bcgi.util.db.ParamDef" scope="singleton">
			<property name="name"><value>po_activity_id</value></property>
			<property name="mapTo"><value>po_activity_id</value></property>
			<property name="type"><ref bean="java.sql.Types.BIGINT"></ref></property>
			<property name="position"><value>6</value></property>
			<property name="parameterType"><ref bean="net.bcgi.util.db.ParamDef.OUT"></ref></property>
	</bean>
	
	<bean id="pro_get_account_date_7" class="net.bcgi.util.db.ParamDef" scope="singleton">
			<property name="name"><value>po_trans_id</value></property>
			<property name="mapTo"><value>po_trans_id</value></property>
			<property name="type"><ref bean="java.sql.Types.VARCHAR"></ref></property>
			<property name="position"><value>7</value></property>
			<property name="parameterType"><ref bean="net.bcgi.util.db.ParamDef.OUT"></ref></property>
	</bean>
	<bean id="pro_get_account_date_8" class="net.bcgi.util.db.ParamDef" scope="singleton">
			<property name="name"><value>po_error_code</value></property>
			<property name="mapTo"><value>po_error_code</value></property>
			<property name="type"><ref bean="java.sql.Types.BIGINT"></ref></property>
			<property name="position"><value>8</value></property>
			<property name="parameterType"><ref bean="net.bcgi.util.db.ParamDef.OUT"></ref></property>
	</bean>
	<bean id="pro_get_account_date_9" class="net.bcgi.util.db.ParamDef" scope="singleton">
			<property name="name"><value>po_error_desc</value></property>
			<property name="mapTo"><value>po_error_mesg</value></property>
			<property name="type"><ref bean="java.sql.Types.VARCHAR"></ref></property>
			<property name="position"><value>9</value></property>
			<property name="parameterType"><ref bean="net.bcgi.util.db.ParamDef.OUT"></ref></property>
	</bean>	
 </beans>