<?xml version="1.0" encoding="UTF-8"?>
<!DOCTYPE beans PUBLIC "-//SPRING//DTD BEAN//EN" "http://www.springframework.org/dtd/spring-beans.dtd">

<beans>
	<!-- start rental Status Update -->
	<bean id="pro_rental_status_upd_tia"
		class="net.bcgi.util.db.SPDefinition" scope="singleton">
		<property name="name"><value>CS_PKG_RENTALS_V1.pro_rental_status_upd</value></property>
		<property name="returnsResult"><value>false</value></property>
		<property name="parameters">
			<list>
				<ref bean="pro_rental_status_upd_param_1"></ref>
				<ref bean="pro_rental_status_upd_param_2"></ref>
				<ref bean="pro_rental_status_upd_param_3"></ref>
				<ref bean="pro_rental_status_upd_param_4"></ref>
				<ref bean="pro_rental_status_upd_param_5"></ref>
				<ref bean="pro_rental_status_upd_param_6"></ref>
				<ref bean="pro_rental_status_upd_param_7"></ref>
				<ref bean="pro_rental_status_upd_param_8"></ref>
				<ref bean="pro_rental_status_upd_param_9"></ref>
				<ref bean="pro_rental_status_upd_param_10"></ref>
				<ref bean="pro_rental_status_upd_param_11"></ref>
				
			</list>
		</property>
	</bean>
	<bean id="pro_rental_status_upd_param_1" class="net.bcgi.util.db.ParamDef" scope="singleton">
			<property name="name"><value>pi_trans_id</value></property>
			<property name="mapTo"><value>pi_trans_id</value></property>
			<property name="type"><ref bean="java.sql.Types.VARCHAR"></ref></property>
			<property name="position"><value>1</value></property>
			<property name="parameterType"><ref bean="net.bcgi.util.db.ParamDef.IN"></ref></property>
	</bean>
	<bean id="pro_rental_status_upd_param_2" class="net.bcgi.util.db.ParamDef" scope="singleton">
			<property name="name"><value>pi_rental_status</value></property>
			<property name="mapTo"><value>pi_rental_status</value></property>
			<property name="type"><ref bean="java.sql.Types.VARCHAR"></ref></property>
			<property name="position"><value>2</value></property>
			<property name="parameterType"><ref bean="net.bcgi.util.db.ParamDef.IN"></ref></property>
	</bean>
	<bean id="pro_rental_status_upd_param_3" class="net.bcgi.util.db.ParamDef" scope="singleton">
			<property name="name"><value>pi_failed_reason</value></property>
			<property name="mapTo"><value>pi_failed_reason</value></property>
			<property name="type"><ref bean="java.sql.Types.VARCHAR"></ref></property>
			<property name="position"><value>3</value></property>
			<property name="parameterType"><ref bean="net.bcgi.util.db.ParamDef.IN"></ref></property>
	</bean>
	<bean id="pro_rental_status_upd_param_4" class="net.bcgi.util.db.ParamDef" scope="singleton">
			<property name="name"><value>po_validity_date</value></property>
			<property name="mapTo"><value>po_validity_date</value></property>
			<property name="type"><ref bean="java.sql.Types.VARCHAR"></ref></property>
			<property name="position"><value>4</value></property>
			<property name="parameterType"><ref bean="net.bcgi.util.db.ParamDef.OUT"></ref></property>
	</bean>
	<bean id="pro_rental_status_upd_param_5" class="net.bcgi.util.db.ParamDef" scope="singleton">
			<property name="name"><value>po_graceperiod1_end_date</value></property>
			<property name="mapTo"><value>po_graceperiod1_end_date</value></property>
			<property name="type"><ref bean="java.sql.Types.VARCHAR"></ref></property>
			<property name="position"><value>5</value></property>
			<property name="parameterType"><ref bean="net.bcgi.util.db.ParamDef.OUT"></ref></property>
	</bean>
	<bean id="pro_rental_status_upd_param_6" class="net.bcgi.util.db.ParamDef" scope="singleton">
			<property name="name"><value>po_graceperiod2_end_date</value></property>
			<property name="mapTo"><value>po_graceperiod2_end_date</value></property>
			<property name="type"><ref bean="java.sql.Types.VARCHAR"></ref></property>
			<property name="position"><value>6</value></property>
			<property name="parameterType"><ref bean="net.bcgi.util.db.ParamDef.OUT"></ref></property>
	</bean>
	<bean id="pro_rental_status_upd_param_7" class="net.bcgi.util.db.ParamDef" scope="singleton">
			<property name="name"><value>po_expiry_date</value></property>
			<property name="mapTo"><value>po_expiry_date</value></property>
			<property name="type"><ref bean="java.sql.Types.VARCHAR"></ref></property>
			<property name="position"><value>7</value></property>
			<property name="parameterType"><ref bean="net.bcgi.util.db.ParamDef.OUT"></ref></property>
	</bean>
	<bean id="pro_rental_status_upd_param_8" class="net.bcgi.util.db.ParamDef" scope="singleton">
			<property name="name"><value>po_technology</value></property>
			<property name="mapTo"><value>po_technology</value></property>
			<property name="type"><ref bean="java.sql.Types.VARCHAR"></ref></property>
			<property name="position"><value>8</value></property>
			<property name="parameterType"><ref bean="net.bcgi.util.db.ParamDef.OUT"></ref></property>
	</bean>
	<bean id="pro_rental_status_upd_param_9" class="net.bcgi.util.db.ParamDef" scope="singleton">
			<property name="name"><value>po_activity_id</value></property>
			<property name="mapTo"><value>po_activity_id</value></property>
			<property name="type"><ref bean="java.sql.Types.BIGINT"></ref></property>
			<property name="position"><value>9</value></property>
			<property name="parameterType"><ref bean="net.bcgi.util.db.ParamDef.OUT"></ref></property>
	</bean>

	<bean id="pro_rental_status_upd_param_10" class="net.bcgi.util.db.ParamDef" scope="singleton">
			<property name="name"><value>po_error_code</value></property>
			<property name="mapTo"><value>po_error_code</value></property>
			<property name="type"><ref bean="java.sql.Types.BIGINT"></ref></property>
			<property name="position"><value>10</value></property>
			<property name="parameterType"><ref bean="net.bcgi.util.db.ParamDef.OUT"></ref></property>
	</bean>
		<bean id="pro_rental_status_upd_param_11" class="net.bcgi.util.db.ParamDef" scope="singleton">
			<property name="name"><value>po_error_desc</value></property>
			<property name="mapTo"><value>po_error_mesg</value></property>
			<property name="type"><ref bean="java.sql.Types.VARCHAR"></ref></property>
			<property name="position"><value>11</value></property>
			<property name="parameterType"><ref bean="net.bcgi.util.db.ParamDef.OUT"></ref></property>
	</bean>
	
	
 </beans>
