<!DOCTYPE beans PUBLIC "-//SPRING//DTD BEAN//EN" "http://www.springframework.org/dtd/spring-beans.dtd">
<beans>
	<bean id="ca_group_view" class="net.bcgi.util.db.SPDefinition" scope="prototype">
	<property name="name"><value>CS_COMMUNITY_ACCOUNT_PACKAGE.ca_group_details_view</value></property>
	<property name="returnsResult"><value>false</value></property>
	<property name="parameters">
		<list> <!--  parameter list -->
			<ref bean="ca_group_view_1"></ref>
			<ref bean="ca_group_view_2"></ref>	
			<ref bean="ca_group_view_3"></ref>
			<ref bean="ca_group_view_4"></ref>
			<ref bean="ca_group_view_5"></ref>
	 		<ref bean="ca_group_view_6"></ref>
	 		<ref bean="ca_group_view_7"></ref>
	 		<ref bean="ca_group_view_8"></ref>
	 		<ref bean="ca_group_view_9"></ref>
	 		<ref bean="ca_group_view_10"></ref>
	 		<ref bean="ca_group_view_11"></ref>
	 		<ref bean="ca_group_view_12"></ref>
	 		<ref bean="ca_group_view_13"></ref>
	 		<ref bean="ca_group_view_14"></ref>
	 		<ref bean="ca_group_view_15"></ref>
	 		<ref bean="ca_group_view_16"></ref>
	 		<ref bean="ca_group_view_17"></ref>
	 		<ref bean="ca_group_view_18"></ref>
	 		<ref bean="ca_group_view_19"></ref>
	 		<ref bean="ca_group_view_20"></ref>
	 		<ref bean="ca_group_view_21"></ref>
	 		<ref bean="ca_group_view_22"></ref>
	 		<ref bean="ca_group_view_23"></ref>
	 		<ref bean="ca_group_view_24"></ref>
		</list>
	</property>
	<property name="refCursors">
		<map>
			<entry key="12"> <ref bean="po_ca_child_bal_details_ref"/> </entry>
			<entry key="13"> <ref bean="po_ca_parent_bal_details_ref"/> </entry>
			<entry key="14"> <ref bean="po_ca_acct_status_details_ref"/> </entry>
			<entry key="15"> <ref bean="po_grp_addon_details_ref"/> </entry>
			<entry key="16"> <ref bean="po_ca_child_limit_details_ref"/> </entry>
			<entry key="17"> <ref bean="po_group_balance_details_ref"/> </entry>
			<entry key="20"> <ref bean="po_group_limits_details_ref"/> </entry>
		</map>
	</property>
	</bean>
	<bean id="po_group_limits_details_ref" class="net.bcgi.util.db.ResultSetDef" scope="prototype">
		<property name="resultSetParams">
			<list>
				<ref bean="po_group_limits_details_ref_cursor_param_1"></ref>
				<ref bean="po_group_limits_details_ref_cursor_param_2"></ref>
				<ref bean="po_group_limits_details_ref_cursor_param_3"></ref>
				<ref bean="po_group_limits_details_ref_cursor_param_4"></ref>
			</list>
		</property>
		<property name="className" value="com.xius.billing.agent.domaindata.impl.ca.GrpAcctBalanceCursorData"/>
	</bean>
	<bean id="po_group_limits_details_ref_cursor_param_1" class="net.bcgi.util.db.ResultSetParam" scope="singleton">
	  <property name="procedureColumnName"><value>ca_service_id</value></property>
	  <property name="mapTo"><value>ca_srvc_id</value></property>
	  <property name="columnType"><ref bean="java.sql.Types.BIGINT"></ref></property>
	  <property name="position"><value>1</value></property>
	</bean>
	
	<bean id="po_group_limits_details_ref_cursor_param_2" class="net.bcgi.util.db.ResultSetParam" scope="singleton">
	  <property name="procedureColumnName"><value>ca_service_name</value></property>
	  <property name="mapTo"><value>ca_srvc_name</value></property>
	  <property name="columnType"><ref bean="java.sql.Types.VARCHAR"></ref></property>
	  <property name="position"><value>2</value></property>
	</bean>
	
	<bean id="po_group_limits_details_ref_cursor_param_3" class="net.bcgi.util.db.ResultSetParam" scope="singleton">
	  <property name="procedureColumnName"><value>ca_grp_unit_type</value></property>
	  <property name="mapTo"><value>ca_unit_type</value></property>
	  <property name="columnType"><ref bean="java.sql.Types.VARCHAR"></ref></property>
	  <property name="position"><value>3</value></property>
	</bean>	
	
	<bean id="po_group_limits_details_ref_cursor_param_4" class="net.bcgi.util.db.ResultSetParam" scope="singleton">
	  <property name="procedureColumnName"><value>ca_unit_value</value></property>
	  <property name="mapTo"><value>ca_unit_value</value></property>
	  <property name="columnType"><ref bean="java.sql.Types.DECIMAL"></ref></property>
	  <property name="position"><value>4</value></property>
	</bean>
	
	<bean id="po_group_balance_details_ref" class="net.bcgi.util.db.ResultSetDef" scope="prototype">
		<property name="resultSetParams">
			<list>
				<ref bean="po_group_balance_details_ref_cursor_param_1"></ref>
				<ref bean="po_group_balance_details_ref_cursor_param_2"></ref>
				<ref bean="po_group_balance_details_ref_cursor_param_3"></ref>
				<ref bean="po_group_balance_details_ref_cursor_param_4"></ref>
			</list>
		</property>
		<property name="className" value="com.xius.billing.agent.domaindata.impl.ca.GrpAcctBalanceCursorData"/>
	</bean>
	
	<bean id="po_group_balance_details_ref_cursor_param_1" class="net.bcgi.util.db.ResultSetParam" scope="singleton">
	  <property name="procedureColumnName"><value>ca_service_id</value></property>
	  <property name="mapTo"><value>ca_srvc_id</value></property>
	  <property name="columnType"><ref bean="java.sql.Types.BIGINT"></ref></property>
	  <property name="position"><value>1</value></property>
	</bean>
	
	<bean id="po_group_balance_details_ref_cursor_param_2" class="net.bcgi.util.db.ResultSetParam" scope="singleton">
	  <property name="procedureColumnName"><value>ca_service_name</value></property>
	  <property name="mapTo"><value>ca_srvc_name</value></property>
	  <property name="columnType"><ref bean="java.sql.Types.VARCHAR"></ref></property>
	  <property name="position"><value>2</value></property>
	</bean>
	
	<bean id="po_group_balance_details_ref_cursor_param_3" class="net.bcgi.util.db.ResultSetParam" scope="singleton">
	  <property name="procedureColumnName"><value>ca_grp_unit_type</value></property>
	  <property name="mapTo"><value>ca_unit_type</value></property>
	  <property name="columnType"><ref bean="java.sql.Types.VARCHAR"></ref></property>
	  <property name="position"><value>3</value></property>
	</bean>	
	
	<bean id="po_group_balance_details_ref_cursor_param_4" class="net.bcgi.util.db.ResultSetParam" scope="singleton">
	  <property name="procedureColumnName"><value>ca_unit_value</value></property>
	  <property name="mapTo"><value>ca_unit_value</value></property>
	  <property name="columnType"><ref bean="java.sql.Types.DECIMAL"></ref></property>
	  <property name="position"><value>4</value></property>
	</bean>
	
	<bean id="po_ca_child_limit_details_ref" class="net.bcgi.util.db.ResultSetDef" scope="prototype">
		<property name="resultSetParams">
			<list>
				<ref bean="po_ca_child_limit_details_ref_cursor_param_1"></ref>
				<ref bean="po_ca_child_limit_details_ref_cursor_param_2"></ref>
				<ref bean="po_ca_child_limit_details_ref_cursor_param_3"></ref>
				<ref bean="po_ca_child_limit_details_ref_cursor_param_4"></ref>
				<ref bean="po_ca_child_limit_details_ref_cursor_param_5"></ref>
				<ref bean="po_ca_child_limit_details_ref_cursor_param_6"></ref>
			</list>
		</property>
		<property name="className" value="com.xius.billing.agent.domaindata.impl.ca.GrpAcctBalanceCursorData"/>
	</bean>
	
	<bean id="po_ca_child_limit_details_ref_cursor_param_1" class="net.bcgi.util.db.ResultSetParam" scope="singleton">
	  <property name="procedureColumnName"><value>msisdn_no</value></property>
	  <property name="mapTo"><value>msisdn_no</value></property>
	  <property name="columnType"><ref bean="java.sql.Types.BIGINT"></ref></property>
	  <property name="position"><value>1</value></property>
	</bean>
	
	<bean id="po_ca_child_limit_details_ref_cursor_param_2" class="net.bcgi.util.db.ResultSetParam" scope="singleton">
	  <property name="procedureColumnName"><value>ca_grp_id</value></property>
	  <property name="mapTo"><value>ca_grp_id</value></property>
	  <property name="columnType"><ref bean="java.sql.Types.BIGINT"></ref></property>
	  <property name="position"><value>2</value></property>
	</bean>
	
	<bean id="po_ca_child_limit_details_ref_cursor_param_3" class="net.bcgi.util.db.ResultSetParam" scope="singleton">
	  <property name="procedureColumnName"><value>ca_service_id</value></property>
	  <property name="mapTo"><value>ca_srvc_id</value></property>
	  <property name="columnType"><ref bean="java.sql.Types.BIGINT"></ref></property>
	  <property name="position"><value>3</value></property>
	</bean>
	
	<bean id="po_ca_child_limit_details_ref_cursor_param_4" class="net.bcgi.util.db.ResultSetParam" scope="singleton">
	  <property name="procedureColumnName"><value>ca_service_name</value></property>
	  <property name="mapTo"><value>ca_srvc_name</value></property>
	  <property name="columnType"><ref bean="java.sql.Types.VARCHAR"></ref></property>
	  <property name="position"><value>4</value></property>
	</bean>
	
	<bean id="po_ca_child_limit_details_ref_cursor_param_5" class="net.bcgi.util.db.ResultSetParam" scope="singleton">
	  <property name="procedureColumnName"><value>ca_grp_unit_type</value></property>
	  <property name="mapTo"><value>ca_unit_type</value></property>
	  <property name="columnType"><ref bean="java.sql.Types.VARCHAR"></ref></property>
	  <property name="position"><value>5</value></property>
	</bean>	
	
	<bean id="po_ca_child_limit_details_ref_cursor_param_6" class="net.bcgi.util.db.ResultSetParam" scope="singleton">
	  <property name="procedureColumnName"><value>ca_grp_child_limit</value></property>
	  <property name="mapTo"><value>ca_child_limit</value></property>
	  <property name="columnType"><ref bean="java.sql.Types.DECIMAL"></ref></property>
	  <property name="position"><value>6</value></property>
	</bean>
	
	<bean id="po_grp_addon_details_ref" class="net.bcgi.util.db.ResultSetDef" scope="prototype">
		<property name="resultSetParams">
			<list>
				<ref bean="po_grp_addon_details_ref_cursor_param_1"></ref>
				<ref bean="po_grp_addon_details_ref_cursor_param_2"></ref>
				<ref bean="po_grp_addon_details_ref_cursor_param_3"></ref>
				<ref bean="po_grp_addon_details_ref_cursor_param_4"></ref>				
			</list>
		</property>
		<property name="className" value="com.xius.billing.agent.domaindata.impl.ca.GrpAddonFeaturesCursorData"/>
	</bean>
	
	<bean id="po_grp_addon_details_ref_cursor_param_1" class="net.bcgi.util.db.ResultSetParam" scope="singleton">
	  <property name="procedureColumnName"><value>ca_package_addon_feature_id</value></property>
	  <property name="mapTo"><value>fetur_id</value></property>
	  <property name="columnType"><ref bean="java.sql.Types.BIGINT"></ref></property>
	  <property name="position"><value>1</value></property>
	</bean>
	
	<bean id="po_grp_addon_details_ref_cursor_param_2" class="net.bcgi.util.db.ResultSetParam" scope="singleton">
	  <property name="procedureColumnName"><value>ca_addon_feature_name</value></property>
	  <property name="mapTo"><value>fetur_name</value></property>
	  <property name="columnType"><ref bean="java.sql.Types.VARCHAR"></ref></property>
	  <property name="position"><value>2</value></property>
	</bean>
	
	<bean id="po_grp_addon_details_ref_cursor_param_3" class="net.bcgi.util.db.ResultSetParam" scope="singleton">
	  <property name="procedureColumnName"><value>ca_addon_charge</value></property>
	  <property name="mapTo"><value>charge</value></property>
	  <property name="columnType"><ref bean="java.sql.Types.DECIMAL"></ref></property>
	  <property name="position"><value>3</value></property>
	</bean>
	
	<bean id="po_grp_addon_details_ref_cursor_param_4" class="net.bcgi.util.db.ResultSetParam" scope="singleton">
	  <property name="procedureColumnName"><value>validity_date</value></property>
	  <property name="mapTo"><value>validity_date</value></property>
	  <property name="columnType"><ref bean="java.sql.Types.VARCHAR"></ref></property>
	  <property name="position"><value>4</value></property>
	</bean>
	
	<bean id="po_ca_acct_status_details_ref" class="net.bcgi.util.db.ResultSetDef" scope="prototype">
		<property name="resultSetParams">
			<list>
				<ref bean="po_ca_acct_status_details_ref_cursor_param_1"></ref>
				<ref bean="po_ca_acct_status_details_ref_cursor_param_2"></ref>
				<ref bean="po_ca_acct_status_details_ref_cursor_param_3"></ref>
				<ref bean="po_ca_acct_status_details_ref_cursor_param_4"></ref>
				<ref bean="po_ca_acct_status_details_ref_cursor_param_5"></ref>
				<ref bean="po_ca_acct_status_details_ref_cursor_param_6"></ref>
				<ref bean="po_ca_acct_status_details_ref_cursor_param_7"></ref>
				<ref bean="po_ca_acct_status_details_ref_cursor_param_8"></ref>
				<ref bean="po_ca_acct_status_details_ref_cursor_param_9"></ref>
				<ref bean="po_ca_acct_status_details_ref_cursor_param_10"></ref>
				<ref bean="po_ca_acct_status_details_ref_cursor_param_11"></ref>
				<ref bean="po_ca_acct_status_details_ref_cursor_param_12"></ref>
				<ref bean="po_ca_acct_status_details_ref_cursor_param_13"></ref>
			</list>
		</property>
		<property name="className" value="com.xius.billing.agent.domaindata.impl.ca.GrpAcctStatusCursorData"/>
	</bean>
	
	<bean id="po_ca_acct_status_details_ref_cursor_param_1" class="net.bcgi.util.db.ResultSetParam" scope="singleton">
	  <property name="procedureColumnName"><value>ca_account_id</value></property>
	  <property name="mapTo"><value>ca_account_id</value></property>
	  <property name="columnType"><ref bean="java.sql.Types.BIGINT"></ref></property>
	  <property name="position"><value>1</value></property>
	</bean>
	
	<bean id="po_ca_acct_status_details_ref_cursor_param_2" class="net.bcgi.util.db.ResultSetParam" scope="singleton">
	  <property name="procedureColumnName"><value>msisdn_no</value></property>
	  <property name="mapTo"><value>msisdn_no</value></property>
	  <property name="columnType"><ref bean="java.sql.Types.BIGINT"></ref></property>
	  <property name="position"><value>2</value></property>
	</bean>
	
	<bean id="po_ca_acct_status_details_ref_cursor_param_3" class="net.bcgi.util.db.ResultSetParam" scope="singleton">
	  <property name="procedureColumnName"><value>ca_grp_id</value></property>
	  <property name="mapTo"><value>ca_grp_id</value></property>
	  <property name="columnType"><ref bean="java.sql.Types.BIGINT"></ref></property>
	  <property name="position"><value>3</value></property>
	</bean>
	
	<bean id="po_ca_acct_status_details_ref_cursor_param_4" class="net.bcgi.util.db.ResultSetParam" scope="singleton">
	  <property name="procedureColumnName"><value>ca_home_network_id</value></property>
	  <property name="mapTo"><value>home_network_id</value></property>
	  <property name="columnType"><ref bean="java.sql.Types.BIGINT"></ref></property>
	  <property name="position"><value>4</value></property>
	</bean>
	
	<bean id="po_ca_acct_status_details_ref_cursor_param_5" class="net.bcgi.util.db.ResultSetParam" scope="singleton">
	  <property name="procedureColumnName"><value>ca_parent_account_id</value></property>
	  <property name="mapTo"><value>parent_acct_id</value></property>
	  <property name="columnType"><ref bean="java.sql.Types.BIGINT"></ref></property>
	  <property name="position"><value>5</value></property>
	</bean>
	
	<bean id="po_ca_acct_status_details_ref_cursor_param_6" class="net.bcgi.util.db.ResultSetParam" scope="singleton">
	  <property name="procedureColumnName"><value>ca_account_isactive</value></property>
	  <property name="mapTo"><value>is_acct_active</value></property>
	  <property name="columnType"><ref bean="java.sql.Types.VARCHAR"></ref></property>
	  <property name="position"><value>6</value></property>
	</bean>
	
	<bean id="po_ca_acct_status_details_ref_cursor_param_7" class="net.bcgi.util.db.ResultSetParam" scope="singleton">
	  <property name="procedureColumnName"><value>ca_grp_useparent_core_bal_yn</value></property>
	  <property name="mapTo"><value>use_parent_ca_bal</value></property>
	  <property name="columnType"><ref bean="java.sql.Types.VARCHAR"></ref></property>
	  <property name="position"><value>7</value></property>
	</bean>
	
	<bean id="po_ca_acct_status_details_ref_cursor_param_8" class="net.bcgi.util.db.ResultSetParam" scope="singleton">
	  <property name="procedureColumnName"><value>ca_grp_useparent_ca_bal_yn</value></property>
	  <property name="mapTo"><value>use_parent_core_bal</value></property>
	  <property name="columnType"><ref bean="java.sql.Types.VARCHAR"></ref></property>
	  <property name="position"><value>8</value></property>
	</bean>
	
	<bean id="po_ca_acct_status_details_ref_cursor_param_9" class="net.bcgi.util.db.ResultSetParam" scope="singleton">
	  <property name="procedureColumnName"><value>ca_account_allowed_bal</value></property>
	  <property name="mapTo"><value>account_allowed_bal</value></property>
	  <property name="columnType"><ref bean="java.sql.Types.BIGINT"></ref></property>
	  <property name="position"><value>9</value></property>
	</bean>
	
	<bean id="po_ca_acct_status_details_ref_cursor_param_10" class="net.bcgi.util.db.ResultSetParam" scope="singleton">
	  <property name="procedureColumnName"><value>ca_use_parent_bkt_balance</value></property>
	  <property name="mapTo"><value>use_parent_bkt_balance</value></property>
	  <property name="columnType"><ref bean="java.sql.Types.VARCHAR"></ref></property>
	  <property name="position"><value>10</value></property>
	</bean>	
	
	<bean id="po_ca_acct_status_details_ref_cursor_param_11" class="net.bcgi.util.db.ResultSetParam" scope="singleton">
	  <property name="procedureColumnName"><value>ca_use_own_bkt_balance</value></property>
	  <property name="mapTo"><value>use_own_bkt_balance</value></property>
	  <property name="columnType"><ref bean="java.sql.Types.VARCHAR"></ref></property>
	  <property name="position"><value>11</value></property>
	</bean>	
	<bean id="po_ca_acct_status_details_ref_cursor_param_12" class="net.bcgi.util.db.ResultSetParam" scope="singleton">
	  <property name="procedureColumnName"><value>devcegroup_id</value></property>
	  <property name="mapTo"><value>child_devicegroupids</value></property>
	  <property name="columnType"><ref bean="java.sql.Types.VARCHAR"></ref></property>
	  <property name="position"><value>12</value></property>
	</bean>	
	<bean id="po_ca_acct_status_details_ref_cursor_param_13" class="net.bcgi.util.db.ResultSetParam" scope="singleton">
	  <property name="procedureColumnName"><value>zone_group_ids</value></property>
	  <property name="mapTo"><value>zone_group_ids</value></property>
	  <property name="columnType"><ref bean="java.sql.Types.VARCHAR"></ref></property>
	  <property name="position"><value>13</value></property>
	</bean>	
	
	<bean id="po_ca_parent_bal_details_ref" class="net.bcgi.util.db.ResultSetDef" scope="prototype">
		<property name="resultSetParams">
			<list>
				<ref bean="po_ca_parent_bal_details_ref_cursor_param_1"></ref>
				<ref bean="po_ca_parent_bal_details_ref_cursor_param_2"></ref>
				<ref bean="po_ca_parent_bal_details_ref_cursor_param_3"></ref>
				<ref bean="po_ca_parent_bal_details_ref_cursor_param_4"></ref>
				<ref bean="po_ca_parent_bal_details_ref_cursor_param_5"></ref>
				<ref bean="po_ca_parent_bal_details_ref_cursor_param_6"></ref>
			</list>
		</property>
		<property name="className" value="com.xius.billing.agent.domaindata.impl.ca.GrpAcctBalanceCursorData"/>
	</bean>
	
	<bean id="po_ca_parent_bal_details_ref_cursor_param_1" class="net.bcgi.util.db.ResultSetParam" scope="singleton">
	  <property name="procedureColumnName"><value>msisdn_no</value></property>
	  <property name="mapTo"><value>msisdn_no</value></property>
	  <property name="columnType"><ref bean="java.sql.Types.BIGINT"></ref></property>
	  <property name="position"><value>1</value></property>
	</bean>
	
	<bean id="po_ca_parent_bal_details_ref_cursor_param_2" class="net.bcgi.util.db.ResultSetParam" scope="singleton">
	  <property name="procedureColumnName"><value>ca_grp_id</value></property>
	  <property name="mapTo"><value>ca_grp_id</value></property>
	  <property name="columnType"><ref bean="java.sql.Types.BIGINT"></ref></property>
	  <property name="position"><value>2</value></property>
	</bean>
	
	<bean id="po_ca_parent_bal_details_ref_cursor_param_3" class="net.bcgi.util.db.ResultSetParam" scope="singleton">
	  <property name="procedureColumnName"><value>ca_service_id</value></property>
	  <property name="mapTo"><value>ca_srvc_id</value></property>
	  <property name="columnType"><ref bean="java.sql.Types.BIGINT"></ref></property>
	  <property name="position"><value>3</value></property>
	</bean>
	
	<bean id="po_ca_parent_bal_details_ref_cursor_param_4" class="net.bcgi.util.db.ResultSetParam" scope="singleton">
	  <property name="procedureColumnName"><value>ca_service_name</value></property>
	  <property name="mapTo"><value>ca_srvc_name</value></property>
	  <property name="columnType"><ref bean="java.sql.Types.VARCHAR"></ref></property>
	  <property name="position"><value>4</value></property>
	</bean>
	
	<bean id="po_ca_parent_bal_details_ref_cursor_param_5" class="net.bcgi.util.db.ResultSetParam" scope="singleton">
	  <property name="procedureColumnName"><value>ca_unit_type</value></property>
	  <property name="mapTo"><value>ca_unit_type</value></property>
	  <property name="columnType"><ref bean="java.sql.Types.VARCHAR"></ref></property>
	  <property name="position"><value>5</value></property>
	</bean>
	
	<bean id="po_ca_parent_bal_details_ref_cursor_param_6" class="net.bcgi.util.db.ResultSetParam" scope="singleton">
	  <property name="procedureColumnName"><value>ca_unit_value</value></property>
	  <property name="mapTo"><value>ca_unit_value</value></property>
	  <property name="columnType"><ref bean="java.sql.Types.DECIMAL"></ref></property>
	  <property name="position"><value>6</value></property>
	</bean>
	
	<bean id="po_ca_child_bal_details_ref" class="net.bcgi.util.db.ResultSetDef" scope="prototype">
		<property name="resultSetParams">
			<list>
				<ref bean="po_ca_child_bal_details_ref_cursor_param_1"></ref>
				<ref bean="po_ca_child_bal_details_ref_cursor_param_2"></ref>
				<ref bean="po_ca_child_bal_details_ref_cursor_param_3"></ref>
				<ref bean="po_ca_child_bal_details_ref_cursor_param_4"></ref>
				<ref bean="po_ca_child_bal_details_ref_cursor_param_5"></ref>
				<ref bean="po_ca_child_bal_details_ref_cursor_param_6"></ref>
				<ref bean="po_ca_child_bal_details_ref_cursor_param_7"></ref>
			</list>
		</property>
		<property name="className" value="com.xius.billing.agent.domaindata.impl.ca.GrpAcctBalanceCursorData"/>
	</bean>	
	
	
	<bean id="po_ca_child_bal_details_ref_cursor_param_1" class="net.bcgi.util.db.ResultSetParam" scope="singleton">
	  <property name="procedureColumnName"><value>msisdn_no</value></property>
	  <property name="mapTo"><value>msisdn_no</value></property>
	  <property name="columnType"><ref bean="java.sql.Types.BIGINT"></ref></property>
	  <property name="position"><value>1</value></property>
	</bean>
	
	<bean id="po_ca_child_bal_details_ref_cursor_param_2" class="net.bcgi.util.db.ResultSetParam" scope="singleton">
	  <property name="procedureColumnName"><value>ca_grp_id</value></property>
	  <property name="mapTo"><value>ca_grp_id</value></property>
	  <property name="columnType"><ref bean="java.sql.Types.BIGINT"></ref></property>
	  <property name="position"><value>2</value></property>
	</bean>
	
	<bean id="po_ca_child_bal_details_ref_cursor_param_3" class="net.bcgi.util.db.ResultSetParam" scope="singleton">
	  <property name="procedureColumnName"><value>ca_service_id</value></property>
	  <property name="mapTo"><value>ca_srvc_id</value></property>
	  <property name="columnType"><ref bean="java.sql.Types.BIGINT"></ref></property>
	  <property name="position"><value>3</value></property>
	</bean>
	
	<bean id="po_ca_child_bal_details_ref_cursor_param_4" class="net.bcgi.util.db.ResultSetParam" scope="singleton">
	  <property name="procedureColumnName"><value>ca_service_name</value></property>
	  <property name="mapTo"><value>ca_srvc_name</value></property>
	  <property name="columnType"><ref bean="java.sql.Types.VARCHAR"></ref></property>
	  <property name="position"><value>4</value></property>
	</bean>
	
	<bean id="po_ca_child_bal_details_ref_cursor_param_5" class="net.bcgi.util.db.ResultSetParam" scope="singleton">
	  <property name="procedureColumnName"><value>ca_grp_unit_type</value></property>
	  <property name="mapTo"><value>ca_unit_type</value></property>
	  <property name="columnType"><ref bean="java.sql.Types.VARCHAR"></ref></property>
	  <property name="position"><value>5</value></property>
	</bean>
	
	<bean id="po_ca_child_bal_details_ref_cursor_param_6" class="net.bcgi.util.db.ResultSetParam" scope="singleton">
	  <property name="procedureColumnName"><value>ca_unit_value</value></property>
	  <property name="mapTo"><value>ca_unit_value</value></property>
	  <property name="columnType"><ref bean="java.sql.Types.DECIMAL"></ref></property>
	  <property name="position"><value>6</value></property>
	</bean>	
	
	<bean id="po_ca_child_bal_details_ref_cursor_param_7" class="net.bcgi.util.db.ResultSetParam" scope="singleton">
	  <property name="procedureColumnName"><value>ca_package_unit_topup_charge</value></property>
	  <property name="mapTo"><value>ca_package_unit_topup_charge</value></property>
	  <property name="columnType"><ref bean="java.sql.Types.DECIMAL"></ref></property>
	  <property name="position"><value>7</value></property>
	</bean>	
	
	<bean id="ca_group_view_1" class="net.bcgi.util.db.ParamDef" scope="singleton">
		<property name="name"><value>pi_ca_grp_id</value></property>
		<property name="mapTo"><value>pi_ca_grp_id</value></property>
		<property name="type"><ref bean="java.sql.Types.BIGINT"></ref></property>
		<property name="position"><value>1</value></property>
		<property name="parameterType"><ref bean="net.bcgi.util.db.ParamDef.IN"></ref></property>
	</bean>
	
	<bean id="ca_group_view_2" class="net.bcgi.util.db.ParamDef" scope="singleton">
		<property name="name"><value>pi_network_id</value></property>
		<property name="mapTo"><value>pi_network_id</value></property>
		<property name="type"><ref bean="java.sql.Types.BIGINT"></ref></property>
		<property name="position"><value>2</value></property>
		<property name="parameterType"><ref bean="net.bcgi.util.db.ParamDef.IN"></ref></property>
	</bean>
	
	<bean id="ca_group_view_3" class="net.bcgi.util.db.ParamDef" scope="singleton">
		<property name="name"><value>ca_grp_name</value></property>
		<property name="mapTo"><value>po_grp_name</value></property>
		<property name="type"><ref bean="java.sql.Types.VARCHAR"></ref></property>
		<property name="position"><value>3</value></property>
		<property name="parameterType"><ref bean="net.bcgi.util.db.ParamDef.OUT"></ref></property>
	</bean>
	
	<bean id="ca_group_view_4" class="net.bcgi.util.db.ParamDef" scope="singleton">
		<property name="name"><value>ca_grp_package_id,</value></property>
		<property name="mapTo"><value>po_grp_package_id</value></property>
		<property name="type"><ref bean="java.sql.Types.BIGINT"></ref></property>
		<property name="position"><value>4</value></property>
		<property name="parameterType"><ref bean="net.bcgi.util.db.ParamDef.OUT"></ref></property>
	</bean>
	
	<bean id="ca_group_view_5" class="net.bcgi.util.db.ParamDef" scope="singleton">
		<property name="name"><value>po_ca_package_name</value></property>
		<property name="mapTo"><value>po_ca_package_name</value></property>
		<property name="type"><ref bean="java.sql.Types.VARCHAR"></ref></property>
		<property name="position"><value>5</value></property>
		<property name="parameterType"><ref bean="net.bcgi.util.db.ParamDef.OUT"></ref></property>
	</bean>
	
	<bean id="ca_group_view_6" class="net.bcgi.util.db.ParamDef" scope="singleton">
		<property name="name"><value>ca_grp_parent_accountid</value></property>
		<property name="mapTo"><value>po_grp_parent_accountid</value></property>
		<property name="type"><ref bean="java.sql.Types.BIGINT"></ref></property>
		<property name="position"><value>6</value></property>
		<property name="parameterType"><ref bean="net.bcgi.util.db.ParamDef.OUT"></ref></property>
	</bean>
	
	<bean id="ca_group_view_7" class="net.bcgi.util.db.ParamDef" scope="singleton">
		<property name="name"><value>ca_grp_validity_date</value></property>
		<property name="mapTo"><value>po_grp_validity_date</value></property>
		<property name="type"><ref bean="java.sql.Types.VARCHAR"></ref></property>
		<property name="position"><value>7</value></property>
		<property name="parameterType"><ref bean="net.bcgi.util.db.ParamDef.OUT"></ref></property>
	</bean>
	
	<bean id="ca_group_view_8" class="net.bcgi.util.db.ParamDef" scope="singleton">
		<property name="name"><value>ca_grp_useparentservice_yn</value></property>
		<property name="mapTo"><value>po_grp_useparentservice_yn</value></property>
		<property name="type"><ref bean="java.sql.Types.VARCHAR"></ref></property>
		<property name="position"><value>8</value></property>
		<property name="parameterType"><ref bean="net.bcgi.util.db.ParamDef.OUT"></ref></property>
	</bean>
	
	<bean id="ca_group_view_9" class="net.bcgi.util.db.ParamDef" scope="singleton">
		<property name="name"><value>ca_grp_iterative_yn</value></property>
		<property name="mapTo"><value>po_grp_iterative_yn</value></property>
		<property name="type"><ref bean="java.sql.Types.VARCHAR"></ref></property>
		<property name="position"><value>9</value></property>
		<property name="parameterType"><ref bean="net.bcgi.util.db.ParamDef.OUT"></ref></property>
	</bean>
	
	<bean id="ca_group_view_10" class="net.bcgi.util.db.ParamDef" scope="singleton">
		<property name="name"><value>ca_grp_parent_exp_status_yn</value></property>
		<property name="mapTo"><value>po_grp_parent_exp_status_yn</value></property>
		<property name="type"><ref bean="java.sql.Types.VARCHAR"></ref></property>
		<property name="position"><value>10</value></property>
		<property name="parameterType"><ref bean="net.bcgi.util.db.ParamDef.OUT"></ref></property>
	</bean>	
	
	<bean id="ca_group_view_11" class="net.bcgi.util.db.ParamDef" scope="singleton">
		<property name="name"><value>child_default_limit</value></property>
		<property name="mapTo"><value>po_child_default_limit</value></property>
		<property name="type"><ref bean="java.sql.Types.VARCHAR"></ref></property>
		<property name="position"><value>11</value></property>
		<property name="parameterType"><ref bean="net.bcgi.util.db.ParamDef.OUT"></ref></property>
	</bean>
	
	<bean id="ca_group_view_12" class="net.bcgi.util.db.ParamDef" scope="singleton">
		<property name="name"><value>po_ca_child_bal_details</value></property>
		<property name="mapTo"><value>po_ca_child_bal_details</value></property>
		<property name="type"><ref bean="oracle.jdbc.driver.OracleTypes.CURSOR"></ref></property>
		<property name="position"><value>12</value></property>
		<property name="parameterType"><ref bean="net.bcgi.util.db.ParamDef.OUT"></ref></property>
	</bean>
	
	<bean id="ca_group_view_13" class="net.bcgi.util.db.ParamDef" scope="singleton">
		<property name="name"><value>po_ca_parent_bal_details</value></property>
		<property name="mapTo"><value>po_ca_parent_bal_details</value></property>
		<property name="type"><ref bean="oracle.jdbc.driver.OracleTypes.CURSOR"></ref></property>
		<property name="position"><value>13</value></property>
		<property name="parameterType"><ref bean="net.bcgi.util.db.ParamDef.OUT"></ref></property>
	</bean>
	 
	<bean id="ca_group_view_14" class="net.bcgi.util.db.ParamDef" scope="singleton">
		<property name="name"><value>po_ca_acct_status_details</value></property>
		<property name="mapTo"><value>po_ca_acct_status_details</value></property>
		<property name="type"><ref bean="oracle.jdbc.driver.OracleTypes.CURSOR"></ref></property>
		<property name="position"><value>14</value></property>
		<property name="parameterType"><ref bean="net.bcgi.util.db.ParamDef.OUT"></ref></property>
	</bean>
	
	<bean id="ca_group_view_15" class="net.bcgi.util.db.ParamDef" scope="singleton">
		<property name="name"><value>po_grp_addon_details</value></property>
		<property name="mapTo"><value>po_grp_addon_details</value></property>
		<property name="type"><ref bean="oracle.jdbc.driver.OracleTypes.CURSOR"></ref></property>
		<property name="position"><value>15</value></property>
		<property name="parameterType"><ref bean="net.bcgi.util.db.ParamDef.OUT"></ref></property>
	</bean>
	
	<bean id="ca_group_view_16" class="net.bcgi.util.db.ParamDef" scope="singleton">
		<property name="name"><value>po_ca_child_limit_details</value></property>
		<property name="mapTo"><value>po_ca_child_limit_details</value></property>
		<property name="type"><ref bean="oracle.jdbc.driver.OracleTypes.CURSOR"></ref></property>
		<property name="position"><value>16</value></property>
		<property name="parameterType"><ref bean="net.bcgi.util.db.ParamDef.OUT"></ref></property>
	</bean>
	
	<bean id="ca_group_view_17" class="net.bcgi.util.db.ParamDef" scope="singleton">
		<property name="name"><value>po_group_balance_details</value></property>
		<property name="mapTo"><value>po_group_balance_details</value></property>
		<property name="type"><ref bean="oracle.jdbc.driver.OracleTypes.CURSOR"></ref></property>
		<property name="position"><value>17</value></property>
		<property name="parameterType"><ref bean="net.bcgi.util.db.ParamDef.OUT"></ref></property>
	</bean>
	<bean id="ca_group_view_18" class="net.bcgi.util.db.ParamDef" scope="singleton">
		<property name="name"><value>po_parent_deviceid</value></property>
		<property name="mapTo"><value>po_parent_deviceid</value></property>
		<property name="type"><ref bean="java.sql.Types.VARCHAR"></ref></property>
		<property name="position"><value>18</value></property>
		<property name="parameterType"><ref bean="net.bcgi.util.db.ParamDef.OUT"></ref></property>
	</bean>
	<bean id="ca_group_view_19" class="net.bcgi.util.db.ParamDef" scope="singleton">
		<property name="name"><value>po_parent_zoneids</value></property>
		<property name="mapTo"><value>po_parent_zoneids</value></property>
		<property name="type"><ref bean="java.sql.Types.VARCHAR"></ref></property>
		<property name="position"><value>19</value></property>
		<property name="parameterType"><ref bean="net.bcgi.util.db.ParamDef.OUT"></ref></property>
	</bean>
	<bean id="ca_group_view_20" class="net.bcgi.util.db.ParamDef" scope="singleton">
		<property name="name"><value>po_group_limits_details</value></property>
		<property name="mapTo"><value>po_group_limits_details</value></property>
		<property name="type"><ref bean="oracle.jdbc.driver.OracleTypes.CURSOR"></ref></property>
		<property name="position"><value>20</value></property>
		<property name="parameterType"><ref bean="net.bcgi.util.db.ParamDef.OUT"></ref></property>
	</bean>
	<bean id="ca_group_view_21" class="net.bcgi.util.db.ParamDef" scope="singleton">
 		<property name="name"><value>po_ca_atp_desc</value></property>
 		<property name="mapTo"><value>caATPDesc</value></property>
 		<property name="type"><ref bean="java.sql.Types.VARCHAR"></ref></property>
 		<property name="position"><value>21</value></property>
 	  <property name="parameterType"><ref bean="net.bcgi.util.db.ParamDef.OUT"></ref></property>
 	</bean> 
 	<bean id="ca_group_view_22" class="net.bcgi.util.db.ParamDef" scope="singleton">
 		<property name="name"><value>po_ca_atp_id</value></property>
 		<property name="mapTo"><value>caATPId</value></property>
 		<property name="type"><ref bean="java.sql.Types.VARCHAR"></ref></property>
 		<property name="position"><value>22</value></property>
 	  <property name="parameterType"><ref bean="net.bcgi.util.db.ParamDef.OUT"></ref></property>
 	</bean> 
 	<bean id="ca_group_view_23" class="net.bcgi.util.db.ParamDef" scope="singleton">
   	  <property name="name"><value>po_error_code</value></property>
   	  <property name="mapTo"><value>po_error_code</value></property>
   	  <property name="type"><ref bean="java.sql.Types.BIGINT"></ref></property>
 	  <property name="position"><value>23</value></property>
   	  <property name="parameterType"><ref bean="net.bcgi.util.db.ParamDef.OUT"></ref></property>
   	</bean> 	
 	<bean id="ca_group_view_24" class="net.bcgi.util.db.ParamDef" scope="singleton">
   		<property name="name"><value>po_error_mesg</value></property>
   		<property name="mapTo"><value>po_error_mesg</value></property>
   		<property name="type"><ref bean="java.sql.Types.VARCHAR"></ref></property>
 		<property name="position"><value>24</value></property>
   	  <property name="parameterType"><ref bean="net.bcgi.util.db.ParamDef.OUT"></ref></property>
   	</bean> 	
   </beans>
