<!DOCTYPE beans PUBLIC "-//SPRING//DTD BEAN//EN" "http://www.springframework.org/dtd/spring-beans.dtd">
<beans>
	<bean id="ca_group_update" class="net.bcgi.util.db.SPDefinition" scope="prototype">
	<property name="name"><value>CS_COMMUNITY_ACCOUNT_PACKAGE.ca_group_update</value></property>
	<property name="returnsResult"><value>false</value></property>
	<property name="parameters">
		<list> <!--  parameter list -->
			<ref bean="ca_group_update_1"></ref>
			<ref bean="ca_group_update_2"></ref>	
			<ref bean="ca_group_update_3"></ref>
			<ref bean="ca_group_update_4"></ref>
			<ref bean="ca_group_update_5"></ref>
	 		<ref bean="ca_group_update_6"></ref>
	 		<ref bean="ca_group_update_7"></ref>
	 		<ref bean="ca_group_update_8"></ref>
	 		<ref bean="ca_group_update_9"></ref>
	 		<ref bean="ca_group_update_10"></ref>
	 		<ref bean="ca_group_update_11"></ref>
	 		<ref bean="ca_group_update_12"></ref>
	 		<ref bean="ca_group_update_13"></ref>
	 		<ref bean="ca_group_update_14"></ref>
	 		<ref bean="ca_group_update_15"></ref>
	 		<ref bean="ca_group_update_16"></ref>
	 		<ref bean="ca_group_update_17"></ref>
	 		<ref bean="ca_group_update_18"></ref>
	 		<ref bean="ca_group_update_19"></ref>
	 		<ref bean="ca_group_update_20"></ref>	 		
		</list>
	</property>
	<property name="refCursors">
		<map>
			<entry key="19">
				<ref bean="po_failures_ref1"/>
			</entry>
		</map>
	</property>
	</bean>
	
	<bean id="po_failures_ref1" class="net.bcgi.util.db.ResultSetDef" scope="prototype">
		<property name="resultSetParams">
			<list>
				<ref bean="po_failures_ref1_cursor_param_1"></ref>
				<ref bean="po_failures_ref1_cursor_param_2"></ref>
			</list>
		</property>
		<property name="className" value="com.xius.billing.agent.domaindata.impl.ca.FailureDetailsRefCursorData"/>
	</bean>	
	
	<bean id="po_failures_ref1_cursor_param_1" class="net.bcgi.util.db.ResultSetParam" scope="singleton">
	  <property name="procedureColumnName"><value>msisdn</value></property>
	  <property name="mapTo"><value>id</value></property>
	  <property name="columnType"><ref bean="java.sql.Types.VARCHAR"></ref></property>
	  <property name="position"><value>1</value></property>
	</bean>
	<bean id="po_failures_ref1_cursor_param_2" class="net.bcgi.util.db.ResultSetParam" scope="singleton">
	  <property name="procedureColumnName"><value>failure_reason</value></property>
	  <property name="mapTo"><value>failureReason</value></property>
	  <property name="columnType"><ref bean="java.sql.Types.VARCHAR"></ref></property>
	  <property name="position"><value>2</value></property>
	</bean>
	
	<bean id="ca_group_update_1" class="net.bcgi.util.db.ParamDef" scope="singleton">
		<property name="name"><value>pi_grp_id</value></property>
		<property name="mapTo"><value>pi_grp_id</value></property>
		<property name="type"><ref bean="java.sql.Types.BIGINT"></ref></property>
		<property name="position"><value>1</value></property>
		<property name="parameterType"><ref bean="net.bcgi.util.db.ParamDef.IN"></ref></property>
	</bean>
	
	<bean id="ca_group_update_2" class="net.bcgi.util.db.ParamDef" scope="singleton">
		<property name="name"><value>pi_grp_name</value></property>
		<property name="mapTo"><value>pi_grp_name</value></property>
		<property name="type"><ref bean="java.sql.Types.VARCHAR"></ref></property>
		<property name="position"><value>2</value></property>
		<property name="parameterType"><ref bean="net.bcgi.util.db.ParamDef.IN"></ref></property>
	</bean>
	
	<bean id="ca_group_update_3" class="net.bcgi.util.db.ParamDef" scope="singleton">
		<property name="name"><value>pi_grp_package_id</value></property>
		<property name="mapTo"><value>pi_grp_package_id</value></property>
		<property name="type"><ref bean="java.sql.Types.BIGINT"></ref></property>
		<property name="position"><value>3</value></property>
		<property name="parameterType"><ref bean="net.bcgi.util.db.ParamDef.IN"></ref></property>
	</bean>
	
	<bean id="ca_group_update_4" class="net.bcgi.util.db.ParamDef" scope="singleton">
		<property name="name"><value>pi_grp_parent_accountid</value></property>
		<property name="mapTo"><value>pi_grp_parent_accountid</value></property>
		<property name="type"><ref bean="java.sql.Types.BIGINT"></ref></property>
		<property name="position"><value>4</value></property>
		<property name="parameterType"><ref bean="net.bcgi.util.db.ParamDef.IN"></ref></property>
	</bean>
	
	<bean id="ca_group_update_5" class="net.bcgi.util.db.ParamDef" scope="singleton">
		<property name="name"><value>pi_grp_useparentservice_yn</value></property>
		<property name="mapTo"><value>pi_grp_useparentservice_yn</value></property>
		<property name="type"><ref bean="java.sql.Types.VARCHAR"></ref></property>
		<property name="position"><value>5</value></property>
		<property name="parameterType"><ref bean="net.bcgi.util.db.ParamDef.IN"></ref></property>
	</bean>
	
	<bean id="ca_group_update_6" class="net.bcgi.util.db.ParamDef" scope="singleton">
		<property name="name"><value>pi_grp_iterative_yn</value></property>
		<property name="mapTo"><value>pi_grp_iterative_yn</value></property>
		<property name="type"><ref bean="java.sql.Types.VARCHAR"></ref></property>
		<property name="position"><value>6</value></property>
		<property name="parameterType"><ref bean="net.bcgi.util.db.ParamDef.IN"></ref></property>
	</bean>
	
	<bean id="ca_group_update_7" class="net.bcgi.util.db.ParamDef" scope="singleton">
		<property name="name"><value>pi_grp_parent_exp_status_yn</value></property>
		<property name="mapTo"><value>pi_grp_parent_exp_status_yn</value></property>
		<property name="type"><ref bean="java.sql.Types.VARCHAR"></ref></property>
		<property name="position"><value>7</value></property>
		<property name="parameterType"><ref bean="net.bcgi.util.db.ParamDef.IN"></ref></property>
	</bean>
	
	<bean id="ca_group_update_8" class="net.bcgi.util.db.ParamDef" scope="singleton">
		<property name="name"><value>pi_home_network_id</value></property>
		<property name="mapTo"><value>pi_network_id</value></property>
		<property name="type"><ref bean="java.sql.Types.BIGINT"></ref></property>
		<property name="position"><value>8</value></property>
		<property name="parameterType"><ref bean="net.bcgi.util.db.ParamDef.IN"></ref></property>
	</bean>
	
	<bean id="ca_group_update_9" class="net.bcgi.util.db.ParamDef" scope="singleton">
		<property name="name"><value>pi_child_default_limit</value></property>
		<property name="mapTo"><value>pi_child_default_limit</value></property>
		<property name="type"><ref bean="java.sql.Types.VARCHAR"></ref></property>
		<property name="position"><value>9</value></property>
		<property name="parameterType"><ref bean="net.bcgi.util.db.ParamDef.IN"></ref></property>
	</bean>
	
	<bean id="ca_group_update_10" class="net.bcgi.util.db.ParamDef" scope="singleton">
		<property name="name"><value>pi_grp_addon_featureid</value></property>
		<property name="mapTo"><value>pi_grp_addon_featureid</value></property>
		<property name="type"><ref bean="java.sql.Types.ARRAY"></ref></property>
		<property name="arrayName"><value>ARR_NUMB</value></property>
		<property name="position"><value>10</value></property>
		<property name="parameterType"><ref bean="net.bcgi.util.db.ParamDef.IN"></ref></property>
	</bean>
	
	<bean id="ca_group_update_11" class="net.bcgi.util.db.ParamDef" scope="singleton">
		<property name="name"><value>pi_ca_msisdn</value></property>
		<property name="mapTo"><value>pi_ca_msisdn</value></property>
		<property name="type"><ref bean="java.sql.Types.ARRAY"></ref></property>
		<property name="arrayName"><value>ARR_NUMB</value></property>
		<property name="position"><value>11</value></property>
		<property name="parameterType"><ref bean="net.bcgi.util.db.ParamDef.IN"></ref></property>
	</bean>
	
	<bean id="ca_group_update_12" class="net.bcgi.util.db.ParamDef" scope="singleton">
		<property name="name"><value>pi_acct_bal_details</value></property>
		<property name="mapTo"><value>pi_acct_bal_details</value></property>
		<property name="type"><ref bean="java.sql.Types.ARRAY"></ref></property>
		<property name="arrayName"><value>ARR_VARCHAR</value></property>
		<property name="position"><value>12</value></property>
		<property name="parameterType"><ref bean="net.bcgi.util.db.ParamDef.IN"></ref></property>
	</bean>
	 
	<bean id="ca_group_update_13" class="net.bcgi.util.db.ParamDef" scope="singleton">
		<property name="name"><value>pi_use_parent_ca_balance</value></property>
		<property name="mapTo"><value>pi_use_parent_ca_balance</value></property>
		<property name="type"><ref bean="java.sql.Types.ARRAY"></ref></property>
		<property name="arrayName"><value>ARR_VARCHAR</value></property>
		<property name="position"><value>13</value></property>
		<property name="parameterType"><ref bean="net.bcgi.util.db.ParamDef.IN"></ref></property>
	</bean>
	
	<bean id="ca_group_update_14" class="net.bcgi.util.db.ParamDef" scope="singleton">
		<property name="name"><value>pi_use_parent_core_balance</value></property>
		<property name="mapTo"><value>pi_use_parent_core_balance</value></property>
		<property name="type"><ref bean="java.sql.Types.ARRAY"></ref></property>
		<property name="arrayName"><value>ARR_VARCHAR</value></property>
		<property name="position"><value>14</value></property>
		<property name="parameterType"><ref bean="net.bcgi.util.db.ParamDef.IN"></ref></property>
	</bean>	
	
	<bean id="ca_group_update_15" class="net.bcgi.util.db.ParamDef" scope="singleton">
		<property name="name"><value>pi_ca_account_allowed_bal</value></property>
		<property name="mapTo"><value>pi_ca_account_allowed_bal</value></property>
		<property name="type"><ref bean="java.sql.Types.ARRAY"></ref></property>
		<property name="arrayName"><value>ARR_NUMB</value></property>
		<property name="position"><value>15</value></property>
		<property name="parameterType"><ref bean="net.bcgi.util.db.ParamDef.IN"></ref></property>
	</bean>
	
	<bean id="ca_group_update_16" class="net.bcgi.util.db.ParamDef" scope="singleton">
		<property name="name"><value>pi_acct_chaild_limit_details</value></property>
		<property name="mapTo"><value>pi_acct_chaild_limit_details</value></property>
		<property name="type"><ref bean="java.sql.Types.ARRAY"></ref></property>
		<property name="arrayName"><value>ARR_VARCHAR</value></property>
		<property name="position"><value>16</value></property>
		<property name="parameterType"><ref bean="net.bcgi.util.db.ParamDef.IN"></ref></property>
	</bean>
	<bean id="ca_group_update_17" class="net.bcgi.util.db.ParamDef" scope="singleton">
	  <property name="name"><value>pi_ca_user_type</value></property>
	  <property name="mapTo"><value>pi_user_type</value></property>
	  <property name="type"><ref bean="java.sql.Types.VARCHAR"></ref></property>
	  <property name="position"><value>17</value></property>
	  <property name="parameterType"><ref bean="net.bcgi.util.db.ParamDef.IN"></ref></property>
	</bean> 	
	<bean id="ca_group_update_18" class="net.bcgi.util.db.ParamDef" scope="singleton">
	  <property name="name"><value>pi_user_id</value></property>
	  <property name="mapTo"><value>pi_user_id</value></property>
	  <property name="type"><ref bean="java.sql.Types.VARCHAR"></ref></property>
	  <property name="position"><value>18</value></property>
	  <property name="parameterType"><ref bean="net.bcgi.util.db.ParamDef.IN"></ref></property>
	</bean> 
	<bean id="ca_group_update_19" class="net.bcgi.util.db.ParamDef" scope="singleton">
		<property name="name"><value>po_error_details</value></property>
		<property name="mapTo"><value>po_error_details</value></property>
		<property name="type"><ref bean="oracle.jdbc.driver.OracleTypes.CURSOR"></ref></property>
		<property name="position"><value>19</value></property>
		<property name="parameterType"><ref bean="net.bcgi.util.db.ParamDef.OUT"></ref></property>
	</bean>
	<bean id="ca_group_update_20" class="net.bcgi.util.db.ParamDef" scope="singleton">
	  <property name="name"><value>po_error_code</value></property>
	  <property name="mapTo"><value>po_error_code</value></property>
	  <property name="type"><ref bean="java.sql.Types.BIGINT"></ref></property>
	  <property name="position"><value>20</value></property>
	  <property name="parameterType"><ref bean="net.bcgi.util.db.ParamDef.OUT"></ref></property>
	</bean> 	
</beans>