<!DOCTYPE beans PUBLIC "-//SPRING//DTD BEAN//EN" "http://www.springframework.org/dtd/spring-beans.dtd">
<beans>
	<bean id="ca_group_immediate_deactivate" class="net.bcgi.util.db.SPDefinition" scope="prototype">
	<property name="name"><value>CA_GROUP_IMMEDIATE_DEACTIVATE</value></property>
	<property name="returnsResult"><value>false</value></property>
	<property name="parameters">
		<list> <!--  parameter list -->
			<ref bean="deact_ca_grp_immd_account_1"></ref>
			<ref bean="deact_ca_grp_immd_account_2"></ref>	
			<ref bean="deact_ca_grp_immd_account_3"></ref>
			<ref bean="deact_ca_grp_immd_account_4"></ref>
	 		<ref bean="deact_ca_grp_immd_account_5"></ref>	 		
		</list>
	</property>
	</bean>
	
	<bean id="deact_ca_grp_immd_account_1" class="net.bcgi.util.db.ParamDef" scope="singleton">
	  <property name="name"><value>pi_grp_id</value></property>
	  <property name="mapTo"><value>pi_grp_id</value></property>
	  <property name="type"><ref bean="java.sql.Types.BIGINT"></ref></property>
	  <property name="position"><value>1</value></property>
	  <property name="parameterType"><ref bean="net.bcgi.util.db.ParamDef.IN"></ref></property>
	</bean>
	<bean id="deact_ca_grp_immd_account_2" class="net.bcgi.util.db.ParamDef" scope="singleton">
	  <property name="name"><value>pi_account_id</value></property>
	  <property name="mapTo"><value>pi_account_id</value></property>
	  <property name="type"><ref bean="java.sql.Types.BIGINT"></ref></property>
	  <property name="position"><value>2</value></property>
	  <property name="parameterType"><ref bean="net.bcgi.util.db.ParamDef.IN"></ref></property>
	</bean>
	
	<bean id="deact_ca_grp_immd_account_3" class="net.bcgi.util.db.ParamDef" scope="singleton">
		<property name="name"><value>pi_network_id</value></property>
		<property name="mapTo"><value>pi_network_id</value></property>
		<property name="type"><ref bean="java.sql.Types.BIGINT"></ref></property>
		<property name="position"><value>3</value></property>
		<property name="parameterType"><ref bean="net.bcgi.util.db.ParamDef.IN"></ref></property>
	</bean>
	
	<bean id="deact_ca_grp_immd_account_4" class="net.bcgi.util.db.ParamDef" scope="singleton">
	  <property name="name"><value>po_error_code</value></property>
	  <property name="mapTo"><value>po_error_code</value></property>
	  <property name="type"><ref bean="java.sql.Types.BIGINT"></ref></property>
	  <property name="position"><value>4</value></property>
	  <property name="parameterType"><ref bean="net.bcgi.util.db.ParamDef.OUT"></ref></property>
	</bean> 	
	
	<bean id="deact_ca_grp_immd_account_5" class="net.bcgi.util.db.ParamDef" scope="singleton">
	  <property name="name"><value>po_error_mesg</value></property>
	  <property name="mapTo"><value>po_error_mesg</value></property>
	  <property name="type"><ref bean="java.sql.Types.VARCHAR"></ref></property>
	  <property name="position"><value>5</value></property>
	  <property name="parameterType"><ref bean="net.bcgi.util.db.ParamDef.OUT"></ref></property>
	</bean>
</beans>