<!DOCTYPE beans PUBLIC "-//SPRING//DTD BEAN//EN" "http://www.springframework.org/dtd/spring-beans.dtd">
<beans>
	<bean id="ca_package_view" class="net.bcgi.util.db.SPDefinition" scope="prototype">
		<property name="name"><value>CS_COMMUNITY_ACCOUNT_PACKAGE.ca_package_view</value></property>
		<property name="returnsResult"><value>false</value></property>
		<property name="parameters">
		<list> <!--  parameter list -->
			<ref bean="ca_package_view_param_1"></ref>
			<ref bean="ca_package_view_param_2"></ref>
			<ref bean="ca_package_view_param_3"></ref>
			<ref bean="ca_package_view_param_4"></ref>
			<ref bean="ca_package_view_param_5"></ref>
			<ref bean="ca_package_view_param_6"></ref>
			<ref bean="ca_package_view_param_7"></ref>
			<ref bean="ca_package_view_param_8"></ref>
			<ref bean="ca_package_view_param_9"></ref>
			<ref bean="ca_package_view_param_10"></ref>
			<ref bean="ca_package_view_param_11"></ref>
			
		</list>
		</property>
		<property name="refCursors">
			<map>
				<entry key="4">
					<ref bean="po_ref_package_details"/>
				</entry>
				<entry key="5">
					<ref bean="po_ref_addon_details"/>
				</entry>
				<entry key="6">
					<ref bean="po_ref_servc_calndr_details"/>
				</entry>
				<entry key="7">
					<ref bean="po_ref_servc_units_details"/>
				</entry>
				<entry key="8"> <ref bean="po_ref_device_group_details"/> </entry>
				<entry key="9"> <ref bean="po_ref_data_zone_group_details"/> </entry>
			</map>
		</property>		
	</bean>
	
	<bean id="po_ref_device_group_details" class="net.bcgi.util.db.ResultSetDef" scope="prototype">
		<property name="resultSetParams">
			<list>
				<ref bean="po_ref_device_group_details_param_1"></ref>
				<ref bean="po_ref_device_group_details_param_2"></ref>
			</list>
		</property>
		<property name="className" value="com.xius.billing.agent.domaindata.impl.ca.DeviceInfoCursorData"/>
	</bean>	
	<bean id="po_ref_data_zone_group_details" class="net.bcgi.util.db.ResultSetDef" scope="prototype">
		<property name="resultSetParams">
			<list>
				<ref bean="po_ref_data_zone_group_details_param_1"></ref>
				<ref bean="po_ref_data_zone_group_details_param_2"></ref>
			</list>
		</property>
		<property name="className" value="com.xius.billing.agent.domaindata.impl.ca.DataZoneInfoCursorData"/>
	</bean>	
	<bean id="po_ref_servc_units_details" class="net.bcgi.util.db.ResultSetDef" scope="prototype">
		<property name="resultSetParams">
			<list>
				<ref bean="po_ref_servc_units_details_param_1"></ref>
				<ref bean="po_ref_servc_units_details_param_2"></ref>
				<ref bean="po_ref_servc_units_details_param_3"></ref>
				<ref bean="po_ref_servc_units_details_param_4"></ref>
				<ref bean="po_ref_servc_units_details_param_5"></ref>
				<ref bean="po_ref_servc_units_details_param_6"></ref>		
				<ref bean="po_ref_servc_units_details_param_7"></ref>		
				<ref bean="po_ref_servc_units_details_param_8"></ref>	
				<ref bean="po_ref_servc_units_details_param_9"></ref>	
			</list>
		</property>
		<property name="className" value="com.xius.billing.agent.domaindata.impl.ca.PkgServiceCalendarUnitsData"/>
	</bean>	
	
	<bean id="po_ref_package_details" class="net.bcgi.util.db.ResultSetDef" scope="prototype">
		<property name="resultSetParams">
			<list>
				<ref bean="po_ref_package_details_param_1"></ref>
				<ref bean="po_ref_package_details_param_2"></ref>
				<ref bean="po_ref_package_details_param_3"></ref>
				<ref bean="po_ref_package_details_param_4"></ref>
				<ref bean="po_ref_package_details_param_5"></ref>
				<ref bean="po_ref_package_details_param_6"></ref>
				<ref bean="po_ref_package_details_param_7"></ref>
				<ref bean="po_ref_package_details_param_8"></ref>
				<ref bean="po_ref_package_details_param_9"></ref>
				<ref bean="po_ref_package_details_param_10"></ref>
				<ref bean="po_ref_package_details_param_11"></ref>
				<ref bean="po_ref_package_details_param_12"></ref>
				<ref bean="po_ref_package_details_param_13"></ref>
				<ref bean="po_ref_package_details_param_14"></ref>
			</list>
		</property>
		<property name="className" value="com.xius.billing.agent.domaindata.impl.ca.PkgInfoCursorData"/>
	</bean>	
	
	<bean id="po_ref_addon_details" class="net.bcgi.util.db.ResultSetDef" scope="prototype">
		<property name="resultSetParams">
			<list>
				<ref bean="po_ref_addon_details_param_1"></ref>
				<ref bean="po_ref_addon_details_param_2"></ref>
				<ref bean="po_ref_addon_details_param_3"></ref>
				<ref bean="po_ref_addon_details_param_4"></ref>
				<ref bean="po_ref_addon_details_param_5"></ref>				
				<ref bean="po_ref_addon_details_param_6"></ref>				
			</list>
		</property>
		<property name="className" value="com.xius.billing.agent.domaindata.impl.ca.PkgAddonMapCursorData"/>
	</bean>
	
	<bean id="po_ref_servc_calndr_details" class="net.bcgi.util.db.ResultSetDef" scope="prototype">
		<property name="resultSetParams">
			<list>
				<ref bean="po_ref_servc_calndr_details_param_1"></ref>
				<ref bean="po_ref_servc_calndr_details_param_2"></ref>
				<ref bean="po_ref_servc_calndr_details_param_3"></ref>
				<ref bean="po_ref_servc_calndr_details_param_4"></ref>
				<ref bean="po_ref_servc_calndr_details_param_5"></ref>
				<ref bean="po_ref_servc_calndr_details_param_6"></ref>
				<ref bean="po_ref_servc_calndr_details_param_7"></ref>	
				<ref bean="po_ref_servc_calndr_details_param_8"></ref>
				<!-- 
				<ref bean="po_ref_servc_calndr_details_param_9"></ref>	
				<ref bean="po_ref_servc_calndr_details_param_10"></ref>	
				 -->					
			</list>
		</property>
		<property name="className" value="com.xius.billing.agent.domaindata.impl.ca.PkgServiceCalendarCursorData"/>
	</bean>
	
	<!-- Ref Cursor po_ref_servc_units_details -->
	<bean id="po_ref_servc_units_details_param_1" class="net.bcgi.util.db.ResultSetParam" scope="singleton">
	  <property name="procedureColumnName"><value>ca_package_id</value></property>
	  <property name="mapTo"><value>ca_package_id</value></property>
	  <property name="columnType"><ref bean="java.sql.Types.BIGINT"></ref></property>
	  <property name="position"><value>1</value></property>
	</bean>
	
	<bean id="po_ref_servc_units_details_param_2" class="net.bcgi.util.db.ResultSetParam" scope="singleton">
	  <property name="procedureColumnName"><value>ca_service_id</value></property>
	  <property name="mapTo"><value>ca_service_id</value></property>
	  <property name="columnType"><ref bean="java.sql.Types.BIGINT"></ref></property>
	  <property name="position"><value>2</value></property>
	</bean>
	
	<bean id="po_ref_servc_units_details_param_3" class="net.bcgi.util.db.ResultSetParam" scope="singleton">
	  <property name="procedureColumnName"><value>ca_home_network_id</value></property>
	  <property name="mapTo"><value>ca_home_network_id</value></property>
	  <property name="columnType"><ref bean="java.sql.Types.BIGINT"></ref></property>
	  <property name="position"><value>3</value></property>
	</bean>
	
	<bean id="po_ref_servc_units_details_param_4" class="net.bcgi.util.db.ResultSetParam" scope="singleton">
	  <property name="procedureColumnName"><value>ca_package_unit_type</value></property>
	  <property name="mapTo"><value>ca_package_unit_type</value></property>
	  <property name="columnType"><ref bean="java.sql.Types.VARCHAR"></ref></property>
	  <property name="position"><value>4</value></property>
	</bean>
	
	<bean id="po_ref_servc_units_details_param_5" class="net.bcgi.util.db.ResultSetParam" scope="singleton">
	  <property name="procedureColumnName"><value>ca_package_unit_value</value></property>
	  <property name="mapTo"><value>ca_package_unit_value</value></property>
	  <property name="columnType"><ref bean="java.sql.Types.BIGINT"></ref></property>
	  <property name="position"><value>5</value></property>
	</bean>
	
	<bean id="po_ref_servc_units_details_param_6" class="net.bcgi.util.db.ResultSetParam" scope="singleton">
	  <property name="procedureColumnName"><value>ca_service_name</value></property>
	  <property name="mapTo"><value>ca_service_name</value></property>
	  <property name="columnType"><ref bean="java.sql.Types.VARCHAR"></ref></property>
	  <property name="position"><value>6</value></property>
	</bean>
	
	<bean id="po_ref_servc_units_details_param_7" class="net.bcgi.util.db.ResultSetParam" scope="singleton">
	  <property name="procedureColumnName"><value>ca_package_unit_topup_charge</value></property>
	  <property name="mapTo"><value>ca_package_unit_topup_charge</value></property>
	  <property name="columnType"><ref bean="java.sql.Types.DECIMAL"></ref></property>
	  <property name="position"><value>7</value></property>
	</bean>
	<bean id="po_ref_servc_units_details_param_8" class="net.bcgi.util.db.ResultSetParam" scope="singleton">
	  <property name="procedureColumnName"><value>ca_serv_unit_max_trans_pecen</value></property>
	  <property name="mapTo"><value>servUnitMaxTransPecen</value></property>
	  <property name="columnType"><ref bean="java.sql.Types.BIGINT"></ref></property>
	  <property name="position"><value>8</value></property>
	</bean>
	<bean id="po_ref_servc_units_details_param_9" class="net.bcgi.util.db.ResultSetParam" scope="singleton">
	  <property name="procedureColumnName"><value>servUnitMaxTransLimit</value></property>
	  <property name="mapTo"><value>servUnitMaxTransLimit</value></property>
	  <property name="columnType"><ref bean="java.sql.Types.BIGINT"></ref></property>
	  <property name="position"><value>9</value></property>
	</bean>
	
	
	<!-- End of Ref Cursor po_ref_servc_units_details -->
	
	<!-- Ref Cursor po_service_calendar_details -->
	
	<bean id="po_ref_servc_calndr_details_param_1" class="net.bcgi.util.db.ResultSetParam" scope="singleton">
	  <property name="procedureColumnName"><value>ca_package_id</value></property>
	  <property name="mapTo"><value>ca_package_id</value></property>
	  <property name="columnType"><ref bean="java.sql.Types.BIGINT"></ref></property>
	  <property name="position"><value>1</value></property>
	</bean>
	
	<bean id="po_ref_servc_calndr_details_param_2" class="net.bcgi.util.db.ResultSetParam" scope="singleton">
	  <property name="procedureColumnName"><value>ca_service_id</value></property>
	  <property name="mapTo"><value>ca_service_id</value></property>
	  <property name="columnType"><ref bean="java.sql.Types.BIGINT"></ref></property>
	  <property name="position"><value>2</value></property>
	</bean>
	
	<bean id="po_ref_servc_calndr_details_param_3" class="net.bcgi.util.db.ResultSetParam" scope="singleton">
	  <property name="procedureColumnName"><value>ca_calendar_id</value></property>
	  <property name="mapTo"><value>ca_calendar_id</value></property>
	  <property name="columnType"><ref bean="java.sql.Types.BIGINT"></ref></property>
	  <property name="position"><value>3</value></property>
	</bean>
	
	<bean id="po_ref_servc_calndr_details_param_4" class="net.bcgi.util.db.ResultSetParam" scope="singleton">
	  <property name="procedureColumnName"><value>ca_vist_network_id</value></property>
	  <property name="mapTo"><value>ca_vist_network_id</value></property>
	  <property name="columnType"><ref bean="java.sql.Types.BIGINT"></ref></property>
	  <property name="position"><value>4</value></property>
	</bean>
	
	<bean id="po_ref_servc_calndr_details_param_5" class="net.bcgi.util.db.ResultSetParam" scope="singleton">
	  <property name="procedureColumnName"><value>ca_home_network_id</value></property>
	  <property name="mapTo"><value>ca_home_network_id</value></property>
	  <property name="columnType"><ref bean="java.sql.Types.BIGINT"></ref></property>
	  <property name="position"><value>5</value></property>
	</bean>
	
	<!-- 
	<bean id="po_ref_servc_calndr_details_param_6" class="net.bcgi.util.db.ResultSetParam" scope="singleton">
	  <property name="procedureColumnName"><value>ca_package_unit_type</value></property>
	  <property name="mapTo"><value>ca_package_unit_type</value></property>
	  <property name="columnType"><ref bean="java.sql.Types.VARCHAR"></ref></property>
	  <property name="position"><value>6</value></property>
	</bean>
	
	<bean id="po_ref_servc_calndr_details_param_7" class="net.bcgi.util.db.ResultSetParam" scope="singleton">
	  <property name="procedureColumnName"><value>ca_package_unit_value</value></property>
	  <property name="mapTo"><value>ca_package_unit_value</value></property>
	  <property name="columnType"><ref bean="java.sql.Types.BIGINT"></ref></property>
	  <property name="position"><value>7</value></property>
	</bean>
	 -->
	<bean id="po_ref_servc_calndr_details_param_6" class="net.bcgi.util.db.ResultSetParam" scope="singleton">
	  <property name="procedureColumnName"><value>ca_service_name</value></property>
	  <property name="mapTo"><value>ca_service_name</value></property>
	  <property name="columnType"><ref bean="java.sql.Types.VARCHAR"></ref></property>
	  <property name="position"><value>6</value></property>
	</bean>
	
	<bean id="po_ref_servc_calndr_details_param_7" class="net.bcgi.util.db.ResultSetParam" scope="singleton">
	  <property name="procedureColumnName"><value>ca_calendar_name</value></property>
	  <property name="mapTo"><value>ca_calendar_name</value></property>
	  <property name="columnType"><ref bean="java.sql.Types.VARCHAR"></ref></property>
	  <property name="position"><value>7</value></property>
	</bean>
	
	<bean id="po_ref_servc_calndr_details_param_8" class="net.bcgi.util.db.ResultSetParam" scope="singleton">
	  <property name="procedureColumnName"><value>ca_visiting_networkname</value></property>
	  <property name="mapTo"><value>ca_visiting_networkname</value></property>
	  <property name="columnType"><ref bean="java.sql.Types.VARCHAR"></ref></property>
	  <property name="position"><value>8</value></property>
	</bean>

	<!-- End of Ref Cursor po_service_calendar_details -->
	
	<!-- Ref Cursor po_addon_details -->
	
	<bean id="po_ref_addon_details_param_1" class="net.bcgi.util.db.ResultSetParam" scope="singleton">
	  <property name="procedureColumnName"><value>ca_package_id</value></property>
	  <property name="mapTo"><value>ca_package_id</value></property>
	  <property name="columnType"><ref bean="java.sql.Types.BIGINT"></ref></property>
	  <property name="position"><value>1</value></property>
	</bean>
	
	<bean id="po_ref_addon_details_param_2" class="net.bcgi.util.db.ResultSetParam" scope="singleton">
	  <property name="procedureColumnName"><value>ca_home_network_id</value></property>
	  <property name="mapTo"><value>ca_home_network_id</value></property>
	  <property name="columnType"><ref bean="java.sql.Types.BIGINT"></ref></property>
	  <property name="position"><value>2</value></property>
	</bean>
	
	<bean id="po_ref_addon_details_param_3" class="net.bcgi.util.db.ResultSetParam" scope="singleton">
	  <property name="procedureColumnName"><value>ca_package_addon_feature_id</value></property>
	  <property name="mapTo"><value>ca_package_addon_feature_id</value></property>
	  <property name="columnType"><ref bean="java.sql.Types.BIGINT"></ref></property>
	  <property name="position"><value>3</value></property>
	</bean>
	
	<bean id="po_ref_addon_details_param_4" class="net.bcgi.util.db.ResultSetParam" scope="singleton">
	  <property name="procedureColumnName"><value>ca_package_addon_charge</value></property>
	  <property name="mapTo"><value>ca_package_addon_charge</value></property>
	  <property name="columnType"><ref bean="java.sql.Types.DECIMAL"></ref></property>
	  <property name="position"><value>4</value></property>
	</bean>
	
	<!-- <bean id="po_ref_addon_details_param_5" class="net.bcgi.util.db.ResultSetParam" scope="singleton">
	  <property name="procedureColumnName"><value>ca_addon_calander_id</value></property>
	  <property name="mapTo"><value>ca_addon_calander_id</value></property>
	  <property name="columnType"><ref bean="java.sql.Types.BIGINT"></ref></property>
	  <property name="position"><value>5</value></property>
	</bean> -->
	
	<bean id="po_ref_addon_details_param_5" class="net.bcgi.util.db.ResultSetParam" scope="singleton">
	  <property name="procedureColumnName"><value>ca_feature_name</value></property>
	  <property name="mapTo"><value>ca_feature_name</value></property>
	  <property name="columnType"><ref bean="java.sql.Types.VARCHAR"></ref></property>
	  <property name="position"><value>5</value></property>
	</bean>
	
	<!-- <bean id="po_ref_addon_details_param_7" class="net.bcgi.util.db.ResultSetParam" scope="singleton">
	  <property name="procedureColumnName"><value>ca_calendar_name</value></property>
	  <property name="mapTo"><value>ca_calendar_name</value></property>
	  <property name="columnType"><ref bean="java.sql.Types.VARCHAR"></ref></property>
	  <property name="position"><value>7</value></property>
	</bean> -->
	
	<bean id="po_ref_addon_details_param_6" class="net.bcgi.util.db.ResultSetParam" scope="singleton">
	  <property name="procedureColumnName"><value>ca_addon_priority</value></property>
	  <property name="mapTo"><value>ca_addon_priority</value></property>
	  <property name="columnType"><ref bean="java.sql.Types.BIGINT"></ref></property>
	  <property name="position"><value>6</value></property>
	</bean>
	
	<!-- End of Ref Cursor po_addon_details -->	
	
	<!-- Ref Cursor po_ca_package_details -->
	
	<bean id="po_ref_package_details_param_1" class="net.bcgi.util.db.ResultSetParam" scope="singleton">
	  <property name="procedureColumnName"><value>ca_package_id</value></property>
	  <property name="mapTo"><value>ca_package_id</value></property>
	  <property name="columnType"><ref bean="java.sql.Types.BIGINT"></ref></property>
	  <property name="position"><value>1</value></property>
	</bean>
	
	<bean id="po_ref_package_details_param_2" class="net.bcgi.util.db.ResultSetParam" scope="singleton">
	  <property name="procedureColumnName"><value>ca_package_name</value></property>
	  <property name="mapTo"><value>ca_package_name</value></property>
	  <property name="columnType"><ref bean="java.sql.Types.VARCHAR"></ref></property>
	  <property name="position"><value>2</value></property>
	</bean>
	<bean id="po_ref_package_details_param_3" class="net.bcgi.util.db.ResultSetParam" scope="singleton">
	  <property name="procedureColumnName"><value>ca_package_default_lines</value></property>
	  <property name="mapTo"><value>ca_package_default_lines</value></property>
	  <property name="columnType"><ref bean="java.sql.Types.INTEGER"></ref></property>
	  <property name="position"><value>3</value></property>
	</bean>
	<bean id="po_ref_package_details_param_4" class="net.bcgi.util.db.ResultSetParam" scope="singleton">
	  <property name="procedureColumnName"><value>ca_package_rental_amount</value></property>
	  <property name="mapTo"><value>ca_package_rental_amount</value></property>
	  <property name="columnType"><ref bean="java.sql.Types.DECIMAL"></ref></property>
	  <property name="position"><value>4</value></property>
	</bean>
	<bean id="po_ref_package_details_param_5" class="net.bcgi.util.db.ResultSetParam" scope="singleton">
	  <property name="procedureColumnName"><value>ca_package_addnl_line_charge</value></property>
	  <property name="mapTo"><value>ca_package_addnl_line_charge</value></property>
	  <property name="columnType"><ref bean="java.sql.Types.DECIMAL"></ref></property>
	  <property name="position"><value>5</value></property>
	</bean>
	<bean id="po_ref_package_details_param_6" class="net.bcgi.util.db.ResultSetParam" scope="singleton">
	  <property name="procedureColumnName"><value>ca_package_rollover_yn</value></property>
	  <property name="mapTo"><value>ca_package_rollover_yn</value></property>
	  <property name="columnType"><ref bean="java.sql.Types.VARCHAR"></ref></property>
	  <property name="position"><value>6</value></property>
	</bean>
	<bean id="po_ref_package_details_param_7" class="net.bcgi.util.db.ResultSetParam" scope="singleton">
	  <property name="procedureColumnName"><value>ca_package_plan</value></property>
	  <property name="mapTo"><value>ca_package_plan</value></property>
	  <property name="columnType"><ref bean="java.sql.Types.VARCHAR"></ref></property>
	  <property name="position"><value>7</value></property>
	</bean>
	<bean id="po_ref_package_details_param_8" class="net.bcgi.util.db.ResultSetParam" scope="singleton">
	  <property name="procedureColumnName"><value>ca_common_shared_units_yn</value></property>
	  <property name="mapTo"><value>ca_common_shared_units_yn</value></property>
	  <property name="columnType"><ref bean="java.sql.Types.VARCHAR"></ref></property>
	  <property name="position"><value>8</value></property>
	</bean>
	<bean id="po_ref_package_details_param_9" class="net.bcgi.util.db.ResultSetParam" scope="singleton">
	  <property name="procedureColumnName"><value>ca_package_shelf_date</value></property>
	  <property name="mapTo"><value>ca_package_shelf_date</value></property>
	  <property name="columnType"><ref bean="java.sql.Types.VARCHAR"></ref></property>
	  <property name="position"><value>9</value></property>
	</bean>
	<bean id="po_ref_package_details_param_10" class="net.bcgi.util.db.ResultSetParam" scope="singleton">
	  <property name="procedureColumnName"><value>ca_home_network_id</value></property>
	  <property name="mapTo"><value>ca_home_network_id</value></property>
	  <property name="columnType"><ref bean="java.sql.Types.BIGINT"></ref></property>
	  <property name="position"><value>10</value></property>
	</bean>
	<bean id="po_ref_package_details_param_11" class="net.bcgi.util.db.ResultSetParam" scope="singleton">
	  <property name="procedureColumnName"><value>ca_package_status</value></property>
	  <property name="mapTo"><value>ca_package_status</value></property>
	  <property name="columnType"><ref bean="java.sql.Types.VARCHAR"></ref></property>
	  <property name="position"><value>11</value></property>
	</bean>
	<bean id="po_ref_package_details_param_12" class="net.bcgi.util.db.ResultSetParam" scope="singleton">
	  <property name="procedureColumnName"><value>ca_package_start_date</value></property>
	  <property name="mapTo"><value>ca_package_start_date</value></property>
	  <property name="columnType"><ref bean="java.sql.Types.VARCHAR"></ref></property>
	  <property name="position"><value>12</value></property>
	</bean>
	<bean id="po_ref_package_details_param_13" class="net.bcgi.util.db.ResultSetParam" scope="singleton">
	  <property name="procedureColumnName"><value>data_zone_group_map_yn</value></property>
	  <property name="mapTo"><value>data_zone_group_map_yn</value></property>
	  <property name="columnType"><ref bean="java.sql.Types.VARCHAR"></ref></property>
	  <property name="position"><value>13</value></property>
	</bean>
	<bean id="po_ref_package_details_param_14" class="net.bcgi.util.db.ResultSetParam" scope="singleton">
	  <property name="procedureColumnName"><value>device_group_map_yn</value></property>
	  <property name="mapTo"><value>device_group_map_yn</value></property>
	  <property name="columnType"><ref bean="java.sql.Types.VARCHAR"></ref></property>
	  <property name="position"><value>14</value></property>
	</bean>
	
	<!-- Ref Cursor po_ref_ca_pkg_device_group_info_details -->
	<bean id="po_ref_device_group_details_param_1" class="net.bcgi.util.db.ResultSetParam" scope="singleton">
	  <property name="procedureColumnName"><value>device_group_id</value></property>
	  <property name="mapTo"><value>device_group_id</value></property>
	  <property name="columnType"><ref bean="java.sql.Types.BIGINT"></ref></property>
	  <property name="position"><value>1</value></property>
	</bean>
	<bean id="po_ref_device_group_details_param_2" class="net.bcgi.util.db.ResultSetParam" scope="singleton">
	  <property name="procedureColumnName"><value>device_group_name</value></property>
	  <property name="mapTo"><value>device_group_name</value></property>
	  <property name="columnType"><ref bean="java.sql.Types.VARCHAR"></ref></property>
	  <property name="position"><value>2</value></property>
	</bean>
	
	<!-- Ref Cursor po_ref_ca_pkg_data_zone_group_info_details -->
	<bean id="po_ref_data_zone_group_details_param_1" class="net.bcgi.util.db.ResultSetParam" scope="singleton">
	  <property name="procedureColumnName"><value>data_zone_group_id</value></property>
	  <property name="mapTo"><value>data_zone_group_id</value></property>
	  <property name="columnType"><ref bean="java.sql.Types.BIGINT"></ref></property>
	  <property name="position"><value>1</value></property>
	</bean>
	<bean id="po_ref_data_zone_group_details_param_2" class="net.bcgi.util.db.ResultSetParam" scope="singleton">
	  <property name="procedureColumnName"><value>zone_group_name</value></property>
	  <property name="mapTo"><value>zone_group_name</value></property>
	  <property name="columnType"><ref bean="java.sql.Types.VARCHAR"></ref></property>
	  <property name="position"><value>2</value></property>
	</bean>
	
	<bean id="ca_package_view_param_1" class="net.bcgi.util.db.ParamDef" scope="singleton">
	  <property name="name"><value>pi_package_id</value></property>
	  <property name="mapTo"><value>pi_package_id</value></property>
	  <property name="type"><ref bean="java.sql.Types.BIGINT"></ref></property>
	  <property name="position"><value>1</value></property>
	  <property name="parameterType"><ref bean="net.bcgi.util.db.ParamDef.IN"></ref></property>
	</bean> 
	
	<bean id="ca_package_view_param_2" class="net.bcgi.util.db.ParamDef" scope="singleton">
	  <property name="name"><value>pi_network_id</value></property>
	  <property name="mapTo"><value>pi_network_id</value></property>
	  <property name="type"><ref bean="java.sql.Types.BIGINT"></ref></property>
	  <property name="position"><value>2</value></property>
	  <property name="parameterType"><ref bean="net.bcgi.util.db.ParamDef.IN"></ref></property>
	</bean>
	
	<bean id="ca_package_view_param_3" class="net.bcgi.util.db.ParamDef" scope="singleton">
	  <property name="name"><value>pi_package_status</value></property>
	  <property name="mapTo"><value>pi_package_status</value></property>
	  <property name="type"><ref bean="java.sql.Types.VARCHAR"></ref></property>
	  <property name="position"><value>3</value></property>
	  <property name="parameterType"><ref bean="net.bcgi.util.db.ParamDef.IN"></ref></property>
	</bean>
	
	  
	<bean id="ca_package_view_param_4" class="net.bcgi.util.db.ParamDef" scope="singleton">
	 <property name="name"><value>po_ca_package_details</value></property>
	 <property name="mapTo"><value>po_ca_package_details</value></property>
	 <property name="type"><ref bean="oracle.jdbc.driver.OracleTypes.CURSOR"></ref></property>
	 <property name="position"><value>4</value></property>
	 <property name="parameterType"><ref bean="net.bcgi.util.db.ParamDef.OUT"></ref></property>
	</bean>
	<bean id="ca_package_view_param_5" class="net.bcgi.util.db.ParamDef" scope="singleton">
	 <property name="name"><value>po_addon_details</value></property>
	 <property name="mapTo"><value>po_addon_details</value></property>
	 <property name="type"><ref bean="oracle.jdbc.driver.OracleTypes.CURSOR"></ref></property>
	 <property name="position"><value>5</value></property>
	 <property name="parameterType"><ref bean="net.bcgi.util.db.ParamDef.OUT"></ref></property>
	</bean>
	<bean id="ca_package_view_param_6" class="net.bcgi.util.db.ParamDef" scope="singleton">
	 <property name="name"><value>po_service_calendar_details</value></property>
	 <property name="mapTo"><value>po_service_calendar_details</value></property>
	 <property name="type"><ref bean="oracle.jdbc.driver.OracleTypes.CURSOR"></ref></property>
	 <property name="position"><value>6</value></property>
	 <property name="parameterType"><ref bean="net.bcgi.util.db.ParamDef.OUT"></ref></property>
	</bean>
	<bean id="ca_package_view_param_7" class="net.bcgi.util.db.ParamDef" scope="singleton">
	 <property name="name"><value>po_service_units_details</value></property>
	 <property name="mapTo"><value>po_service_units_details</value></property>
	 <property name="type"><ref bean="oracle.jdbc.driver.OracleTypes.CURSOR"></ref></property>
	 <property name="position"><value>7</value></property>
	 <property name="parameterType"><ref bean="net.bcgi.util.db.ParamDef.OUT"></ref></property>
	</bean>
	<bean id="ca_package_view_param_8" class="net.bcgi.util.db.ParamDef" scope="singleton">
	 <property name="name"><value>po_ca_pkg_device_group_info</value></property>
	 <property name="mapTo"><value>po_ca_pkg_device_group_info</value></property>
	 <property name="type"><ref bean="oracle.jdbc.driver.OracleTypes.CURSOR"></ref></property>
	 <property name="position"><value>8</value></property>
	 <property name="parameterType"><ref bean="net.bcgi.util.db.ParamDef.OUT"></ref></property>
	</bean>
	<bean id="ca_package_view_param_9" class="net.bcgi.util.db.ParamDef" scope="singleton">
	 <property name="name"><value>po_ca_pkg_data_zone_group_info</value></property>
	 <property name="mapTo"><value>po_ca_pkg_data_zone_group_info</value></property>
	 <property name="type"><ref bean="oracle.jdbc.driver.OracleTypes.CURSOR"></ref></property>
	 <property name="position"><value>9</value></property>
	 <property name="parameterType"><ref bean="net.bcgi.util.db.ParamDef.OUT"></ref></property>
	</bean>
	<bean id="ca_package_view_param_10" class="net.bcgi.util.db.ParamDef" scope="singleton">
	  <property name="name"><value>po_error_code</value></property>
	  <property name="mapTo"><value>po_error_code</value></property>
	  <property name="type"><ref bean="java.sql.Types.BIGINT"></ref></property>
	  <property name="position"><value>10</value></property>
	  <property name="parameterType"><ref bean="net.bcgi.util.db.ParamDef.OUT"></ref></property>
	</bean> 
	<bean id="ca_package_view_param_11" class="net.bcgi.util.db.ParamDef" scope="singleton">
		<property name="name"><value>po_error_mesg</value></property>
		<property name="mapTo"><value>po_error_mesg</value></property>
		<property name="type"><ref bean="java.sql.Types.VARCHAR"></ref></property>
		<property name="position"><value>11</value></property>
		<property name="parameterType"><ref bean="net.bcgi.util.db.ParamDef.OUT"></ref></property>
	</bean>
	<!-- End of Ref Cursor po_ca_package_details -->
</beans>