<!DOCTYPE beans PUBLIC "-//SPRING//DTD BEAN//EN" "http://www.springframework.org/dtd/spring-beans.dtd">
<beans>
	<bean id="ca_pkg_trshold_lmt_manage" class="net.bcgi.util.db.SPDefinition" scope="prototype">
		<property name="name"><value>CS_COMMUNITY_ACCOUNT_PACKAGE.pro_ca_pkg_trshold_lmt_manage</value></property>
		<property name="returnsResult"><value>false</value></property>
		<property name="parameters">
		<list> <!--  parameter list -->
			<ref bean="ca_pkg_trshold_lmt_manage_1"></ref>
			<ref bean="ca_pkg_trshold_lmt_manage_2"></ref>
			<ref bean="ca_pkg_trshold_lmt_manage_3"></ref>
			<ref bean="ca_pkg_trshold_lmt_manage_4"></ref>
			<ref bean="ca_pkg_trshold_lmt_manage_5"></ref>
			<ref bean="ca_pkg_trshold_lmt_manage_6"></ref>
			<ref bean="ca_pkg_trshold_lmt_manage_7"></ref>
			<ref bean="ca_pkg_trshold_lmt_manage_8"></ref>
			<ref bean="ca_pkg_trshold_lmt_manage_9"></ref>
			<ref bean="ca_pkg_trshold_lmt_manage_10"></ref>
			<ref bean="ca_pkg_trshold_lmt_manage_11"></ref>
			<ref bean="ca_pkg_trshold_lmt_manage_12"></ref>
			
		</list>
		</property>
		<property name="refCursors">
			<map>
				<entry key="10">
					<ref bean="ca_pkg_threshold_lmt_info"/>
				</entry>
			</map>
		</property>		
	</bean>
	
	
	<bean id="ca_pkg_threshold_lmt_info" class="net.bcgi.util.db.ResultSetDef" scope="prototype">
		<property name="resultSetParams">
			<list>
				<ref bean="po_ref_ca_pkg_threshold_lmt_info_1"></ref>
				<ref bean="po_ref_ca_pkg_threshold_lmt_info_2"></ref>
				<ref bean="po_ref_ca_pkg_threshold_lmt_info_3"></ref>
				<ref bean="po_ref_ca_pkg_threshold_lmt_info_4"></ref>
				<ref bean="po_ref_ca_pkg_threshold_lmt_info_5"></ref>				
				<ref bean="po_ref_ca_pkg_threshold_lmt_info_6"></ref>				
				<ref bean="po_ref_ca_pkg_threshold_lmt_info_7"></ref>			
			</list>
		</property>
		<property name="className" value="com.xius.billing.agent.domaindata.impl.ca.CaPkgTrsholdLmtCursorData"/>
	</bean>
	
	
	<!-- Ref Cursor ca_pkg_threshold_lmt_info -->
	<bean id="po_ref_ca_pkg_threshold_lmt_info_1" class="net.bcgi.util.db.ResultSetParam" scope="singleton">
	  <property name="procedureColumnName"><value>parent_threshold_limit</value></property>
	  <property name="mapTo"><value>parent_threshold_limit</value></property>
	  <property name="columnType"><ref bean="java.sql.Types.BIGINT"></ref></property>
	  <property name="position"><value>1</value></property>
	</bean>
	
	<bean id="po_ref_ca_pkg_threshold_lmt_info_2" class="net.bcgi.util.db.ResultSetParam" scope="singleton">
	  <property name="procedureColumnName"><value>parent_threshold_notify_type</value></property>
	  <property name="mapTo"><value>parent_threshold_notify_type</value></property>
	  <property name="columnType"><ref bean="java.sql.Types.VARCHAR"></ref></property>
	  <property name="position"><value>2</value></property>
	</bean>
	
	<bean id="po_ref_ca_pkg_threshold_lmt_info_3" class="net.bcgi.util.db.ResultSetParam" scope="singleton">
	  <property name="procedureColumnName"><value>parent_threshold_noti_child_yn</value></property>
	  <property name="mapTo"><value>parent_threshold_noti_child_yn</value></property>
	  <property name="columnType"><ref bean="java.sql.Types.VARCHAR"></ref></property>
	  <property name="position"><value>3</value></property>
	</bean>
	
	<bean id="po_ref_ca_pkg_threshold_lmt_info_4" class="net.bcgi.util.db.ResultSetParam" scope="singleton">
	  <property name="procedureColumnName"><value>child_threshold_limit</value></property>
	  <property name="mapTo"><value>child_threshold_limit</value></property>
	  <property name="columnType"><ref bean="java.sql.Types.BIGINT"></ref></property>
	  <property name="position"><value>4</value></property>
	</bean>
	
	<bean id="po_ref_ca_pkg_threshold_lmt_info_5" class="net.bcgi.util.db.ResultSetParam" scope="singleton">
	  <property name="procedureColumnName"><value>child_threshold_notify_type</value></property>
	  <property name="mapTo"><value>child_threshold_notify_type</value></property>
	  <property name="columnType"><ref bean="java.sql.Types.VARCHAR"></ref></property>
	  <property name="position"><value>5</value></property>
	</bean>
	
	<bean id="po_ref_ca_pkg_threshold_lmt_info_6" class="net.bcgi.util.db.ResultSetParam" scope="singleton">
	  <property name="procedureColumnName"><value>child_threshold_noti_parent_yn</value></property>
	  <property name="mapTo"><value>child_threshold_noti_parent_yn</value></property>
	  <property name="columnType"><ref bean="java.sql.Types.VARCHAR"></ref></property>
	  <property name="position"><value>6</value></property>
	</bean>
	
	<bean id="po_ref_ca_pkg_threshold_lmt_info_7" class="net.bcgi.util.db.ResultSetParam" scope="singleton">
	  <property name="procedureColumnName"><value>ca_package_name</value></property>
	  <property name="mapTo"><value>ca_package_name</value></property>
	  <property name="columnType"><ref bean="java.sql.Types.VARCHAR"></ref></property>
	  <property name="position"><value>7</value></property>
	</bean>
	
	
	<bean id="ca_pkg_trshold_lmt_manage_1" class="net.bcgi.util.db.ParamDef" scope="singleton">
	  <property name="name"><value>pi_flag</value></property>
	  <property name="mapTo"><value>pi_flag</value></property>
	  <property name="type"><ref bean="java.sql.Types.VARCHAR"></ref></property>
	  <property name="position"><value>1</value></property>
	  <property name="parameterType"><ref bean="net.bcgi.util.db.ParamDef.IN"></ref></property>
	</bean> 
	
	<bean id="ca_pkg_trshold_lmt_manage_2" class="net.bcgi.util.db.ParamDef" scope="singleton">
	  <property name="name"><value>pi_network_id</value></property>
	  <property name="mapTo"><value>pi_network_id</value></property>
	  <property name="type"><ref bean="java.sql.Types.BIGINT"></ref></property>
	  <property name="position"><value>2</value></property>
	  <property name="parameterType"><ref bean="net.bcgi.util.db.ParamDef.IN"></ref></property>
	</bean>
	
	<bean id="ca_pkg_trshold_lmt_manage_3" class="net.bcgi.util.db.ParamDef" scope="singleton">
	  <property name="name"><value>pi_ca_pkg_id</value></property>
	  <property name="mapTo"><value>pi_ca_pkg_id</value></property>
	  <property name="type"><ref bean="java.sql.Types.BIGINT"></ref></property>
	  <property name="position"><value>3</value></property>
	  <property name="parameterType"><ref bean="net.bcgi.util.db.ParamDef.IN"></ref></property>
	</bean>
	
	  
	<bean id="ca_pkg_trshold_lmt_manage_4" class="net.bcgi.util.db.ParamDef" scope="singleton">
	 <property name="name"><value>pi_parent_thrhold_limt</value></property>
	 <property name="mapTo"><value>pi_parent_thrhold_limt</value></property>
	 <property name="type"><ref bean="java.sql.Types.BIGINT"></ref></property>
	 <property name="position"><value>4</value></property>
	 <property name="parameterType"><ref bean="net.bcgi.util.db.ParamDef.IN"></ref></property>
	</bean>
	<bean id="ca_pkg_trshold_lmt_manage_5" class="net.bcgi.util.db.ParamDef" scope="singleton">
	 <property name="name"><value>pi_parent_thrhold_nofity_type</value></property>
	 <property name="mapTo"><value>pi_parent_thrhold_nofity_type</value></property>
	 <property name="type"><ref bean="java.sql.Types.VARCHAR"></ref></property>
	 <property name="position"><value>5</value></property>
	 <property name="parameterType"><ref bean="net.bcgi.util.db.ParamDef.IN"></ref></property>
	</bean>
	<bean id="ca_pkg_trshold_lmt_manage_6" class="net.bcgi.util.db.ParamDef" scope="singleton">
	 <property name="name"><value>pi_parent_thresh_noti_child_yn</value></property>
	 <property name="mapTo"><value>pi_parent_thresh_noti_child_yn</value></property>
	 <property name="type"><ref bean="java.sql.Types.VARCHAR"></ref></property>
	 <property name="position"><value>6</value></property>
	 <property name="parameterType"><ref bean="net.bcgi.util.db.ParamDef.IN"></ref></property>
	</bean>
	<bean id="ca_pkg_trshold_lmt_manage_7" class="net.bcgi.util.db.ParamDef" scope="singleton">
	 <property name="name"><value>pi_child_threshold_limit</value></property>
	 <property name="mapTo"><value>pi_child_threshold_limit</value></property>
	 <property name="type"><ref bean="java.sql.Types.BIGINT"></ref></property>
	 <property name="position"><value>7</value></property>
	 <property name="parameterType"><ref bean="net.bcgi.util.db.ParamDef.IN"></ref></property>
	</bean>
	<bean id="ca_pkg_trshold_lmt_manage_8" class="net.bcgi.util.db.ParamDef" scope="singleton">
	 <property name="name"><value>pi_child_threshold_noti_type</value></property>
	 <property name="mapTo"><value>pi_child_threshold_noti_type</value></property>
	 <property name="type"><ref bean="java.sql.Types.VARCHAR"></ref></property>
	 <property name="position"><value>8</value></property>
	 <property name="parameterType"><ref bean="net.bcgi.util.db.ParamDef.IN"></ref></property>
	</bean>
	<bean id="ca_pkg_trshold_lmt_manage_9" class="net.bcgi.util.db.ParamDef" scope="singleton">
	 <property name="name"><value>pi_child_thresh_noti_parent_yn</value></property>
	 <property name="mapTo"><value>pi_child_thresh_noti_parent_yn</value></property>
	 <property name="type"><ref bean="java.sql.Types.VARCHAR"></ref></property>
	 <property name="position"><value>9</value></property>
	 <property name="parameterType"><ref bean="net.bcgi.util.db.ParamDef.IN"></ref></property>
	</bean>
	<bean id="ca_pkg_trshold_lmt_manage_10" class="net.bcgi.util.db.ParamDef" scope="singleton">
	  <property name="name"><value>po_ca_pkg_threshold_lmt_info</value></property>
	  <property name="mapTo"><value>po_ca_pkg_threshold_lmt_info</value></property>
	  <property name="type"><ref bean="oracle.jdbc.driver.OracleTypes.CURSOR"></ref></property>
	  <property name="position"><value>10</value></property>
	  <property name="parameterType"><ref bean="net.bcgi.util.db.ParamDef.OUT"></ref></property>
	</bean> 
	<bean id="ca_pkg_trshold_lmt_manage_11" class="net.bcgi.util.db.ParamDef" scope="singleton">
		<property name="name"><value>po_error_code</value></property>
	  	<property name="mapTo"><value>po_error_code</value></property>
		<property name="type"><ref bean="java.sql.Types.BIGINT"></ref></property>
		<property name="position"><value>11</value></property>
		<property name="parameterType"><ref bean="net.bcgi.util.db.ParamDef.OUT"></ref></property>
	</bean>
	<bean id="ca_pkg_trshold_lmt_manage_12" class="net.bcgi.util.db.ParamDef" scope="singleton">
		<property name="name"><value>po_error_mesg</value></property>
		<property name="mapTo"><value>po_error_mesg</value></property>
		<property name="type"><ref bean="java.sql.Types.VARCHAR"></ref></property>
		<property name="position"><value>12</value></property>
		<property name="parameterType"><ref bean="net.bcgi.util.db.ParamDef.OUT"></ref></property>
	</bean>
	<!-- End of Ref Cursor pro_ca_pkg_trshold_lmt_manage -->
</beans>