<!DOCTYPE beans PUBLIC "-//SPRING//DTD BEAN//EN" "http://www.springframework.org/dtd/spring-beans.dtd">
<beans>
	<bean id="ca_package_delete" class="net.bcgi.util.db.SPDefinition" scope="prototype">
		<property name="name"><value>CS_COMMUNITY_ACCOUNT_PACKAGE.ca_package_delete</value></property>
		<property name="returnsResult"><value>false</value></property>
		<property name="parameters">
		<list> <!--  parameter list -->
			<ref bean="ca_package_delete_1"></ref>
			<ref bean="ca_package_delete_2"></ref>	
			<ref bean="ca_package_delete_3"></ref>
			<ref bean="ca_package_delete_4"></ref>				 		
		</list>
		</property>
	</bean>
	
	<bean id="ca_package_delete_1" class="net.bcgi.util.db.ParamDef" scope="singleton">
		<property name="name"><value>pi_network_id</value></property>
		<property name="mapTo"><value>pi_network_id</value></property>
		<property name="type"><ref bean="java.sql.Types.BIGINT"></ref></property>
		<property name="position"><value>1</value></property>
		<property name="parameterType"><ref bean="net.bcgi.util.db.ParamDef.IN"></ref></property>
	</bean>
	
	<bean id="ca_package_delete_2" class="net.bcgi.util.db.ParamDef" scope="singleton">
		<property name="name"><value>pi_package_id</value></property>
		<property name="mapTo"><value>pi_package_id</value></property>
		<property name="type"><ref bean="java.sql.Types.BIGINT"></ref></property>
		<property name="position"><value>2</value></property>
		<property name="parameterType"><ref bean="net.bcgi.util.db.ParamDef.IN"></ref></property>
	</bean>
	
	<bean id="ca_package_delete_3" class="net.bcgi.util.db.ParamDef" scope="singleton">
	  <property name="name"><value>po_error_code</value></property>
	  <property name="mapTo"><value>po_error_code</value></property>
	  <property name="type"><ref bean="java.sql.Types.BIGINT"></ref></property>
	  <property name="position"><value>3</value></property>
	  <property name="parameterType"><ref bean="net.bcgi.util.db.ParamDef.OUT"></ref></property>
	</bean> 	
	
	<bean id="ca_package_delete_4" class="net.bcgi.util.db.ParamDef" scope="singleton">
		<property name="name"><value>po_error_mesg</value></property>
		<property name="mapTo"><value>po_error_mesg</value></property>
		<property name="type"><ref bean="java.sql.Types.VARCHAR"></ref></property>
		<property name="position"><value>4</value></property>
		<property name="parameterType"><ref bean="net.bcgi.util.db.ParamDef.OUT"></ref></property>
		</bean>
</beans>