<!DOCTYPE beans PUBLIC "-//SPRING//DTD BEAN//EN" "http://www.springframework.org/dtd/spring-beans.dtd">
<beans>
	<bean id="ca_package_update" class="net.bcgi.util.db.SPDefinition" scope="prototype">
	<property name="name"><value>CS_COMMUNITY_ACCOUNT_PACKAGE.ca_package_update</value></property>
	<property name="returnsResult"><value>false</value></property>
	<property name="parameters">
		<list> <!--  parameter list -->
			<ref bean="ca_package_update_1"></ref>
			<ref bean="ca_package_update_2"></ref>	
			<ref bean="ca_package_update_3"></ref>
			<ref bean="ca_package_update_4"></ref>
			<ref bean="ca_package_update_5"></ref>
	 		<ref bean="ca_package_update_6"></ref>
	 		<ref bean="ca_package_update_7"></ref>
	 		<ref bean="ca_package_update_8"></ref>
	 		<ref bean="ca_package_update_9"></ref>
	 		<ref bean="ca_package_update_10"></ref>
	 		<ref bean="ca_package_update_11"></ref>
	 		<ref bean="ca_package_update_12"></ref>
	 		<ref bean="ca_package_update_13"></ref>
	 		<ref bean="ca_package_update_14"></ref>
	 		<ref bean="ca_package_update_15"></ref>
	 		<ref bean="ca_package_update_16"></ref>
	 		<ref bean="ca_package_update_17"></ref>
	 		<ref bean="ca_package_update_18"></ref>	
	 		<ref bean="ca_package_update_19"></ref>
	 		<ref bean="ca_package_update_20"></ref>
	 		<ref bean="ca_package_update_21"></ref>
	 		<ref bean="ca_package_update_22"></ref>
	 		<ref bean="ca_package_update_23"></ref>
	 		<ref bean="ca_package_update_24"></ref>
	 		<ref bean="ca_package_update_25"></ref>
		</list>
	</property>
	</bean>
	
	<bean id="ca_package_update_1" class="net.bcgi.util.db.ParamDef" scope="singleton">
		<property name="name"><value>pi_package_id</value></property>
		<property name="mapTo"><value>pi_package_id</value></property>
		<property name="type"><ref bean="java.sql.Types.BIGINT"></ref></property>
		<property name="position"><value>1</value></property>
		<property name="parameterType"><ref bean="net.bcgi.util.db.ParamDef.IN"></ref></property>
	</bean>
	
	<bean id="ca_package_update_2" class="net.bcgi.util.db.ParamDef" scope="singleton">
		<property name="name"><value>pi_package_name</value></property>
		<property name="mapTo"><value>pi_package_name</value></property>
		<property name="type"><ref bean="java.sql.Types.VARCHAR"></ref></property>
		<property name="position"><value>2</value></property>
		<property name="parameterType"><ref bean="net.bcgi.util.db.ParamDef.IN"></ref></property>
	</bean>
	
	<bean id="ca_package_update_3" class="net.bcgi.util.db.ParamDef" scope="singleton">
		<property name="name"><value>pi_package_default_lines</value></property>
		<property name="mapTo"><value>pi_package_default_lines</value></property>
		<property name="type"><ref bean="java.sql.Types.INTEGER"></ref></property>
		<property name="position"><value>3</value></property>
		<property name="parameterType"><ref bean="net.bcgi.util.db.ParamDef.IN"></ref></property>
	</bean>
	
	<bean id="ca_package_update_4" class="net.bcgi.util.db.ParamDef" scope="singleton">
		<property name="name"><value>pi_package_rental_amount</value></property>
		<property name="mapTo"><value>pi_package_rental_amount</value></property>
		<property name="type"><ref bean="java.sql.Types.DECIMAL"></ref></property>
		<property name="position"><value>4</value></property>
		<property name="parameterType"><ref bean="net.bcgi.util.db.ParamDef.IN"></ref></property>
	</bean>
	
	<bean id="ca_package_update_5" class="net.bcgi.util.db.ParamDef" scope="singleton">
		<property name="name"><value>pi_package_addnl_line_charge</value></property>
		<property name="mapTo"><value>pi_package_addnl_line_charge</value></property>
		<property name="type"><ref bean="java.sql.Types.DECIMAL"></ref></property>
		<property name="position"><value>5</value></property>
		<property name="parameterType"><ref bean="net.bcgi.util.db.ParamDef.IN"></ref></property>
	</bean>
	
	<bean id="ca_package_update_6" class="net.bcgi.util.db.ParamDef" scope="singleton">
		<property name="name"><value>pi_package_rollover_yn</value></property>
		<property name="mapTo"><value>pi_package_rollover_yn</value></property>
		<property name="type"><ref bean="java.sql.Types.VARCHAR"></ref></property>
		<property name="position"><value>6</value></property>
		<property name="parameterType"><ref bean="net.bcgi.util.db.ParamDef.IN"></ref></property>
	</bean>
	
	<bean id="ca_package_update_7" class="net.bcgi.util.db.ParamDef" scope="singleton">
		<property name="name"><value>pi_package_plan</value></property>
		<property name="mapTo"><value>pi_package_plan</value></property>
		<property name="type"><ref bean="java.sql.Types.VARCHAR"></ref></property>
		<property name="position"><value>7</value></property>
		<property name="parameterType"><ref bean="net.bcgi.util.db.ParamDef.IN"></ref></property>
	</bean>
	
	<bean id="ca_package_update_8" class="net.bcgi.util.db.ParamDef" scope="singleton">
		<property name="name"><value>pi_package_shelf_date</value></property>
		<property name="mapTo"><value>pi_package_shelf_date</value></property>
		<property name="type"><ref bean="java.sql.Types.VARCHAR"></ref></property>
		<property name="position"><value>8</value></property>
		<property name="parameterType"><ref bean="net.bcgi.util.db.ParamDef.IN"></ref></property>
	</bean>
	
	<bean id="ca_package_update_9" class="net.bcgi.util.db.ParamDef" scope="singleton">
		<property name="name"><value>pi_home_network_id</value></property>
		<property name="mapTo"><value>pi_network_id</value></property>
		<property name="type"><ref bean="java.sql.Types.BIGINT"></ref></property>
		<property name="position"><value>9</value></property>
		<property name="parameterType"><ref bean="net.bcgi.util.db.ParamDef.IN"></ref></property>
	</bean>
	
	<bean id="ca_package_update_10" class="net.bcgi.util.db.ParamDef" scope="singleton">
		<property name="name"><value>pi_package_addon_feature_id</value></property>
		<property name="mapTo"><value>pi_package_addon_feature_id</value></property>
		<property name="type"><ref bean="java.sql.Types.ARRAY"></ref></property>
		<property name="arrayName"><value>ARR_NUMB</value></property>
		<property name="position"><value>10</value></property>
		<property name="parameterType"><ref bean="net.bcgi.util.db.ParamDef.IN"></ref></property>
	</bean>
	
	<bean id="ca_package_update_11" class="net.bcgi.util.db.ParamDef" scope="singleton">
		<property name="name"><value>pi_package_addon_charge</value></property>
		<property name="mapTo"><value>pi_package_addon_charge</value></property>
		<property name="type"><ref bean="java.sql.Types.ARRAY"></ref></property>
		<property name="arrayName"><value>ARR_NUMB</value></property>
		<property name="position"><value>11</value></property>
		<property name="parameterType"><ref bean="net.bcgi.util.db.ParamDef.IN"></ref></property>
	</bean>
	
	<!-- <bean id="ca_package_update_12" class="net.bcgi.util.db.ParamDef" scope="singleton">
		<property name="name"><value>pi_addon_calander_id</value></property>
		<property name="mapTo"><value>pi_addon_calander_id</value></property>
		<property name="type"><ref bean="java.sql.Types.ARRAY"></ref></property>
		<property name="arrayName"><value>ARR_NUMB</value></property>
		<property name="position"><value>12</value></property>
		<property name="parameterType"><ref bean="net.bcgi.util.db.ParamDef.IN"></ref></property>
	</bean> -->
	
	<bean id="ca_package_update_12" class="net.bcgi.util.db.ParamDef" scope="singleton">
		<property name="name"><value>pi_calendar_service_id</value></property>
		<property name="mapTo"><value>pi_calendar_service_id</value></property>
		<property name="type"><ref bean="java.sql.Types.ARRAY"></ref></property>
		<property name="arrayName"><value>ARR_NUMB</value></property>
		<property name="position"><value>12</value></property>
		<property name="parameterType"><ref bean="net.bcgi.util.db.ParamDef.IN"></ref></property>
	</bean>
	
	<bean id="ca_package_update_13" class="net.bcgi.util.db.ParamDef" scope="singleton">
		<property name="name"><value>pi_calender_id</value></property>
		<property name="mapTo"><value>pi_calender_id</value></property>
		<property name="type"><ref bean="java.sql.Types.ARRAY"></ref></property>
		<property name="arrayName"><value>ARR_NUMB</value></property>
		<property name="position"><value>13</value></property>
		<property name="parameterType"><ref bean="net.bcgi.util.db.ParamDef.IN"></ref></property>
	</bean>
	
	<bean id="ca_package_update_14" class="net.bcgi.util.db.ParamDef" scope="singleton">
		<property name="name"><value>pi_vist_network_id</value></property>
		<property name="mapTo"><value>pi_vist_network_id</value></property>
		<property name="type"><ref bean="java.sql.Types.ARRAY"></ref></property>
		<property name="arrayName"><value>ARR_NUMB</value></property>
		<property name="position"><value>14</value></property>
		<property name="parameterType"><ref bean="net.bcgi.util.db.ParamDef.IN"></ref></property>
	</bean>	
	
	<bean id="ca_package_update_15" class="net.bcgi.util.db.ParamDef" scope="singleton">
		<property name="name"><value>pi_units_service_id</value></property>
		<property name="mapTo"><value>pi_units_service_id</value></property>
		<property name="type"><ref bean="java.sql.Types.ARRAY"></ref></property>
		<property name="arrayName"><value>ARR_NUMB</value></property>
		<property name="position"><value>15</value></property>
		<property name="parameterType"><ref bean="net.bcgi.util.db.ParamDef.IN"></ref></property>
	</bean>
	
	<bean id="ca_package_update_16" class="net.bcgi.util.db.ParamDef" scope="singleton">
		<property name="name"><value>pi_package_unit_type</value></property>
		<property name="mapTo"><value>pi_package_unit_type</value></property>
		<property name="type"><ref bean="java.sql.Types.ARRAY"></ref></property>
		<property name="arrayName"><value>ARR_VARCHAR</value></property>
		<property name="position"><value>16</value></property>
		<property name="parameterType"><ref bean="net.bcgi.util.db.ParamDef.IN"></ref></property>
	</bean>	
	
	<bean id="ca_package_update_17" class="net.bcgi.util.db.ParamDef" scope="singleton">
		<property name="name"><value>pi_package_unit_value</value></property>
		<property name="mapTo"><value>pi_package_unit_value</value></property>
		<property name="type"><ref bean="java.sql.Types.ARRAY"></ref></property>
		<property name="arrayName"><value>ARR_NUMB</value></property>
		<property name="position"><value>17</value></property>
		<property name="parameterType"><ref bean="net.bcgi.util.db.ParamDef.IN"></ref></property>
	</bean>	
	
	<bean id="ca_package_update_18" class="net.bcgi.util.db.ParamDef" scope="singleton">
		<property name="name"><value>pi_addon_priority</value></property>
		<property name="mapTo"><value>pi_addon_priority</value></property>
		<property name="type"><ref bean="java.sql.Types.ARRAY"></ref></property>
		<property name="arrayName"><value>ARR_NUMB</value></property>
		<property name="position"><value>18</value></property>
		<property name="parameterType"><ref bean="net.bcgi.util.db.ParamDef.IN"></ref></property>
	</bean>
	
	<bean id="ca_package_update_19" class="net.bcgi.util.db.ParamDef" scope="singleton">
		<property name="name"><value>pi_package_start_date</value></property>
		<property name="mapTo"><value>pi_package_start_date</value></property>
		<property name="type"><ref bean="java.sql.Types.VARCHAR"></ref></property>
		<property name="position"><value>19</value></property>
		<property name="parameterType"><ref bean="net.bcgi.util.db.ParamDef.IN"></ref></property>
	</bean>
	
	<bean id="ca_package_update_20" class="net.bcgi.util.db.ParamDef" scope="singleton">
		<property name="name"><value>pi_device_group_id_arr</value></property>
		<property name="mapTo"><value>pi_device_group_id_arr</value></property>
		<property name="type"><ref bean="java.sql.Types.ARRAY"></ref></property>
		<property name="arrayName"><value>ARR_NUMB</value></property>
		<property name="position"><value>20</value></property>
		<property name="parameterType"><ref bean="net.bcgi.util.db.ParamDef.IN"></ref></property>
	</bean>
	
	<bean id="ca_package_update_21" class="net.bcgi.util.db.ParamDef" scope="singleton">
		<property name="name"><value>pi_data_zone_group_id_arr</value></property>
		<property name="mapTo"><value>pi_data_zone_group_id_arr</value></property>
		<property name="type"><ref bean="java.sql.Types.ARRAY"></ref></property>
		<property name="arrayName"><value>ARR_NUMB</value></property>
		<property name="position"><value>21</value></property>
		<property name="parameterType"><ref bean="net.bcgi.util.db.ParamDef.IN"></ref></property>
	</bean>
	
	<bean id="ca_package_update_22" class="net.bcgi.util.db.ParamDef" scope="singleton">
		<property name="name"><value>pi_pkg_unit_topup_charge_arr</value></property>
		<property name="mapTo"><value>pi_pkg_unit_topup_charge_arr</value></property>
		<property name="type"><ref bean="java.sql.Types.ARRAY"></ref></property>
		<property name="arrayName"><value>ARR_NUMB</value></property>
		<property name="position"><value>22</value></property>
		<property name="parameterType"><ref bean="net.bcgi.util.db.ParamDef.IN"></ref></property>
	</bean>
	<bean id="ca_package_update_23" class="net.bcgi.util.db.ParamDef" scope="singleton">
		<property name="name"><value>pi_pkg_serv_unit_max_trans_arr</value></property>
		<property name="mapTo"><value>pkgServUnitMaxTransArry</value></property>
		<property name="type"><ref bean="java.sql.Types.ARRAY"></ref></property>
		<property name="arrayName"><value>ARR_NUMB</value></property>
		<property name="position"><value>23</value></property>
		<property name="parameterType"><ref bean="net.bcgi.util.db.ParamDef.IN"></ref></property>
	</bean>
	<bean id="ca_package_update_24" class="net.bcgi.util.db.ParamDef" scope="singleton">
	  <property name="name"><value>po_error_code</value></property>
	  <property name="mapTo"><value>po_error_code</value></property>
	  <property name="type"><ref bean="java.sql.Types.BIGINT"></ref></property>
	  <property name="position"><value>24</value></property>
	  <property name="parameterType"><ref bean="net.bcgi.util.db.ParamDef.OUT"></ref></property>
	</bean>
	
	<bean id="ca_package_update_25" class="net.bcgi.util.db.ParamDef" scope="singleton">
		<property name="name"><value>po_error_mesg</value></property>
		<property name="mapTo"><value>po_error_mesg</value></property>
		<property name="type"><ref bean="java.sql.Types.VARCHAR"></ref></property>
		<property name="position"><value>25</value></property>
		<property name="parameterType"><ref bean="net.bcgi.util.db.ParamDef.OUT"></ref></property>
	</bean> 		
</beans>