<!DOCTYPE beans PUBLIC "-//SPRING//DTD BEAN//EN" "http://www.springframework.org/dtd/spring-beans.dtd">
<beans>
	<bean id="get_additional_feature" class="net.bcgi.util.db.SPDefinition" scope="prototype">
		<property name="name"><value>CS_COMMUNITY_ACCOUNT_PACKAGE.get_additional_feature</value></property>
		<property name="returnsResult"><value>false</value></property>
		<property name="parameters">
		<list> <!--  parameter list -->
			<ref bean="get_additional_feature_param_1"></ref>
			<ref bean="get_additional_feature_param_2"></ref>
			<ref bean="get_additional_feature_param_3"></ref>
			<ref bean="get_additional_feature_param_4"></ref>
		</list>
		</property>
		<property name="refCursors">
			<map>
				<entry key="3">
					<ref bean="po_ref_addl_feature"/>
				</entry>
				</map>
		</property>
		
	</bean>
	<bean id="po_ref_addl_feature" class="net.bcgi.util.db.ResultSetDef" scope="prototype">
		<property name="resultSetParams">
			<list>
				<ref bean="get_additional_feature_cursor_param_1"></ref>
				<ref bean="get_additional_feature_cursor_param_2"></ref>
				<ref bean="get_additional_feature_cursor_param_3"></ref>
				<ref bean="get_additional_feature_cursor_param_4"></ref>
				<ref bean="get_additional_feature_cursor_param_5"></ref>
				<ref bean="get_additional_feature_cursor_param_6"></ref>
				<ref bean="get_additional_feature_cursor_param_7"></ref>
				<ref bean="get_additional_feature_cursor_param_8"></ref>
				<ref bean="get_additional_feature_cursor_param_9"></ref>
				<ref bean="get_additional_feature_cursor_param_10"></ref>
				<ref bean="get_additional_feature_cursor_param_11"></ref>
				<ref bean="get_additional_feature_cursor_param_12"></ref>
				<ref bean="get_additional_feature_cursor_param_13"></ref>
				<ref bean="get_additional_feature_cursor_param_14"></ref>
			</list>
		</property>
		<property name="className" value="com.xius.billing.agent.domaindata.impl.ca.AddOnFtrsCursorData"/>
	</bean>	
	<bean id="get_additional_feature_cursor_param_1" class="net.bcgi.util.db.ResultSetParam" scope="singleton">
	  <property name="procedureColumnName"><value>addon_feature_id</value></property>
	  <property name="mapTo"><value>addon_feature_id</value></property>
	  <property name="columnType"><ref bean="java.sql.Types.BIGINT"></ref></property>
	  <property name="position"><value>1</value></property>
	</bean>
	<bean id="get_additional_feature_cursor_param_2" class="net.bcgi.util.db.ResultSetParam" scope="singleton">
	  <property name="procedureColumnName"><value>addon_charge</value></property>
	  <property name="mapTo"><value>addon_charge</value></property>
	  <property name="columnType"><ref bean="java.sql.Types.DECIMAL"></ref></property>
	  <property name="position"><value>2</value></property>
	</bean>
	<bean id="get_additional_feature_cursor_param_3" class="net.bcgi.util.db.ResultSetParam" scope="singleton">
	  <property name="procedureColumnName"><value>addon_feature_name</value></property>
	  <property name="mapTo"><value>addon_feature_name</value></property>
	  <property name="columnType"><ref bean="java.sql.Types.VARCHAR"></ref></property>
	  <property name="position"><value>3</value></property>
	</bean>
	<bean id="get_additional_feature_cursor_param_4" class="net.bcgi.util.db.ResultSetParam" scope="singleton">
		<property name="procedureColumnName"><value>attribute1</value></property>
		<property name="mapTo"><value>attribute1</value></property>
		<property name="columnType"><ref bean="java.sql.Types.VARCHAR"></ref></property>
		<property name="position"><value>4</value></property>
	</bean>
		  <bean id="get_additional_feature_cursor_param_5" class="net.bcgi.util.db.ResultSetParam" scope="singleton">
		<property name="procedureColumnName"><value>attribute2</value></property>
		<property name="mapTo"><value>attribute2</value></property>
		<property name="columnType"><ref bean="java.sql.Types.VARCHAR"></ref></property>
		<property name="position"><value>5</value></property>
	</bean>
		  <bean id="get_additional_feature_cursor_param_6" class="net.bcgi.util.db.ResultSetParam" scope="singleton">
		<property name="procedureColumnName"><value>moc_pulse</value></property>
		<property name="mapTo"><value>moc_pulse</value></property>
		<property name="columnType"><ref bean="java.sql.Types.VARCHAR"></ref></property>
		<property name="position"><value>6</value></property>
	</bean>
		  <bean id="get_additional_feature_cursor_param_7" class="net.bcgi.util.db.ResultSetParam" scope="singleton">
		<property name="procedureColumnName"><value>moc_rate</value></property>
		<property name="mapTo"><value>moc_rate</value></property>
		<property name="columnType"><ref bean="java.sql.Types.DECIMAL"></ref></property>
		<property name="position"><value>7</value></property>
	</bean>
		  <bean id="get_additional_feature_cursor_param_8" class="net.bcgi.util.db.ResultSetParam" scope="singleton">
		<property name="procedureColumnName"><value>mtc_pulse</value></property>
		<property name="mapTo"><value>mtc_pulse</value></property>
		<property name="columnType"><ref bean="java.sql.Types.VARCHAR"></ref></property>
		<property name="position"><value>8</value></property>
	</bean>
		  <bean id="get_additional_feature_cursor_param_9" class="net.bcgi.util.db.ResultSetParam" scope="singleton">
		<property name="procedureColumnName"><value>mtc_rate</value></property>
		<property name="mapTo"><value>mtc_rate</value></property>
		<property name="columnType"><ref bean="java.sql.Types.DECIMAL"></ref></property>
		<property name="position"><value>9</value></property>
	</bean>
		  <bean id="get_additional_feature_cursor_param_10" class="net.bcgi.util.db.ResultSetParam" scope="singleton">
		<property name="procedureColumnName"><value>sms_rate</value></property>
		<property name="mapTo"><value>sms_rate</value></property>
		<property name="columnType"><ref bean="java.sql.Types.DECIMAL"></ref></property>
		<property name="position"><value>10</value></property>
	</bean>
	<bean id="get_additional_feature_cursor_param_11" class="net.bcgi.util.db.ResultSetParam" scope="singleton">
		<property name="procedureColumnName"><value>data_pulse</value></property>
		<property name="mapTo"><value>data_pulse</value></property>
		<property name="columnType"><ref bean="java.sql.Types.VARCHAR"></ref></property>
		<property name="position"><value>11</value></property>
	</bean>
	<bean id="get_additional_feature_cursor_param_12" class="net.bcgi.util.db.ResultSetParam" scope="singleton">
		<property name="procedureColumnName"><value>data_rate</value></property>
		<property name="mapTo"><value>data_rate</value></property>
		<property name="columnType"><ref bean="java.sql.Types.DECIMAL"></ref></property>
		<property name="position"><value>12</value></property>
	</bean>
	<bean id="get_additional_feature_cursor_param_13" class="net.bcgi.util.db.ResultSetParam" scope="singleton">
		<property name="procedureColumnName"><value>validity_period</value></property>
		<property name="mapTo"><value>validity_period</value></property>
		<property name="columnType"><ref bean="java.sql.Types.INTEGER"></ref></property>
		<property name="position"><value>13</value></property>
	</bean>
	
	<bean id="get_additional_feature_cursor_param_14" class="net.bcgi.util.db.ResultSetParam" scope="singleton">
		<property name="procedureColumnName"><value>addon_type</value></property>
		<property name="mapTo"><value>addon_type</value></property>
		<property name="columnType"><ref bean="java.sql.Types.VARCHAR"></ref></property>
		<property name="position"><value>14</value></property>
	</bean>
	  
	<bean id="get_additional_feature_param_1" class="net.bcgi.util.db.ParamDef" scope="singleton">
	  <property name="name"><value>pi_network_id</value></property>
	  <property name="mapTo"><value>pi_network_id</value></property>
	  <property name="type"><ref bean="java.sql.Types.BIGINT"></ref></property>
	  <property name="position"><value>1</value></property>
	  <property name="parameterType"><ref bean="net.bcgi.util.db.ParamDef.IN"></ref></property>
	</bean>
	
	<bean id="get_additional_feature_param_2" class="net.bcgi.util.db.ParamDef" scope="singleton">
	  <property name="name"><value>pi_feture_id</value></property>
	  <property name="mapTo"><value>feturId</value></property>
	  <property name="type"><ref bean="java.sql.Types.BIGINT"></ref></property>
	  <property name="position"><value>2</value></property>
	  <property name="parameterType"><ref bean="net.bcgi.util.db.ParamDef.IN"></ref></property>
	</bean>
	  
	<bean id="get_additional_feature_param_3" class="net.bcgi.util.db.ParamDef" scope="singleton">
	 <property name="name"><value>po_addl_feature</value></property>
	 <property name="mapTo"><value>po_additional_feature</value></property>
	 <property name="type"><ref bean="oracle.jdbc.driver.OracleTypes.CURSOR"></ref></property>
	 <property name="position"><value>3</value></property>
	 <property name="parameterType"><ref bean="net.bcgi.util.db.ParamDef.OUT"></ref></property>
	</bean>
	
	<bean id="get_additional_feature_param_4" class="net.bcgi.util.db.ParamDef" scope="singleton">
	  <property name="name"><value>po_error_code</value></property>
	  <property name="mapTo"><value>po_error_code</value></property>
	  <property name="type"><ref bean="java.sql.Types.BIGINT"></ref></property>
	  <property name="position"><value>4</value></property>
	  <property name="parameterType"><ref bean="net.bcgi.util.db.ParamDef.OUT"></ref></property>
	</bean> 
</beans>