	<!DOCTYPE beans PUBLIC "-//SPRING//DTD BEAN//EN" "http://www.springframework.org/dtd/spring-beans.dtd">
	<beans>
		<bean id="get_ca_renewal" class="net.bcgi.util.db.SPDefinition" scope="prototype">
		<property name="name"><value>CS_COMMUNITY_ACCOUNT_PACKAGE.get_ca_renewal</value></property>
		<property name="returnsResult"><value>false</value></property>
		<property name="parameters">
			<list> <!--  parameter list -->
				<ref bean="get_ca_renewals_1"></ref>
				<ref bean="get_ca_renewals_2"></ref>	
				<ref bean="get_ca_renewals_3"></ref>			
				<ref bean="get_ca_renewals_4"></ref>	
			</list>
		</property>
		<property name="refCursors">
			<map>
				<entry key="3"> <ref bean="po_ca_renewal_details_ref"/> </entry>				
			</map>
	</property>
	</bean>
	
	<bean id="po_ca_renewal_details_ref" class="net.bcgi.util.db.ResultSetDef" scope="prototype">
		<property name="resultSetParams">
			<list>
				<ref bean="po_ca_renewal_details_ref_cursor_param_1"></ref>
				<ref bean="po_ca_renewal_details_ref_cursor_param_2"></ref>
				<ref bean="po_ca_renewal_details_ref_cursor_param_3"></ref>
				<ref bean="po_ca_renewal_details_ref_cursor_param_4"></ref>
				<ref bean="po_ca_renewal_details_ref_cursor_param_5"></ref>
				<ref bean="po_ca_renewal_details_ref_cursor_param_6"></ref>
				<ref bean="po_ca_renewal_details_ref_cursor_param_7"></ref>
			</list>
		</property>
		<property name="className" value="com.xius.billing.agent.domaindata.impl.ca.GetCARenewalCursorData"/>
	</bean>
	
	<bean id="po_ca_renewal_details_ref_cursor_param_1" class="net.bcgi.util.db.ResultSetParam" scope="singleton">
	  <property name="procedureColumnName"><value>ca_grp_id</value></property>
	  <property name="mapTo"><value>grpId</value></property>
	  <property name="columnType"><ref bean="java.sql.Types.BIGINT"></ref></property>
	  <property name="position"><value>1</value></property>
	</bean>
	
	<bean id="po_ca_renewal_details_ref_cursor_param_2" class="net.bcgi.util.db.ResultSetParam" scope="singleton">
	  <property name="procedureColumnName"><value>ca_grp_name</value></property>
	  <property name="mapTo"><value>grpName</value></property>
	  <property name="columnType"><ref bean="java.sql.Types.VARCHAR"></ref></property>
	  <property name="position"><value>2</value></property>
	</bean>
	
	<bean id="po_ca_renewal_details_ref_cursor_param_3" class="net.bcgi.util.db.ResultSetParam" scope="singleton">
	  <property name="procedureColumnName"><value>ca_package_id</value></property>
	  <property name="mapTo"><value>pkgId</value></property>
	  <property name="columnType"><ref bean="java.sql.Types.BIGINT"></ref></property>
	  <property name="position"><value>3</value></property>
	</bean>
	
	<bean id="po_ca_renewal_details_ref_cursor_param_4" class="net.bcgi.util.db.ResultSetParam" scope="singleton">
	  <property name="procedureColumnName"><value>ca_package_name</value></property>
	  <property name="mapTo"><value>pkgName</value></property>
	  <property name="columnType"><ref bean="java.sql.Types.VARCHAR"></ref></property>
	  <property name="position"><value>4</value></property>
	</bean>
	
	<bean id="po_ca_renewal_details_ref_cursor_param_5" class="net.bcgi.util.db.ResultSetParam" scope="singleton">
	  <property name="procedureColumnName"><value>ca_package_rental_amount</value></property>
	  <property name="mapTo"><value>pkgRentalAmt</value></property>
	  <property name="columnType"><ref bean="java.sql.Types.DECIMAL"></ref></property>
	  <property name="position"><value>5</value></property>
	</bean>
	
	<bean id="po_ca_renewal_details_ref_cursor_param_6" class="net.bcgi.util.db.ResultSetParam" scope="singleton">
	  <property name="procedureColumnName"><value>ca_grp_parent_accountid</value></property>
	  <property name="mapTo"><value>acctId</value></property>
	  <property name="columnType"><ref bean="java.sql.Types.BIGINT"></ref></property>
	  <property name="position"><value>6</value></property>
	</bean>
	
	<bean id="po_ca_renewal_details_ref_cursor_param_7" class="net.bcgi.util.db.ResultSetParam" scope="singleton">
	  <property name="procedureColumnName"><value>msisdn_no</value></property>
	  <property name="mapTo"><value>msisdn</value></property>
	  <property name="columnType"><ref bean="java.sql.Types.BIGINT"></ref></property>
	  <property name="position"><value>7</value></property>
	</bean>
	
	<bean id="get_ca_renewals_1" class="net.bcgi.util.db.ParamDef" scope="singleton">
		<property name="name"><value>pi_network_id</value></property>
		<property name="mapTo"><value>pi_network_id</value></property>
		<property name="type"><ref bean="java.sql.Types.BIGINT"></ref></property>
		<property name="position"><value>1</value></property>
		<property name="parameterType"><ref bean="net.bcgi.util.db.ParamDef.IN"></ref></property>
	</bean>
	<bean id="get_ca_renewals_2" class="net.bcgi.util.db.ParamDef" scope="singleton">
		<property name="name"><value>pi_office_code</value></property>
		<property name="mapTo"><value>officeCode</value></property>
		<property name="type"><ref bean="java.sql.Types.BIGINT"></ref></property>
		<property name="position"><value>2</value></property>
		<property name="parameterType"><ref bean="net.bcgi.util.db.ParamDef.IN"></ref></property>
	</bean>
	
	<bean id="get_ca_renewals_3" class="net.bcgi.util.db.ParamDef" scope="singleton">
		<property name="name"><value>po_ca_renewal_details</value></property>
		<property name="mapTo"><value>po_ca_renewal_details</value></property>
		<property name="type"><ref bean="oracle.jdbc.driver.OracleTypes.CURSOR"></ref></property>
		<property name="position"><value>3</value></property>
		<property name="parameterType"><ref bean="net.bcgi.util.db.ParamDef.OUT"></ref></property>
	</bean>
	
	<bean id="get_ca_renewals_4" class="net.bcgi.util.db.ParamDef" scope="singleton">
	  <property name="name"><value>po_error_code</value></property>
	  <property name="mapTo"><value>po_error_code</value></property>
	  <property name="type"><ref bean="java.sql.Types.BIGINT"></ref></property>
	  <property name="position"><value>4</value></property>
	  <property name="parameterType"><ref bean="net.bcgi.util.db.ParamDef.OUT"></ref></property>
	</bean> 	
</beans>