<!DOCTYPE beans PUBLIC "-//SPRING//DTD BEAN//EN" "http://www.springframework.org/dtd/spring-beans.dtd">
<beans>
	<bean id="get_ca_details" class="net.bcgi.util.db.SPDefinition" scope="prototype">
	<property name="name"><value>CS_COMMUNITY_ACCOUNT_PACKAGE.get_ca_details</value></property>
	<property name="returnsResult"><value>false</value></property>
	<property name="parameters">
		<list> <!--  parameter list -->
			<ref bean="get_ca_details_1"></ref>
			<ref bean="get_ca_details_2"></ref>	
			<ref bean="get_ca_details_3"></ref>
			<ref bean="get_ca_details_4"></ref>
			<ref bean="get_ca_details_5"></ref>
	 		<ref bean="get_ca_details_6"></ref>
	 		<ref bean="get_ca_details_7"></ref>
	 		<ref bean="get_ca_details_8"></ref>
	 		<ref bean="get_ca_details_9"></ref>
	 		<ref bean="get_ca_details_10"></ref>
	 		<ref bean="get_ca_details_11"></ref>	 		
	 		<ref bean="get_ca_details_12"></ref>
	 		<ref bean="get_ca_details_13"></ref>
	 		<ref bean="get_ca_details_14"></ref>
	 		<ref bean="get_ca_details_15"></ref>
	 		<ref bean="get_ca_details_16"></ref>
	 		<ref bean="get_ca_details_17"></ref>
		</list>
	</property>
	<property name="refCursors">
		<map>
			<entry key="11"> <ref bean="po_get_ca_child_bal_details_ref"/> </entry>
			<entry key="12"> <ref bean="po_get_ca_acct_status_details_ref"/> </entry>
		</map>
	</property>
	</bean>
	
	<bean id="po_get_ca_acct_status_details_ref" class="net.bcgi.util.db.ResultSetDef" scope="prototype">
		<property name="resultSetParams">
			<list>
				<ref bean="po_get_ca_acct_status_details_ref_cursor_param_1"></ref>
				<ref bean="po_get_ca_acct_status_details_ref_cursor_param_2"></ref>
				<ref bean="po_get_ca_acct_status_details_ref_cursor_param_3"></ref>
				<ref bean="po_get_ca_acct_status_details_ref_cursor_param_4"></ref>
				<ref bean="po_get_ca_acct_status_details_ref_cursor_param_5"></ref>
				<ref bean="po_get_ca_acct_status_details_ref_cursor_param_6"></ref>
				<ref bean="po_get_ca_acct_status_details_ref_cursor_param_7"></ref>
				<ref bean="po_get_ca_acct_status_details_ref_cursor_param_8"></ref>
				<ref bean="po_get_ca_acct_status_details_ref_cursor_param_9"></ref>
				<ref bean="po_get_ca_acct_status_details_ref_cursor_param_10"></ref>
				<ref bean="po_get_ca_acct_status_details_ref_cursor_param_11"></ref>
				<ref bean="po_get_ca_acct_status_details_ref_cursor_param_12"></ref>
				<ref bean="po_get_ca_acct_status_details_ref_cursor_param_13"></ref>
			</list>
		</property>
		<property name="className" value="com.xius.billing.agent.domaindata.impl.ca.GrpAcctStatusCursorData"/>
	</bean>
	
	<bean id="po_get_ca_acct_status_details_ref_cursor_param_1" class="net.bcgi.util.db.ResultSetParam" scope="singleton">
	  <property name="procedureColumnName"><value>ca_account_id</value></property>
	  <property name="mapTo"><value>ca_account_id</value></property>
	  <property name="columnType"><ref bean="java.sql.Types.BIGINT"></ref></property>
	  <property name="position"><value>1</value></property>
	</bean>
	
	<bean id="po_get_ca_acct_status_details_ref_cursor_param_2" class="net.bcgi.util.db.ResultSetParam" scope="singleton">
	  <property name="procedureColumnName"><value>msisdn_no</value></property>
	  <property name="mapTo"><value>msisdn_no</value></property>
	  <property name="columnType"><ref bean="java.sql.Types.BIGINT"></ref></property>
	  <property name="position"><value>2</value></property>
	</bean>
	
	<bean id="po_get_ca_acct_status_details_ref_cursor_param_3" class="net.bcgi.util.db.ResultSetParam" scope="singleton">
	  <property name="procedureColumnName"><value>ca_grp_id</value></property>
	  <property name="mapTo"><value>ca_grp_id</value></property>
	  <property name="columnType"><ref bean="java.sql.Types.BIGINT"></ref></property>
	  <property name="position"><value>3</value></property>
	</bean>
	
	<bean id="po_get_ca_acct_status_details_ref_cursor_param_4" class="net.bcgi.util.db.ResultSetParam" scope="singleton">
	  <property name="procedureColumnName"><value>ca_home_network_id</value></property>
	  <property name="mapTo"><value>home_network_id</value></property>
	  <property name="columnType"><ref bean="java.sql.Types.BIGINT"></ref></property>
	  <property name="position"><value>4</value></property>
	</bean>
	
	<bean id="po_get_ca_acct_status_details_ref_cursor_param_5" class="net.bcgi.util.db.ResultSetParam" scope="singleton">
	  <property name="procedureColumnName"><value>ca_parent_account_id</value></property>
	  <property name="mapTo"><value>parent_acct_id</value></property>
	  <property name="columnType"><ref bean="java.sql.Types.BIGINT"></ref></property>
	  <property name="position"><value>5</value></property>
	</bean>
	
	<bean id="po_get_ca_acct_status_details_ref_cursor_param_6" class="net.bcgi.util.db.ResultSetParam" scope="singleton">
	  <property name="procedureColumnName"><value>ca_account_isactive</value></property>
	  <property name="mapTo"><value>is_acct_active</value></property>
	  <property name="columnType"><ref bean="java.sql.Types.VARCHAR"></ref></property>
	  <property name="position"><value>6</value></property>
	</bean>
	
	<bean id="po_get_ca_acct_status_details_ref_cursor_param_7" class="net.bcgi.util.db.ResultSetParam" scope="singleton">
	  <property name="procedureColumnName"><value>ca_grp_useparent_core_bal_yn</value></property>
	  <property name="mapTo"><value>use_parent_ca_bal</value></property>
	  <property name="columnType"><ref bean="java.sql.Types.VARCHAR"></ref></property>
	  <property name="position"><value>7</value></property>
	</bean>
	
	<bean id="po_get_ca_acct_status_details_ref_cursor_param_8" class="net.bcgi.util.db.ResultSetParam" scope="singleton">
	  <property name="procedureColumnName"><value>ca_grp_useparent_ca_bal_yn</value></property>
	  <property name="mapTo"><value>use_parent_core_bal</value></property>
	  <property name="columnType"><ref bean="java.sql.Types.VARCHAR"></ref></property>
	  <property name="position"><value>8</value></property>
	</bean>
	
	<bean id="po_get_ca_acct_status_details_ref_cursor_param_9" class="net.bcgi.util.db.ResultSetParam" scope="singleton">
	  <property name="procedureColumnName"><value>ca_account_allowed_bal</value></property>
	  <property name="mapTo"><value>account_allowed_bal</value></property>
	  <property name="columnType"><ref bean="java.sql.Types.BIGINT"></ref></property>
	  <property name="position"><value>9</value></property>
	</bean>
	
	<bean id="po_get_ca_acct_status_details_ref_cursor_param_10" class="net.bcgi.util.db.ResultSetParam" scope="singleton">
	  <property name="procedureColumnName"><value>ca_use_parent_bkt_balance</value></property>
	  <property name="mapTo"><value>use_parent_bkt_balance</value></property>
	  <property name="columnType"><ref bean="java.sql.Types.VARCHAR"></ref></property>
	  <property name="position"><value>10</value></property>
	</bean>	
	
	<bean id="po_get_ca_acct_status_details_ref_cursor_param_11" class="net.bcgi.util.db.ResultSetParam" scope="singleton">
	  <property name="procedureColumnName"><value>ca_use_own_bkt_balance</value></property>
	  <property name="mapTo"><value>use_own_bkt_balance</value></property>
	  <property name="columnType"><ref bean="java.sql.Types.VARCHAR"></ref></property>
	  <property name="position"><value>11</value></property>
	</bean>	
	
	
	
	<bean id="po_get_ca_acct_status_details_ref_cursor_param_12" class="net.bcgi.util.db.ResultSetParam" scope="singleton">
	  <property name="procedureColumnName"><value>devcegroup_id</value></property>
	  <property name="mapTo"><value>child_devicegroupids</value></property>
	  <property name="columnType"><ref bean="java.sql.Types.VARCHAR"></ref></property>
	  <property name="position"><value>12</value></property>
	</bean>	
	
	<bean id="po_get_ca_acct_status_details_ref_cursor_param_13" class="net.bcgi.util.db.ResultSetParam" scope="singleton">
	  <property name="procedureColumnName"><value>zonegroup_id</value></property>
	  <property name="mapTo"><value>zone_group_ids</value></property>
	  <property name="columnType"><ref bean="java.sql.Types.VARCHAR"></ref></property>
	  <property name="position"><value>13</value></property>
	</bean>	
	<bean id="po_get_ca_child_bal_details_ref" class="net.bcgi.util.db.ResultSetDef" scope="prototype">
		<property name="resultSetParams">
			<list>
				<ref bean="po_get_ca_child_bal_details_ref_cursor_param_1"></ref>
				<ref bean="po_get_ca_child_bal_details_ref_cursor_param_2"></ref>
				<ref bean="po_get_ca_child_bal_details_ref_cursor_param_3"></ref>
				<ref bean="po_get_ca_child_bal_details_ref_cursor_param_4"></ref>
				<ref bean="po_get_ca_child_bal_details_ref_cursor_param_5"></ref>
				<ref bean="po_get_ca_child_bal_details_ref_cursor_param_6"></ref>
				<ref bean="po_get_ca_child_bal_details_ref_cursor_param_7"></ref>
				<ref bean="po_get_ca_child_bal_details_ref_cursor_param_8"></ref>
			</list>
		</property>
		<property name="className" value="com.xius.billing.agent.domaindata.impl.ca.GrpAcctBalanceCursorData"/>
	</bean>	
	
	<bean id="po_get_ca_child_bal_details_ref_cursor_param_1" class="net.bcgi.util.db.ResultSetParam" scope="singleton">
	  <property name="procedureColumnName"><value>msisdn_no</value></property>
	  <property name="mapTo"><value>msisdn_no</value></property>
	  <property name="columnType"><ref bean="java.sql.Types.BIGINT"></ref></property>
	  <property name="position"><value>1</value></property>
	</bean>
	
	<bean id="po_get_ca_child_bal_details_ref_cursor_param_2" class="net.bcgi.util.db.ResultSetParam" scope="singleton">
	  <property name="procedureColumnName"><value>ca_grp_id</value></property>
	  <property name="mapTo"><value>ca_grp_id</value></property>
	  <property name="columnType"><ref bean="java.sql.Types.BIGINT"></ref></property>
	  <property name="position"><value>2</value></property>
	</bean>
	
	<bean id="po_get_ca_child_bal_details_ref_cursor_param_3" class="net.bcgi.util.db.ResultSetParam" scope="singleton">
	  <property name="procedureColumnName"><value>ca_service_id</value></property>
	  <property name="mapTo"><value>ca_srvc_id</value></property>
	  <property name="columnType"><ref bean="java.sql.Types.BIGINT"></ref></property>
	  <property name="position"><value>3</value></property>
	</bean>
	
	<bean id="po_get_ca_child_bal_details_ref_cursor_param_4" class="net.bcgi.util.db.ResultSetParam" scope="singleton">
	  <property name="procedureColumnName"><value>ca_service_name</value></property>
	  <property name="mapTo"><value>ca_srvc_name</value></property>
	  <property name="columnType"><ref bean="java.sql.Types.VARCHAR"></ref></property>
	  <property name="position"><value>4</value></property>
	</bean>
	
	<bean id="po_get_ca_child_bal_details_ref_cursor_param_5" class="net.bcgi.util.db.ResultSetParam" scope="singleton">
	  <property name="procedureColumnName"><value>ca_grp_unit_type</value></property>
	  <property name="mapTo"><value>ca_unit_type</value></property>
	  <property name="columnType"><ref bean="java.sql.Types.VARCHAR"></ref></property>
	  <property name="position"><value>5</value></property>
	</bean>
	
	<bean id="po_get_ca_child_bal_details_ref_cursor_param_6" class="net.bcgi.util.db.ResultSetParam" scope="singleton">
	  <property name="procedureColumnName"><value>ca_unit_value</value></property>
	  <property name="mapTo"><value>ca_unit_value</value></property>
	  <property name="columnType"><ref bean="java.sql.Types.DECIMAL"></ref></property>
	  <property name="position"><value>6</value></property>
	</bean>
	
	<bean id="po_get_ca_child_bal_details_ref_cursor_param_7" class="net.bcgi.util.db.ResultSetParam" scope="singleton">
	  <property name="procedureColumnName"><value>ca_account_id</value></property>
	  <property name="mapTo"><value>ca_account_id</value></property>
	  <property name="columnType"><ref bean="java.sql.Types.BIGINT"></ref></property>
	  <property name="position"><value>7</value></property>
	</bean>	
	<bean id="po_get_ca_child_bal_details_ref_cursor_param_8" class="net.bcgi.util.db.ResultSetParam" scope="singleton">
	  <property name="procedureColumnName"><value>ca_package_unit_topup_charge</value></property>
	  <property name="mapTo"><value>ca_package_unit_topup_charge</value></property>
	  <property name="columnType"><ref bean="java.sql.Types.DECIMAL"></ref></property>
	  <property name="position"><value>8</value></property>
	</bean>	

	
	<bean id="get_ca_details_1" class="net.bcgi.util.db.ParamDef" scope="singleton">
		<property name="name"><value>pi_ca_acct_id</value></property>
		<property name="mapTo"><value>pi_ca_acct_id</value></property>
		<property name="type"><ref bean="java.sql.Types.BIGINT"></ref></property>
		<property name="position"><value>1</value></property>
		<property name="parameterType"><ref bean="net.bcgi.util.db.ParamDef.IN"></ref></property>
	</bean>
	
	<bean id="get_ca_details_2" class="net.bcgi.util.db.ParamDef" scope="singleton">
		<property name="name"><value>pi_network_id</value></property>
		<property name="mapTo"><value>pi_network_id</value></property>
		<property name="type"><ref bean="java.sql.Types.BIGINT"></ref></property>
		<property name="position"><value>2</value></property>
		<property name="parameterType"><ref bean="net.bcgi.util.db.ParamDef.IN"></ref></property>
	</bean>
	
	<bean id="get_ca_details_3" class="net.bcgi.util.db.ParamDef" scope="singleton">
		<property name="name"><value>po_account_type</value></property>
		<property name="mapTo"><value>po_account_type</value></property>
		<property name="type"><ref bean="java.sql.Types.VARCHAR"></ref></property>
		<property name="position"><value>3</value></property>
		<property name="parameterType"><ref bean="net.bcgi.util.db.ParamDef.OUT"></ref></property>
	</bean>
	
	<bean id="get_ca_details_4" class="net.bcgi.util.db.ParamDef" scope="singleton">
		<property name="name"><value>po_grp_id</value></property>
		<property name="mapTo"><value>pi_ca_grp_id</value></property>
		<property name="type"><ref bean="java.sql.Types.BIGINT"></ref></property>
		<property name="position"><value>4</value></property>
		<property name="parameterType"><ref bean="net.bcgi.util.db.ParamDef.OUT"></ref></property>
	</bean>
	
	<bean id="get_ca_details_5" class="net.bcgi.util.db.ParamDef" scope="singleton">
		<property name="name"><value>po_grp_name</value></property>
		<property name="mapTo"><value>po_grp_name</value></property>
		<property name="type"><ref bean="java.sql.Types.VARCHAR"></ref></property>
		<property name="position"><value>5</value></property>
		<property name="parameterType"><ref bean="net.bcgi.util.db.ParamDef.OUT"></ref></property>
	</bean>
	
	<bean id="get_ca_details_6" class="net.bcgi.util.db.ParamDef" scope="singleton">
		<property name="name"><value>po_grp_package_id</value></property>
		<property name="mapTo"><value>po_grp_package_id</value></property>
		<property name="type"><ref bean="java.sql.Types.BIGINT"></ref></property>
		<property name="position"><value>6</value></property>
		<property name="parameterType"><ref bean="net.bcgi.util.db.ParamDef.OUT"></ref></property>
	</bean>
	
	<bean id="get_ca_details_7" class="net.bcgi.util.db.ParamDef" scope="singleton">
		<property name="name"><value>po_ca_package_name</value></property>
		<property name="mapTo"><value>po_ca_package_name</value></property>
		<property name="type"><ref bean="java.sql.Types.VARCHAR"></ref></property>
		<property name="position"><value>7</value></property>
		<property name="parameterType"><ref bean="net.bcgi.util.db.ParamDef.OUT"></ref></property>
	</bean>
	
	<bean id="get_ca_details_8" class="net.bcgi.util.db.ParamDef" scope="singleton">
		<property name="name"><value>po_rental_amount</value></property>
		<property name="mapTo"><value>po_rental_amount</value></property>
		<property name="type"><ref bean="java.sql.Types.DECIMAL"></ref></property>
		<property name="position"><value>8</value></property>
		<property name="parameterType"><ref bean="net.bcgi.util.db.ParamDef.OUT"></ref></property>
	</bean>
	
	<bean id="get_ca_details_9" class="net.bcgi.util.db.ParamDef" scope="singleton">
		<property name="name"><value>po_grp_parent_accountid</value></property>
		<property name="mapTo"><value>po_grp_parent_accountid</value></property>
		<property name="type"><ref bean="java.sql.Types.BIGINT"></ref></property>
		<property name="position"><value>9</value></property>
		<property name="parameterType"><ref bean="net.bcgi.util.db.ParamDef.OUT"></ref></property>
	</bean>
	
	<bean id="get_ca_details_10" class="net.bcgi.util.db.ParamDef" scope="singleton">
		<property name="name"><value>po_grp_validity_date</value></property>
		<property name="mapTo"><value>po_grp_validity_date</value></property>
		<property name="type"><ref bean="java.sql.Types.VARCHAR"></ref></property>
		<property name="position"><value>10</value></property>
		<property name="parameterType"><ref bean="net.bcgi.util.db.ParamDef.OUT"></ref></property>
	</bean>
	
	<bean id="get_ca_details_11" class="net.bcgi.util.db.ParamDef" scope="singleton">
		<property name="name"><value>po_ca_child_bal_details</value></property>
		<property name="mapTo"><value>po_ca_child_bal_details</value></property>
		<property name="type"><ref bean="oracle.jdbc.driver.OracleTypes.CURSOR"></ref></property>
		<property name="position"><value>11</value></property>
		<property name="parameterType"><ref bean="net.bcgi.util.db.ParamDef.OUT"></ref></property>
	</bean>
	 
	<bean id="get_ca_details_12" class="net.bcgi.util.db.ParamDef" scope="singleton">
		<property name="name"><value>po_ca_acct_status_details</value></property>
		<property name="mapTo"><value>po_ca_acct_status_details</value></property>
		<property name="type"><ref bean="oracle.jdbc.driver.OracleTypes.CURSOR"></ref></property>
		<property name="position"><value>12</value></property>
		<property name="parameterType"><ref bean="net.bcgi.util.db.ParamDef.OUT"></ref></property>
	</bean>	
	
	<bean id="get_ca_details_13" class="net.bcgi.util.db.ParamDef" scope="singleton">
	  <property name="name"><value>po_account_balance</value></property>
	  <property name="mapTo"><value>po_core_bal</value></property>
	  <property name="type"><ref bean="java.sql.Types.DECIMAL"></ref></property>
	  <property name="position"><value>13</value></property>
	  <property name="parameterType"><ref bean="net.bcgi.util.db.ParamDef.OUT"></ref></property>
	</bean>
	<bean id="get_ca_details_14" class="net.bcgi.util.db.ParamDef" scope="singleton">
		<property name="name"><value>po_parent_deviceid</value></property>
		<property name="mapTo"><value>po_parent_deviceid</value></property>
		<property name="type"><ref bean="java.sql.Types.VARCHAR"></ref></property>
		<property name="position"><value>14</value></property>
		<property name="parameterType"><ref bean="net.bcgi.util.db.ParamDef.OUT"></ref></property>
	</bean>
	<bean id="get_ca_details_15" class="net.bcgi.util.db.ParamDef" scope="singleton">
		<property name="name"><value>po_parent_zoneids</value></property>
		<property name="mapTo"><value>po_parent_zoneids</value></property>
		<property name="type"><ref bean="java.sql.Types.VARCHAR"></ref></property>
		<property name="position"><value>15</value></property>
		<property name="parameterType"><ref bean="net.bcgi.util.db.ParamDef.OUT"></ref></property>
	</bean>
	
	<bean id="get_ca_details_16" class="net.bcgi.util.db.ParamDef" scope="singleton">
	  <property name="name"><value>po_error_code</value></property>
	  <property name="mapTo"><value>po_error_code</value></property>
	  <property name="type"><ref bean="java.sql.Types.BIGINT"></ref></property>
	  <property name="position"><value>16</value></property>
	  <property name="parameterType"><ref bean="net.bcgi.util.db.ParamDef.OUT"></ref></property>
	</bean> 	
	
	<bean id="get_ca_details_17" class="net.bcgi.util.db.ParamDef" scope="singleton">
		<property name="name"><value>po_error_mesg</value></property>
		<property name="mapTo"><value>po_error_mesg</value></property>
		<property name="type"><ref bean="java.sql.Types.VARCHAR"></ref></property>
		<property name="position"><value>17</value></property>
	  <property name="parameterType"><ref bean="net.bcgi.util.db.ParamDef.OUT"></ref></property>
	</bean> 	
</beans>