<!DOCTYPE beans PUBLIC "-//SPRING//DTD BEAN//EN" "http://www.springframework.org/dtd/spring-beans.dtd">
<beans>
	<bean id="get_airtime_calendar" class="net.bcgi.util.db.SPDefinition" scope="prototype">
		<property name="name"><value>CS_COMMUNITY_ACCOUNT_PACKAGE.get_airtime_calendar</value></property>
		<property name="returnsResult"><value>false</value></property>
		<property name="parameters">
		<list> <!--  parameter list -->
			<ref bean="get_airtime_calendar_param_1"></ref>
			<ref bean="get_airtime_calendar_param_2"></ref>
			<ref bean="get_airtime_calendar_param_3"></ref>
		</list>
		</property>
		<property name="refCursors">
			<map>
				<entry key="2">
					<ref bean="po_ref_calendar_id_name"/>
				</entry>
				</map>
		</property>
		
	</bean>
	<bean id="po_ref_calendar_id_name" class="net.bcgi.util.db.ResultSetDef" scope="prototype">
		<property name="resultSetParams">
			<list>
				<ref bean="get_airtime_calendar_cursor_param_1"></ref>
				<ref bean="get_airtime_calendar_cursor_param_2"></ref>
			</list>
		</property>
		<property name="className" value="com.xius.billing.agent.domaindata.impl.ca.GetCAServiceInfoCursor"/>
	</bean>	
	<bean id="get_airtime_calendar_cursor_param_1" class="net.bcgi.util.db.ResultSetParam" scope="singleton">
	  <property name="procedureColumnName"><value>calendar_id</value></property>
	  <property name="mapTo"><value>id</value></property>
	  <property name="columnType"><ref bean="java.sql.Types.BIGINT"></ref></property>
	  <property name="position"><value>1</value></property>
	</bean>
	
	<bean id="get_airtime_calendar_cursor_param_2" class="net.bcgi.util.db.ResultSetParam" scope="singleton">
	  <property name="procedureColumnName"><value>calendar_name</value></property>
	  <property name="mapTo"><value>name</value></property>
	  <property name="columnType"><ref bean="java.sql.Types.VARCHAR"></ref></property>
	  <property name="position"><value>2</value></property>
	</bean>
	  
	<bean id="get_airtime_calendar_param_1" class="net.bcgi.util.db.ParamDef" scope="singleton">
	  <property name="name"><value>pi_network_id</value></property>
	  <property name="mapTo"><value>pi_network_id</value></property>
	  <property name="type"><ref bean="java.sql.Types.BIGINT"></ref></property>
	  <property name="position"><value>1</value></property>
	  <property name="parameterType"><ref bean="net.bcgi.util.db.ParamDef.IN"></ref></property>
	</bean>
	  
	<bean id="get_airtime_calendar_param_2" class="net.bcgi.util.db.ParamDef" scope="singleton">
	 <property name="name"><value>po_calendar_id_name</value></property>
	 <property name="mapTo"><value>po_calendar_id_name</value></property>
	 <property name="type"><ref bean="oracle.jdbc.driver.OracleTypes.CURSOR"></ref></property>
	 <property name="position"><value>2</value></property>
	 <property name="parameterType"><ref bean="net.bcgi.util.db.ParamDef.OUT"></ref></property>
	</bean>
	
	<bean id="get_airtime_calendar_param_3" class="net.bcgi.util.db.ParamDef" scope="singleton">
	  <property name="name"><value>po_error_code</value></property>
	  <property name="mapTo"><value>po_error_code</value></property>
	  <property name="type"><ref bean="java.sql.Types.BIGINT"></ref></property>
	  <property name="position"><value>3</value></property>
	  <property name="parameterType"><ref bean="net.bcgi.util.db.ParamDef.OUT"></ref></property>
	</bean> 
</beans>