<!DOCTYPE beans PUBLIC "-//SPRING//DTD BEAN//EN" "http://www.springframework.org/dtd/spring-beans.dtd">
<beans>
	<bean id="get_ca_preload_data" class="net.bcgi.util.db.SPDefinition" scope="prototype">
		<property name="name"><value>CS_COMMUNITY_ACCOUNT_PACKAGE.get_ca_preload_data</value></property>
		<property name="returnsResult"><value>false</value></property>
		<property name="parameters">
		<list> <!--  parameter list -->
			<ref bean="get_ca_preload_data_param_1"></ref>
			<ref bean="get_ca_preload_data_param_2"></ref>
			<ref bean="get_ca_preload_data_param_3"></ref>
			<ref bean="get_ca_preload_data_param_4"></ref>
			<ref bean="get_ca_preload_data_param_5"></ref>
			<ref bean="get_ca_preload_data_param_6"></ref>
			<ref bean="get_ca_preload_data_param_7"></ref>
			<ref bean="get_ca_preload_data_param_8"></ref>
			<ref bean="get_ca_preload_data_param_9"></ref>
		</list>
		</property>
		<property name="refCursors">
			<map>
				<entry key="2">
					<ref bean="po_ca_service_ref_details"/>
				</entry>
				<entry key="3">
					<ref bean="po_addl_feature_ref_details"/>
				</entry>
				<entry key="4">
					<ref bean="po_calendar_id_name_ref_details"/>
				</entry>
				<entry key="5">
					<ref bean="po_visiting_networks_ref_details"/>
				</entry>
				<entry key="6">
					<ref bean="po_device_group_info_ref_details"/>
				</entry>
				<entry key="7">
					<ref bean="po_data_zone_group_info_ref_details"/>
				</entry>
			</map>
		</property>
		
	</bean>
	<bean id="po_data_zone_group_info_ref_details" class="net.bcgi.util.db.ResultSetDef" scope="prototype">
		<property name="resultSetParams">
			<list>
				<ref bean="po_data_zone_group_info_ref_details_cursor_param_1"></ref>
				<ref bean="po_data_zone_group_info_ref_details_cursor_param_2"></ref>
			</list>
		</property>
		<property name="className" value="com.xius.billing.agent.domaindata.impl.ca.GetCAServiceInfoCursor"/>
	</bean>	
	<bean id="po_data_zone_group_info_ref_details_cursor_param_1" class="net.bcgi.util.db.ResultSetParam" scope="singleton">
	  <property name="procedureColumnName"><value>zone_group_id</value></property>
	  <property name="mapTo"><value>id</value></property>
	  <property name="columnType"><ref bean="java.sql.Types.BIGINT"></ref></property>
	  <property name="position"><value>1</value></property>
	</bean>
	
	<bean id="po_data_zone_group_info_ref_details_cursor_param_2" class="net.bcgi.util.db.ResultSetParam" scope="singleton">
	  <property name="procedureColumnName"><value>zone_group_name</value></property>
	  <property name="mapTo"><value>name</value></property>
	  <property name="columnType"><ref bean="java.sql.Types.VARCHAR"></ref></property>
	  <property name="position"><value>2</value></property>
	</bean>
	<bean id="po_device_group_info_ref_details" class="net.bcgi.util.db.ResultSetDef" scope="prototype">
		<property name="resultSetParams">
			<list>
				<ref bean="po_device_group_info_ref_details_cursor_param_1"></ref>
				<ref bean="po_device_group_info_ref_details_cursor_param_2"></ref>
			</list>
		</property>
		<property name="className" value="com.xius.billing.agent.domaindata.impl.ca.GetCAServiceInfoCursor"/>
	</bean>	
	<bean id="po_device_group_info_ref_details_cursor_param_1" class="net.bcgi.util.db.ResultSetParam" scope="singleton">
	  <property name="procedureColumnName"><value>device_group_seq_no</value></property>
	  <property name="mapTo"><value>id</value></property>
	  <property name="columnType"><ref bean="java.sql.Types.BIGINT"></ref></property>
	  <property name="position"><value>1</value></property>
	</bean>
	
	<bean id="po_device_group_info_ref_details_cursor_param_2" class="net.bcgi.util.db.ResultSetParam" scope="singleton">
	  <property name="procedureColumnName"><value>device_group_name</value></property>
	  <property name="mapTo"><value>name</value></property>
	  <property name="columnType"><ref bean="java.sql.Types.VARCHAR"></ref></property>
	  <property name="position"><value>2</value></property>
	</bean>
	<bean id="po_visiting_networks_ref_details" class="net.bcgi.util.db.ResultSetDef" scope="prototype">
		<property name="resultSetParams">
			<list>
				<ref bean="po_visiting_networks_ref_details_cursor_param_1"></ref>
				<ref bean="po_visiting_networks_ref_details_cursor_param_2"></ref>
			</list>
		</property>
		<property name="className" value="com.xius.billing.agent.domaindata.impl.ca.GetCAServiceInfoCursor"/>
	</bean>	
	<bean id="po_visiting_networks_ref_details_cursor_param_1" class="net.bcgi.util.db.ResultSetParam" scope="singleton">
	  <property name="procedureColumnName"><value>vist_network_id</value></property>
	  <property name="mapTo"><value>id</value></property>
	  <property name="columnType"><ref bean="java.sql.Types.BIGINT"></ref></property>
	  <property name="position"><value>1</value></property>
	</bean>
	
	<bean id="po_visiting_networks_ref_details_cursor_param_2" class="net.bcgi.util.db.ResultSetParam" scope="singleton">
	  <property name="procedureColumnName"><value>network_name</value></property>
	  <property name="mapTo"><value>name</value></property>
	  <property name="columnType"><ref bean="java.sql.Types.VARCHAR"></ref></property>
	  <property name="position"><value>2</value></property>
	</bean>
	
	<bean id="po_calendar_id_name_ref_details" class="net.bcgi.util.db.ResultSetDef" scope="prototype">
		<property name="resultSetParams">
			<list>
				<ref bean="po_calendar_id_name_ref_details_cursor_param_1"></ref>
				<ref bean="po_calendar_id_name_ref_details_cursor_param_2"></ref>
			</list>
		</property>
		<property name="className" value="com.xius.billing.agent.domaindata.impl.ca.GetCAServiceInfoCursor"/>
	</bean>	
	<bean id="po_calendar_id_name_ref_details_cursor_param_1" class="net.bcgi.util.db.ResultSetParam" scope="singleton">
	  <property name="procedureColumnName"><value>calendar_id</value></property>
	  <property name="mapTo"><value>id</value></property>
	  <property name="columnType"><ref bean="java.sql.Types.BIGINT"></ref></property>
	  <property name="position"><value>1</value></property>
	</bean>
	
	<bean id="po_calendar_id_name_ref_details_cursor_param_2" class="net.bcgi.util.db.ResultSetParam" scope="singleton">
	  <property name="procedureColumnName"><value>calendar_name</value></property>
	  <property name="mapTo"><value>name</value></property>
	  <property name="columnType"><ref bean="java.sql.Types.VARCHAR"></ref></property>
	  <property name="position"><value>2</value></property>
	</bean>
	
	
	<bean id="po_addl_feature_ref_details" class="net.bcgi.util.db.ResultSetDef" scope="prototype">
		<property name="resultSetParams">
			<list>
				<ref bean="po_addl_feature_ref_details_cursor_param_1"></ref>
				<ref bean="po_addl_feature_ref_details_cursor_param_2"></ref>
				<ref bean="po_addl_feature_ref_details_cursor_param_3"></ref>
			</list>
		</property>
		<property name="className" value="com.xius.billing.agent.domaindata.impl.ca.GetCAServiceInfoCursor"/>
	</bean>	
	
	<bean id="po_addl_feature_ref_details_cursor_param_1" class="net.bcgi.util.db.ResultSetParam" scope="singleton">
	  <property name="procedureColumnName"><value>ca_addon_feature_id</value></property>
	  <property name="mapTo"><value>id</value></property>
	  <property name="columnType"><ref bean="java.sql.Types.BIGINT"></ref></property>
	  <property name="position"><value>1</value></property>
	</bean>
	<bean id="po_addl_feature_ref_details_cursor_param_2" class="net.bcgi.util.db.ResultSetParam" scope="singleton">
	  <property name="procedureColumnName"><value>ca_addon_charge</value></property>
	  <property name="mapTo"><value>charge</value></property>
	  <property name="columnType"><ref bean="java.sql.Types.DECIMAL"></ref></property>
	  <property name="position"><value>2</value></property>
	</bean>
	<bean id="po_addl_feature_ref_details_cursor_param_3" class="net.bcgi.util.db.ResultSetParam" scope="singleton">
	  <property name="procedureColumnName"><value>ca_addon_feature_name</value></property>
	  <property name="mapTo"><value>name</value></property>
	  <property name="columnType"><ref bean="java.sql.Types.VARCHAR"></ref></property>
	  <property name="position"><value>3</value></property>
	</bean>
	
	<bean id="po_ca_service_ref_details" class="net.bcgi.util.db.ResultSetDef" scope="prototype">
		<property name="resultSetParams">
			<list>
				<ref bean="po_ca_service_ref_details_cursor_param_1"></ref>
				<ref bean="po_ca_service_ref_details_cursor_param_2"></ref>
			</list>
		</property>
		<property name="className" value="com.xius.billing.agent.domaindata.impl.ca.GetCAServiceInfoCursor"/>
	</bean>	
	<bean id="po_ca_service_ref_details_cursor_param_1" class="net.bcgi.util.db.ResultSetParam" scope="singleton">
	  <property name="procedureColumnName"><value>ca_service_id</value></property>
	  <property name="mapTo"><value>id</value></property>
	  <property name="columnType"><ref bean="java.sql.Types.BIGINT"></ref></property>
	  <property name="position"><value>1</value></property>
	</bean>
	<bean id="po_ca_service_ref_details_cursor_param_2" class="net.bcgi.util.db.ResultSetParam" scope="singleton">
	  <property name="procedureColumnName"><value>ca_service_name</value></property>
	  <property name="mapTo"><value>name</value></property>
	  <property name="columnType"><ref bean="java.sql.Types.VARCHAR"></ref></property>
	  <property name="position"><value>2</value></property>
	</bean>
	
	<bean id="get_ca_preload_data_param_1" class="net.bcgi.util.db.ParamDef" scope="singleton">
	  <property name="name"><value>pi_network_id</value></property>
	  <property name="mapTo"><value>pi_network_id</value></property>
	  <property name="type"><ref bean="java.sql.Types.BIGINT"></ref></property>
	  <property name="position"><value>1</value></property>
	  <property name="parameterType"><ref bean="net.bcgi.util.db.ParamDef.IN"></ref></property>
	</bean>
	  
	<bean id="get_ca_preload_data_param_2" class="net.bcgi.util.db.ParamDef" scope="singleton">
	 <property name="name"><value>po_service_refcursor</value></property>
	 <property name="mapTo"><value>po_service_refcursor</value></property>
	 <property name="type"><ref bean="oracle.jdbc.driver.OracleTypes.CURSOR"></ref></property>
	 <property name="position"><value>2</value></property>
	 <property name="parameterType"><ref bean="net.bcgi.util.db.ParamDef.OUT"></ref></property>
	</bean>
	
	<bean id="get_ca_preload_data_param_3" class="net.bcgi.util.db.ParamDef" scope="singleton">
	 <property name="name"><value>po_addl_feature</value></property>
	 <property name="mapTo"><value>po_additional_feature</value></property>
	 <property name="type"><ref bean="oracle.jdbc.driver.OracleTypes.CURSOR"></ref></property>
	 <property name="position"><value>3</value></property>
	 <property name="parameterType"><ref bean="net.bcgi.util.db.ParamDef.OUT"></ref></property>
	</bean>
	
	<bean id="get_ca_preload_data_param_4" class="net.bcgi.util.db.ParamDef" scope="singleton">
	 <property name="name"><value>po_calendar_id_name</value></property>
	 <property name="mapTo"><value>po_calendar_id_name</value></property>
	 <property name="type"><ref bean="oracle.jdbc.driver.OracleTypes.CURSOR"></ref></property>
	 <property name="position"><value>4</value></property>
	 <property name="parameterType"><ref bean="net.bcgi.util.db.ParamDef.OUT"></ref></property>
	</bean>
	
	<bean id="get_ca_preload_data_param_5" class="net.bcgi.util.db.ParamDef" scope="singleton">
	 <property name="name"><value>po_network_names</value></property>
	 <property name="mapTo"><value>po_network_names</value></property>
	 <property name="type"><ref bean="oracle.jdbc.driver.OracleTypes.CURSOR"></ref></property>
	 <property name="position"><value>5</value></property>
	 <property name="parameterType"><ref bean="net.bcgi.util.db.ParamDef.OUT"></ref></property>
	</bean>
	
	<bean id="get_ca_preload_data_param_6" class="net.bcgi.util.db.ParamDef" scope="singleton">
	 <property name="name"><value>po_device_group_info</value></property>
	 <property name="mapTo"><value>po_device_group_info</value></property>
	 <property name="type"><ref bean="oracle.jdbc.driver.OracleTypes.CURSOR"></ref></property>
	 <property name="position"><value>6</value></property>
	 <property name="parameterType"><ref bean="net.bcgi.util.db.ParamDef.OUT"></ref></property>
	</bean>
	
	<bean id="get_ca_preload_data_param_7" class="net.bcgi.util.db.ParamDef" scope="singleton">
	 <property name="name"><value>po_data_zone_group_info</value></property>
	 <property name="mapTo"><value>po_data_zone_group_info</value></property>
	 <property name="type"><ref bean="oracle.jdbc.driver.OracleTypes.CURSOR"></ref></property>
	 <property name="position"><value>7</value></property>
	 <property name="parameterType"><ref bean="net.bcgi.util.db.ParamDef.OUT"></ref></property>
	</bean>
	
	<bean id="get_ca_preload_data_param_8" class="net.bcgi.util.db.ParamDef" scope="singleton">
	  <property name="name"><value>po_error_code</value></property>
	  <property name="mapTo"><value>po_error_code</value></property>
	  <property name="type"><ref bean="java.sql.Types.BIGINT"></ref></property>
	  <property name="position"><value>8</value></property>
	  <property name="parameterType"><ref bean="net.bcgi.util.db.ParamDef.OUT"></ref></property>
	</bean> 
	
	<bean id="get_ca_preload_data_param_9" class="net.bcgi.util.db.ParamDef" scope="singleton">
		<property name="name"><value>po_error_mesg</value></property>
		<property name="mapTo"><value>po_error_mesg</value></property>
		<property name="type"><ref bean="java.sql.Types.VARCHAR"></ref></property>
		<property name="position"><value>9</value></property>
		<property name="parameterType"><ref bean="net.bcgi.util.db.ParamDef.OUT"></ref></property>
	</bean>
</beans>