<!DOCTYPE beans PUBLIC "-//SPRING//DTD BEAN//EN" "http://www.springframework.org/dtd/spring-beans.dtd">
<beans>
	<bean id="get_ca_charges" class="net.bcgi.util.db.SPDefinition" scope="prototype">
	<property name="name"><value>CS_COMMUNITY_ACCOUNT_PACKAGE.get_ca_charges</value></property>
	<property name="returnsResult"><value>false</value></property>
	<property name="parameters">
		<list> <!--  parameter list -->
			<ref bean="get_ca_charges_1"></ref>
			<ref bean="get_ca_charges_2"></ref>	
			<ref bean="get_ca_charges_3"></ref>
			<ref bean="get_ca_charges_4"></ref>
			<ref bean="get_ca_charges_5"></ref>
			<ref bean="get_ca_charges_6"></ref>
			<ref bean="get_ca_charges_7"></ref>	
			<ref bean="get_ca_charges_8"></ref>
			<ref bean="get_ca_charges_9"></ref>
			<ref bean="get_ca_charges_10"></ref>
			<ref bean="get_ca_charges_11"></ref>
			<ref bean="get_ca_charges_12"></ref>
			<ref bean="get_ca_charges_13"></ref>
			<ref bean="get_ca_charges_14"></ref>
			<ref bean="get_ca_charges_15"></ref>
			<ref bean="get_ca_charges_16"></ref>
			<ref bean="get_ca_charges_17"></ref>
			<ref bean="get_ca_charges_18"></ref>
			<ref bean="get_ca_charges_19"></ref>
			<ref bean="get_ca_charges_20"></ref>
			<ref bean="get_ca_charges_21"></ref>
		</list>
	</property>
	</bean>
	
	<bean id="get_ca_charges_1" class="net.bcgi.util.db.ParamDef" scope="singleton">
		<property name="name"><value>pi_network_id</value></property>
		<property name="mapTo"><value>pi_network_id</value></property>
		<property name="type"><ref bean="java.sql.Types.BIGINT"></ref></property>
		<property name="position"><value>1</value></property>
		<property name="parameterType"><ref bean="net.bcgi.util.db.ParamDef.IN"></ref></property>
	</bean>
	
	<bean id="get_ca_charges_2" class="net.bcgi.util.db.ParamDef" scope="singleton">
		<property name="name"><value>pi_grp_package_id</value></property>
		<property name="mapTo"><value>pi_grp_package_id</value></property>
		<property name="type"><ref bean="java.sql.Types.BIGINT"></ref></property>
		<property name="position"><value>2</value></property>
		<property name="parameterType"><ref bean="net.bcgi.util.db.ParamDef.IN"></ref></property>
	</bean>
	
	<bean id="get_ca_charges_3" class="net.bcgi.util.db.ParamDef" scope="singleton">
		<property name="name"><value>pi_grp_parent_accountid</value></property>
		<property name="mapTo"><value>pi_grp_parent_accountid</value></property>
		<property name="type"><ref bean="java.sql.Types.BIGINT"></ref></property>
		<property name="position"><value>3</value></property>
		<property name="parameterType"><ref bean="net.bcgi.util.db.ParamDef.IN"></ref></property>
	</bean>
	
	<bean id="get_ca_charges_4" class="net.bcgi.util.db.ParamDef" scope="singleton">
		<property name="name"><value>pi_grp_addon_featureid</value></property>
		<property name="mapTo"><value>pi_grp_addon_featureid</value></property>
		<property name="type"><ref bean="java.sql.Types.ARRAY"></ref></property>
		<property name="arrayName"><value>ARR_NUMB</value></property>
		<property name="position"><value>4</value></property>
		<property name="parameterType"><ref bean="net.bcgi.util.db.ParamDef.IN"></ref></property>
	</bean>
	
	<bean id="get_ca_charges_5" class="net.bcgi.util.db.ParamDef" scope="singleton">
		<property name="name"><value>pi_ca_msisdn_count</value></property>
		<property name="mapTo"><value>pi_ca_msisdn_count</value></property>
		<property name="type"><ref bean="java.sql.Types.BIGINT"></ref></property>
		<property name="position"><value>5</value></property>
		<property name="parameterType"><ref bean="net.bcgi.util.db.ParamDef.IN"></ref></property>
	</bean>
	<bean id="get_ca_charges_6" class="net.bcgi.util.db.ParamDef" scope="singleton">
		<property name="name"><value>pi_group_id</value></property>
		<property name="mapTo"><value>pi_group_id</value></property>
		<property name="type"><ref bean="java.sql.Types.BIGINT"></ref></property>
		<property name="position"><value>6</value></property>
		<property name="parameterType"><ref bean="net.bcgi.util.db.ParamDef.IN"></ref></property>
	</bean>
	<bean id="get_ca_charges_7" class="net.bcgi.util.db.ParamDef" scope="singleton">
		<property name="name"><value>pi_topup_flag</value></property>
		<property name="mapTo"><value>pi_topup_flag</value></property>
		<property name="type"><ref bean="java.sql.Types.VARCHAR"></ref></property>
		<property name="position"><value>7</value></property>
		<property name="parameterType"><ref bean="net.bcgi.util.db.ParamDef.IN"></ref></property>
	</bean>
	<bean id="get_ca_charges_8" class="net.bcgi.util.db.ParamDef" scope="singleton">
		<property name="name"><value>pi_service_list</value></property>
		<property name="mapTo"><value>pi_service_list</value></property>
		<property name="type"><ref bean="java.sql.Types.ARRAY"></ref></property>
		<property name="arrayName"><value>ARR_VARCHAR</value></property>
		<property name="position"><value>8</value></property>
		<property name="parameterType"><ref bean="net.bcgi.util.db.ParamDef.IN"></ref></property>
	</bean>
	<bean id="get_ca_charges_9" class="net.bcgi.util.db.ParamDef" scope="singleton">
		<property name="name"><value>pi_aatp_service_id</value></property>
		<property name="mapTo"><value>pi_aatp_service_id</value></property>
		<property name="type"><ref bean="java.sql.Types.BIGINT"></ref></property>
		<property name="position"><value>9</value></property>
		<property name="parameterType"><ref bean="net.bcgi.util.db.ParamDef.IN"></ref></property>
	</bean>
	
	<bean id="get_ca_charges_10" class="net.bcgi.util.db.ParamDef" scope="singleton">
		<property name="name"><value>po_pkg_rental_ammount</value></property>
		<property name="mapTo"><value>po_pkg_rental_ammount</value></property>
		<property name="type"><ref bean="java.sql.Types.DECIMAL"></ref></property>
		<property name="position"><value>10</value></property>
		<property name="parameterType"><ref bean="net.bcgi.util.db.ParamDef.OUT"></ref></property>
	</bean>
	
	<bean id="get_ca_charges_11" class="net.bcgi.util.db.ParamDef" scope="singleton">
		<property name="name"><value>po_addon_charge</value></property>
		<property name="mapTo"><value>po_addon_charge</value></property>
		<property name="type"><ref bean="java.sql.Types.DECIMAL"></ref></property>
		<property name="position"><value>11</value></property>
		<property name="parameterType"><ref bean="net.bcgi.util.db.ParamDef.OUT"></ref></property>
	</bean>
	
	<bean id="get_ca_charges_12" class="net.bcgi.util.db.ParamDef" scope="singleton">
		<property name="name"><value>po_addnl_line_charge</value></property>
		<property name="mapTo"><value>po_addnl_line_charge</value></property>
		<property name="type"><ref bean="java.sql.Types.DECIMAL"></ref></property>
		<property name="position"><value>12</value></property>
		<property name="parameterType"><ref bean="net.bcgi.util.db.ParamDef.OUT"></ref></property>
	</bean>
	<bean id="get_ca_charges_13" class="net.bcgi.util.db.ParamDef" scope="singleton">
		<property name="name"><value>po_parent_msisdn</value></property>
		<property name="mapTo"><value>po_parent_msisdn</value></property>
		<property name="type"><ref bean="java.sql.Types.BIGINT"></ref></property>
		<property name="position"><value>13</value></property>
		<property name="parameterType"><ref bean="net.bcgi.util.db.ParamDef.OUT"></ref></property>
	</bean>
	<bean id="get_ca_charges_14" class="net.bcgi.util.db.ParamDef" scope="singleton">
		<property name="name"><value>po_topup_charge</value></property>
		<property name="mapTo"><value>po_topup_charge</value></property>
		<property name="type"><ref bean="java.sql.Types.DECIMAL"></ref></property>
		<property name="position"><value>14</value></property>
		<property name="parameterType"><ref bean="net.bcgi.util.db.ParamDef.OUT"></ref></property>
	</bean>
	<bean id="get_ca_charges_15" class="net.bcgi.util.db.ParamDef" scope="singleton">
		<property name="name"><value>po_debit_activity_id</value></property>
		<property name="mapTo"><value>debitActivityId</value></property>
		<property name="type"><ref bean="java.sql.Types.BIGINT"></ref></property>
		<property name="position"><value>15</value></property>
		<property name="parameterType"><ref bean="net.bcgi.util.db.ParamDef.OUT"></ref></property>
	</bean>
	<bean id="get_ca_charges_16" class="net.bcgi.util.db.ParamDef" scope="singleton">
		<property name="name"><value>po_credit_activity_id</value></property>
		<property name="mapTo"><value>creditActivityId</value></property>
		<property name="type"><ref bean="java.sql.Types.BIGINT"></ref></property>
		<property name="position"><value>16</value></property>
		<property name="parameterType"><ref bean="net.bcgi.util.db.ParamDef.OUT"></ref></property>
	</bean>
	<bean id="get_ca_charges_17" class="net.bcgi.util.db.ParamDef" scope="singleton">
		<property name="name"><value>po_debit_activity_reason</value></property>
		<property name="mapTo"><value>debitActivityReason</value></property>
		<property name="type"><ref bean="java.sql.Types.VARCHAR"></ref></property>
		<property name="position"><value>17</value></property>
		<property name="parameterType"><ref bean="net.bcgi.util.db.ParamDef.OUT"></ref></property>
	</bean>
	<bean id="get_ca_charges_18" class="net.bcgi.util.db.ParamDef" scope="singleton">
		<property name="name"><value>po_credit_activity_reason</value></property>
		<property name="mapTo"><value>creditActivityReason</value></property>
		<property name="type"><ref bean="java.sql.Types.VARCHAR"></ref></property>
		<property name="position"><value>18</value></property>
		<property name="parameterType"><ref bean="net.bcgi.util.db.ParamDef.OUT"></ref></property>
	</bean>
	<bean id="get_ca_charges_19" class="net.bcgi.util.db.ParamDef" scope="singleton">
		<property name="name"><value>po_transaction_id</value></property>
		<property name="mapTo"><value>transactionId</value></property>
		<property name="type"><ref bean="java.sql.Types.VARCHAR"></ref></property>
		<property name="position"><value>19</value></property>
		<property name="parameterType"><ref bean="net.bcgi.util.db.ParamDef.OUT"></ref></property>
	</bean>		
	<bean id="get_ca_charges_20" class="net.bcgi.util.db.ParamDef" scope="singleton">
		<property name="name"><value>po_error_code</value></property>
		<property name="mapTo"><value>po_error_code</value></property>
		<property name="type"><ref bean="java.sql.Types.BIGINT"></ref></property>
		<property name="position"><value>20</value></property>
		<property name="parameterType"><ref bean="net.bcgi.util.db.ParamDef.OUT"></ref></property>
	</bean>	
	<bean id="get_ca_charges_21" class="net.bcgi.util.db.ParamDef" scope="singleton">
		<property name="name"><value>po_error_mesg</value></property>
		<property name="mapTo"><value>po_error_mesg</value></property>
		<property name="type"><ref bean="java.sql.Types.VARCHAR"></ref></property>
		<property name="position"><value>21</value></property>
		<property name="parameterType"><ref bean="net.bcgi.util.db.ParamDef.OUT"></ref></property>
	</bean>	
</beans>