<!DOCTYPE beans PUBLIC "-//SPRING//DTD BEAN//EN" "http://www.springframework.org/dtd/spring-beans.dtd">
<beans>
	<bean id="manage_addon_features" class="net.bcgi.util.db.SPDefinition" scope="prototype">
		<property name="name"><value>CS_COMMUNITY_ACCOUNT_PACKAGE.MANAGE_ADDON_FEATURES</value></property>
		<property name="returnsResult"><value>false</value></property>
		<property name="parameters">
		<list> <!--  parameter list -->
			<ref bean="manage_addon_features_param_1"></ref>
			<ref bean="manage_addon_features_param_2"></ref>
			<ref bean="manage_addon_features_param_3"></ref>
			<ref bean="manage_addon_features_param_4"></ref>
			<ref bean="manage_addon_features_param_5"></ref>
			<ref bean="manage_addon_features_param_6"></ref>
			<ref bean="manage_addon_features_param_7"></ref>
			<ref bean="manage_addon_features_param_8"></ref>
			<ref bean="manage_addon_features_param_9"></ref>
			<ref bean="manage_addon_features_param_10"></ref>
			<ref bean="manage_addon_features_param_11"></ref>
			<ref bean="manage_addon_features_param_12"></ref>
			<ref bean="manage_addon_features_param_13"></ref>
			<ref bean="manage_addon_features_param_14"></ref>
			<ref bean="manage_addon_features_param_15"></ref>
			<ref bean="manage_addon_features_param_16"></ref>
			<ref bean="manage_addon_features_param_17"></ref>
		</list>
		</property>
	</bean>
	<bean id="manage_addon_features_param_1" class="net.bcgi.util.db.ParamDef" scope="singleton">
	  <property name="name"><value>pi_network_id</value></property>
	  <property name="mapTo"><value>pi_network_id</value></property>
	  <property name="type"><ref bean="java.sql.Types.BIGINT"></ref></property>
	  <property name="position"><value>1</value></property>
	  <property name="parameterType"><ref bean="net.bcgi.util.db.ParamDef.IN"></ref></property>
	</bean>
	  <bean id="manage_addon_features_param_2" class="net.bcgi.util.db.ParamDef" scope="singleton">
		<property name="name"><value>pi_addon_charge</value></property>
		<property name="mapTo"><value>pi_addon_charge</value></property>
		<property name="type"><ref bean="java.sql.Types.ARRAY"></ref></property>
		<property name="arrayName"><value>ARR_NUMB</value></property>
		<property name="position"><value>2</value></property>
		<property name="parameterType"><ref bean="net.bcgi.util.db.ParamDef.IN"></ref></property>
	</bean>
	  <bean id="manage_addon_features_param_3" class="net.bcgi.util.db.ParamDef" scope="singleton">
		<property name="name"><value>pi_addon_feature_name</value></property>
		<property name="mapTo"><value>pi_addon_feature_name</value></property>
		<property name="type"><ref bean="java.sql.Types.ARRAY"></ref></property>
		<property name="arrayName"><value>ARR_VARCHAR</value></property>
		<property name="position"><value>3</value></property>
		<property name="parameterType"><ref bean="net.bcgi.util.db.ParamDef.IN"></ref></property>
	</bean>
	 <bean id="manage_addon_features_param_4" class="net.bcgi.util.db.ParamDef" scope="singleton">
		<property name="name"><value>pi_addon_type</value></property>
		<property name="mapTo"><value>pi_addon_type</value></property>
		<property name="type"><ref bean="java.sql.Types.ARRAY"></ref></property>
		<property name="arrayName"><value>ARR_VARCHAR</value></property>
		<property name="position"><value>4</value></property>
		<property name="parameterType"><ref bean="net.bcgi.util.db.ParamDef.IN"></ref></property>
	</bean>
	<bean id="manage_addon_features_param_5" class="net.bcgi.util.db.ParamDef" scope="singleton">
		<property name="name"><value>pi_attribute1</value></property>
		<property name="mapTo"><value>pi_attribute1</value></property>
		<property name="type"><ref bean="java.sql.Types.ARRAY"></ref></property>
		<property name="arrayName"><value>ARR_VARCHAR</value></property>
		<property name="position"><value>5</value></property>
		<property name="parameterType"><ref bean="net.bcgi.util.db.ParamDef.IN"></ref></property>
	</bean>
		  <bean id="manage_addon_features_param_6" class="net.bcgi.util.db.ParamDef" scope="singleton">
		<property name="name"><value>pi_attribute2</value></property>
		<property name="mapTo"><value>pi_attribute2</value></property>
		<property name="type"><ref bean="java.sql.Types.ARRAY"></ref></property>
		<property name="arrayName"><value>ARR_VARCHAR</value></property>
		<property name="position"><value>6</value></property>
		<property name="parameterType"><ref bean="net.bcgi.util.db.ParamDef.IN"></ref></property>
	</bean>
		  <bean id="manage_addon_features_param_7" class="net.bcgi.util.db.ParamDef" scope="singleton">
		<property name="name"><value>pi_moc_pulse</value></property>
		<property name="mapTo"><value>pi_moc_pulse</value></property>
		<property name="type"><ref bean="java.sql.Types.ARRAY"></ref></property>
		<property name="arrayName"><value>ARR_VARCHAR</value></property>
		<property name="position"><value>7</value></property>
		<property name="parameterType"><ref bean="net.bcgi.util.db.ParamDef.IN"></ref></property>
	</bean>
		  <bean id="manage_addon_features_param_8" class="net.bcgi.util.db.ParamDef" scope="singleton">
		<property name="name"><value>pi_moc_rate</value></property>
		<property name="mapTo"><value>pi_moc_rate</value></property>
		<property name="type"><ref bean="java.sql.Types.ARRAY"></ref></property>
		<property name="arrayName"><value>ARR_NUMB</value></property>
		<property name="position"><value>8</value></property>
		<property name="parameterType"><ref bean="net.bcgi.util.db.ParamDef.IN"></ref></property>
	</bean>
		  <bean id="manage_addon_features_param_9" class="net.bcgi.util.db.ParamDef" scope="singleton">
		<property name="name"><value>pi_mtc_pulse</value></property>
		<property name="mapTo"><value>pi_mtc_pulse</value></property>
		<property name="type"><ref bean="java.sql.Types.ARRAY"></ref></property>
		<property name="arrayName"><value>ARR_VARCHAR</value></property>
		<property name="position"><value>9</value></property>
		<property name="parameterType"><ref bean="net.bcgi.util.db.ParamDef.IN"></ref></property>
	</bean>
		  <bean id="manage_addon_features_param_10" class="net.bcgi.util.db.ParamDef" scope="singleton">
		<property name="name"><value>pi_mtc_rate</value></property>
		<property name="mapTo"><value>pi_mtc_rate</value></property>
		<property name="type"><ref bean="java.sql.Types.ARRAY"></ref></property>
		<property name="arrayName"><value>ARR_NUMB</value></property>
		<property name="position"><value>10</value></property>
		<property name="parameterType"><ref bean="net.bcgi.util.db.ParamDef.IN"></ref></property>
	</bean>
		  <bean id="manage_addon_features_param_11" class="net.bcgi.util.db.ParamDef" scope="singleton">
		<property name="name"><value>pi_sms_rate</value></property>
		<property name="mapTo"><value>pi_sms_rate</value></property>
		<property name="type"><ref bean="java.sql.Types.ARRAY"></ref></property>
		<property name="arrayName"><value>ARR_NUMB</value></property>
		<property name="position"><value>11</value></property>
		<property name="parameterType"><ref bean="net.bcgi.util.db.ParamDef.IN"></ref></property>
	</bean>
	<bean id="manage_addon_features_param_12" class="net.bcgi.util.db.ParamDef" scope="singleton">
		<property name="name"><value>pi_data_pulse</value></property>
		<property name="mapTo"><value>pi_data_pulse</value></property>
		<property name="type"><ref bean="java.sql.Types.ARRAY"></ref></property>
		<property name="arrayName"><value>ARR_VARCHAR</value></property>
		<property name="position"><value>12</value></property>
		<property name="parameterType"><ref bean="net.bcgi.util.db.ParamDef.IN"></ref></property>
	</bean>
		  <bean id="manage_addon_features_param_13" class="net.bcgi.util.db.ParamDef" scope="singleton">
		<property name="name"><value>pi_data_rate</value></property>
		<property name="mapTo"><value>pi_data_rate</value></property>
		<property name="type"><ref bean="java.sql.Types.ARRAY"></ref></property>
		<property name="arrayName"><value>ARR_NUMB</value></property>
		<property name="position"><value>13</value></property>
		<property name="parameterType"><ref bean="net.bcgi.util.db.ParamDef.IN"></ref></property>
	</bean>
	<bean id="manage_addon_features_param_14" class="net.bcgi.util.db.ParamDef" scope="singleton">
		<property name="name"><value>pi_validity_period</value></property>
		<property name="mapTo"><value>pi_validity_period</value></property>
		<property name="type"><ref bean="java.sql.Types.ARRAY"></ref></property>
		<property name="arrayName"><value>ARR_NUMB</value></property>
		<property name="position"><value>14</value></property>
		<property name="parameterType"><ref bean="net.bcgi.util.db.ParamDef.IN"></ref></property>
	</bean>
	<bean id="manage_addon_features_param_15" class="net.bcgi.util.db.ParamDef" scope="singleton">
		<property name="name"><value>pi_addon_feature_id</value></property>
		<property name="mapTo"><value>pi_addon_feature_id</value></property>
		<property name="type"><ref bean="java.sql.Types.ARRAY"></ref></property>
		<property name="arrayName"><value>ARR_NUMB</value></property>
		<property name="position"><value>15</value></property>
		<property name="parameterType"><ref bean="net.bcgi.util.db.ParamDef.IN"></ref></property>
	</bean>
	<bean id="manage_addon_features_param_16" class="net.bcgi.util.db.ParamDef" scope="singleton">
	  <property name="name"><value>pi_acction_flag</value></property>
	  <property name="mapTo"><value>pi_acction_flag</value></property>
	  <property name="type"><ref bean="java.sql.Types.VARCHAR"></ref></property>
	  <property name="position"><value>16</value></property>
	  <property name="parameterType"><ref bean="net.bcgi.util.db.ParamDef.IN"></ref></property>
	</bean>
	<bean id="manage_addon_features_param_17" class="net.bcgi.util.db.ParamDef" scope="singleton">
	  <property name="name"><value>po_error_addons</value></property>
	  <property name="mapTo"><value>po_error_addons</value></property>
	  <property name="type"><ref bean="java.sql.Types.ARRAY"></ref></property>
		<property name="arrayName"><value>ARR_VARCHAR</value></property>
		<property name="position"><value>17</value></property>
	  <property name="parameterType"><ref bean="net.bcgi.util.db.ParamDef.OUT"></ref></property>
	</bean> 
</beans>
