<!DOCTYPE beans PUBLIC "-//SPRING//DTD BEAN//EN" "http://www.springframework.org/dtd/spring-beans.dtd">
<beans>
	<bean id="pro_idbase_acc_dtls" class="net.bcgi.util.db.SPDefinition" scope="prototype">
	<property name="name"><value>pro_idbase_acc_dtls</value></property>
	<property name="returnsResult"><value>false</value></property>
	<property name="parameters">
		<list>
		 <!--  parameter list -->
			<ref bean="pro_idbase_acc_dtls_1"></ref>
			<ref bean="pro_idbase_acc_dtls_2"></ref>	
			<ref bean="pro_idbase_acc_dtls_3"></ref>
			<ref bean="pro_idbase_acc_dtls_4"></ref>
	 		<ref bean="pro_idbase_acc_dtls_5"></ref>
	 		<ref bean="pro_idbase_acc_dtls_6"></ref>
	 		<ref bean="pro_idbase_acc_dtls_7"></ref>	
	 		<ref bean="pro_idbase_acc_dtls_8"></ref>	 		
		</list>
	</property>
	</bean>
	<bean id="pro_idbase_acc_dtls_1" class="net.bcgi.util.db.ParamDef" scope="singleton">
	  <property name="name"><value>pi_networkid</value></property>
	  <property name="mapTo"><value>pi_network_id</value></property>
	  <property name="type"><ref bean="java.sql.Types.BIGINT"></ref></property>
	  <property name="position"><value>1</value></property>
	  <property name="parameterType"><ref bean="net.bcgi.util.db.ParamDef.IN"></ref></property>
	</bean>
	<bean id="pro_idbase_acc_dtls_2" class="net.bcgi.util.db.ParamDef" scope="singleton">
	  <property name="name"><value>pi_mykad_or_passport_id</value></property>
	  <property name="mapTo"><value>pi_mykad_or_passport_id</value></property>
	  <property name="type"><ref bean="java.sql.Types.VARCHAR"></ref></property>
	  <property name="position"><value>2</value></property>
	  <property name="parameterType"><ref bean="net.bcgi.util.db.ParamDef.IN"></ref></property>
	</bean>
	
	 
	<bean id="pro_idbase_acc_dtls_3" class="net.bcgi.util.db.ParamDef" scope="singleton">
		<property name="name"><value>po_parent_acc_dtls</value></property>
		<property name="mapTo"><value>po_parent_acc_dtls</value></property>
		<property name="type"><ref bean="java.sql.Types.ARRAY"></ref></property>
		<property name="arrayName"><value>ARR_VARCHAR</value></property>
		<property name="position"><value>3</value></property>
		<property name="parameterType"><ref bean="net.bcgi.util.db.ParamDef.OUT"></ref></property>
	</bean>
	
	<bean id="pro_idbase_acc_dtls_4" class="net.bcgi.util.db.ParamDef" scope="singleton">
		<property name="name"><value>po_child_acc_dtls</value></property>
		<property name="mapTo"><value>po_child_acc_dtls</value></property>
		<property name="type"><ref bean="java.sql.Types.ARRAY"></ref></property>
		<property name="arrayName"><value>ARR_NUMB</value></property>
		<property name="position"><value>4</value></property>
		<property name="parameterType"><ref bean="net.bcgi.util.db.ParamDef.OUT"></ref></property>
	</bean>
	
	<bean id="pro_idbase_acc_dtls_5" class="net.bcgi.util.db.ParamDef" scope="singleton">
		<property name="name"><value>po_parent_msdn_dtls</value></property>
		<property name="mapTo"><value>po_parent_msdn_dtls</value></property>
		<property name="type"><ref bean="java.sql.Types.ARRAY"></ref></property>
		<property name="arrayName"><value>ARR_VARCHAR</value></property>
		<property name="position"><value>5</value></property>
		<property name="parameterType"><ref bean="net.bcgi.util.db.ParamDef.OUT"></ref></property>
	</bean>
	
	<bean id="pro_idbase_acc_dtls_6" class="net.bcgi.util.db.ParamDef" scope="singleton">
		<property name="name"><value>po_child_msdn_dtls</value></property>
		<property name="mapTo"><value>po_child_msdn_dtls</value></property>
		<property name="type"><ref bean="java.sql.Types.ARRAY"></ref></property>
		<property name="arrayName"><value>ARR_VARCHAR</value></property>
		<property name="position"><value>6</value></property>
		<property name="parameterType"><ref bean="net.bcgi.util.db.ParamDef.OUT"></ref></property>
	</bean>
	<bean id="pro_idbase_acc_dtls_7" class="net.bcgi.util.db.ParamDef" scope="singleton">
	  <property name="name"><value>po_error_code</value></property>
	  <property name="mapTo"><value>po_error_code</value></property>
	  <property name="type"><ref bean="java.sql.Types.BIGINT"></ref></property>
	  <property name="position"><value>7</value></property>
	  <property name="parameterType"><ref bean="net.bcgi.util.db.ParamDef.OUT"></ref></property>
	</bean> 
	
	<bean id="pro_idbase_acc_dtls_8" class="net.bcgi.util.db.ParamDef" scope="singleton">
	  <property name="name"><value>po_error_message`</value></property>
	  <property name="mapTo"><value>po_error_mesg</value></property>
	  <property name="type"><ref bean="java.sql.Types.VARCHAR"></ref></property>
	  <property name="position"><value>8</value></property>
	  <property name="parameterType"><ref bean="net.bcgi.util.db.ParamDef.OUT"></ref></property>
	</bean> 
</beans>