<!DOCTYPE beans PUBLIC "-//SPRING//DTD BEAN//EN" "http://www.springframework.org/dtd/spring-beans.dtd">
<beans>
	<bean id="subs_ca_svcpack_manage" class="net.bcgi.util.db.SPDefinition" scope="prototype">
	<property name="name"><value>CS_COMMUNITY_ACCOUNT_PACKAGE.subs_ca_svcpack_manage</value></property>
	<property name="returnsResult"><value>false</value></property>
	<property name="parameters">
		<list> <!--  parameter list -->
			<ref bean="subs_ca_svcpack_manage_view_1"></ref>
			<ref bean="subs_ca_svcpack_manage_view_2"></ref>	
			<ref bean="subs_ca_svcpack_manage_view_3"></ref>
			<ref bean="subs_ca_svcpack_manage_view_4"></ref>
			<ref bean="subs_ca_svcpack_manage_view_5"></ref>
	 		<ref bean="subs_ca_svcpack_manage_view_6"></ref>
	 		<ref bean="subs_ca_svcpack_manage_view_7"></ref>
	 		<ref bean="subs_ca_svcpack_manage_view_8"></ref>
	 		<ref bean="subs_ca_svcpack_manage_view_9"></ref>
	 		<ref bean="subs_ca_svcpack_manage_view_10"></ref>
	 		<ref bean="subs_ca_svcpack_manage_view_11"></ref>
	 		<ref bean="subs_ca_svcpack_manage_view_12"></ref>
	 		<ref bean="subs_ca_svcpack_manage_view_13"></ref>
	 		<ref bean="subs_ca_svcpack_manage_view_14"></ref>
	 		<ref bean="subs_ca_svcpack_manage_view_15"></ref>
	 		<ref bean="subs_ca_svcpack_manage_view_16"></ref>
	 		<ref bean="subs_ca_svcpack_manage_view_17"></ref>
	 		<ref bean="subs_ca_svcpack_manage_view_18"></ref>
	 		<ref bean="subs_ca_svcpack_manage_view_19"></ref>
	 		<ref bean="subs_ca_svcpack_manage_view_20"></ref>
	 		<ref bean="subs_ca_svcpack_manage_view_21"></ref>
	 		<ref bean="subs_ca_svcpack_manage_view_22"></ref>
	 		<ref bean="subs_ca_svcpack_manage_view_23"></ref>
	 		<ref bean="subs_ca_svcpack_manage_view_24"></ref>
	 		<ref bean="subs_ca_svcpack_manage_view_25"></ref>
	 		<ref bean="subs_ca_svcpack_manage_view_26"></ref>
	 		<ref bean="subs_ca_svcpack_manage_view_27"></ref>
	 		<ref bean="subs_ca_svcpack_manage_view_28"></ref>
	 		<ref bean="subs_ca_svcpack_manage_view_29"></ref>
	 		<ref bean="subs_ca_svcpack_manage_view_30"></ref>
	 		<ref bean="subs_ca_svcpack_manage_view_31"></ref>
	 		<ref bean="subs_ca_svcpack_manage_view_32"></ref>
	 		<ref bean="subs_ca_svcpack_manage_view_33"></ref>
	 		<ref bean="subs_ca_svcpack_manage_view_34"></ref>
	 		<ref bean="subs_ca_svcpack_manage_view_35"></ref>
	 		
		</list>
	</property>
	<property name="refCursors">
			<map>
				<entry key="33">
					<ref bean="po_ref_error_details"/>
				</entry>
				</map>
		</property>
	</bean>
	<bean id="po_ref_error_details" class="net.bcgi.util.db.ResultSetDef" scope="prototype">
		<property name="resultSetParams">
			<list>
				<ref bean="po_ref_error_details_cursor_param_1"></ref>
				<ref bean="po_ref_error_details_cursor_param_2"></ref>
			</list>
		</property>
		<property name="className" value="com.xius.billing.agent.domaindata.impl.ca.ErrorDetailsCursorData"/>
	</bean>	
	
		<bean id="po_ref_error_details_cursor_param_1" class="net.bcgi.util.db.ResultSetParam" scope="singleton">
	  <property name="procedureColumnName"><value>msisdn</value></property>
	  <property name="mapTo"><value>msisdn</value></property>
	  <property name="columnType"><ref bean="java.sql.Types.BIGINT"></ref></property>
	  <property name="position"><value>1</value></property>
	</bean>
	<bean id="po_ref_error_details_cursor_param_2" class="net.bcgi.util.db.ResultSetParam" scope="singleton">
	  <property name="procedureColumnName"><value>error_desc</value></property>
	  <property name="mapTo"><value>error_desc</value></property>
	  <property name="columnType"><ref bean="java.sql.Types.VARCHAR"></ref></property>
	  <property name="position"><value>2</value></property>
	</bean>
	
	
	<bean id="subs_ca_svcpack_manage_view_1" class="net.bcgi.util.db.ParamDef" scope="singleton">
		<property name="name"><value>pi_grp_name</value></property>
		<property name="mapTo"><value>pi_grp_name</value></property>
		<property name="type"><ref bean="java.sql.Types.VARCHAR"></ref></property>
		<property name="position"><value>1</value></property>
		<property name="parameterType"><ref bean="net.bcgi.util.db.ParamDef.IN"></ref></property>
	</bean>
	
	<bean id="subs_ca_svcpack_manage_view_2" class="net.bcgi.util.db.ParamDef" scope="singleton">
		<property name="name"><value>pi_grp_package_id</value></property>
		<property name="mapTo"><value>pi_grp_package_id</value></property>
		<property name="type"><ref bean="java.sql.Types.BIGINT"></ref></property>
		<property name="position"><value>2</value></property>
		<property name="parameterType"><ref bean="net.bcgi.util.db.ParamDef.IN"></ref></property>
	</bean>
	
	<bean id="subs_ca_svcpack_manage_view_3" class="net.bcgi.util.db.ParamDef" scope="singleton">
		<property name="name"><value>pi_grp_parent_accountid</value></property>
		<property name="mapTo"><value>pi_grp_parent_accountid</value></property>
		<property name="type"><ref bean="java.sql.Types.BIGINT"></ref></property>
		<property name="position"><value>3</value></property>
		<property name="parameterType"><ref bean="net.bcgi.util.db.ParamDef.IN"></ref></property>
	</bean>
	
	<bean id="subs_ca_svcpack_manage_view_4" class="net.bcgi.util.db.ParamDef" scope="singleton">
		<property name="name"><value>pi_grp_parent_msisdn_no</value></property>
		<property name="mapTo"><value>pi_grp_parent_msisdn_no</value></property>
		<property name="type"><ref bean="java.sql.Types.BIGINT"></ref></property>
		<property name="position"><value>4</value></property>
		<property name="parameterType"><ref bean="net.bcgi.util.db.ParamDef.IN"></ref></property>
	</bean>
	
	<bean id="subs_ca_svcpack_manage_view_5" class="net.bcgi.util.db.ParamDef" scope="singleton">
		<property name="name"><value>pi_parentacct_devicegroup_id</value></property>
		<property name="mapTo"><value>pi_parentacct_devicegroup_id</value></property>
		<property name="type"><ref bean="java.sql.Types.ARRAY"></ref></property>
		<property name="arrayName"><value>ARR_NUMB</value></property>
		<property name="position"><value>5</value></property>
		<property name="parameterType"><ref bean="net.bcgi.util.db.ParamDef.IN"></ref></property>
	</bean>
	
	<bean id="subs_ca_svcpack_manage_view_6" class="net.bcgi.util.db.ParamDef" scope="singleton">
		<property name="name"><value>pi_parentacct_zonegroup_id</value></property>
		<property name="mapTo"><value>pi_parentacct_zonegroup_id</value></property>
		<property name="type"><ref bean="java.sql.Types.ARRAY"></ref></property>
		<property name="arrayName"><value>ARR_NUMB</value></property>
		<property name="position"><value>6</value></property>
		<property name="parameterType"><ref bean="net.bcgi.util.db.ParamDef.IN"></ref></property>
	</bean>
	
	<bean id="subs_ca_svcpack_manage_view_7" class="net.bcgi.util.db.ParamDef" scope="singleton">
		<property name="name"><value>pi_grp_useparentservice_yn</value></property>
		<property name="mapTo"><value>pi_grp_useparentservice_yn</value></property>
		<property name="type"><ref bean="java.sql.Types.VARCHAR"></ref></property>
		<property name="position"><value>7</value></property>
		<property name="parameterType"><ref bean="net.bcgi.util.db.ParamDef.IN"></ref></property>
	</bean>
	
	<bean id="subs_ca_svcpack_manage_view_8" class="net.bcgi.util.db.ParamDef" scope="singleton">
		<property name="name"><value>pi_grp_iterative_yn</value></property>
		<property name="mapTo"><value>pi_grp_iterative_yn</value></property>
		<property name="type"><ref bean="java.sql.Types.VARCHAR"></ref></property>
		<property name="position"><value>8</value></property>
		<property name="parameterType"><ref bean="net.bcgi.util.db.ParamDef.IN"></ref></property>
	</bean>
	
	<bean id="subs_ca_svcpack_manage_view_9" class="net.bcgi.util.db.ParamDef" scope="singleton">
		<property name="name"><value>pi_grp_parent_exp_status_yn</value></property>
		<property name="mapTo"><value>pi_grp_parent_exp_status_yn</value></property>
		<property name="type"><ref bean="java.sql.Types.VARCHAR"></ref></property>
		<property name="position"><value>9</value></property>
		<property name="parameterType"><ref bean="net.bcgi.util.db.ParamDef.IN"></ref></property>
	</bean>
	
	<bean id="subs_ca_svcpack_manage_view_10" class="net.bcgi.util.db.ParamDef" scope="singleton">
		<property name="name"><value>pi_home_network_id</value></property>
		<property name="mapTo"><value>pi_home_network_id</value></property>
		<property name="type"><ref bean="java.sql.Types.BIGINT"></ref></property>
		<property name="position"><value>10</value></property>
		<property name="parameterType"><ref bean="net.bcgi.util.db.ParamDef.IN"></ref></property>
	</bean>
	
	<bean id="subs_ca_svcpack_manage_view_11" class="net.bcgi.util.db.ParamDef" scope="singleton">
		<property name="name"><value>pi_child_default_limit</value></property>
		<property name="mapTo"><value>pi_child_default_limit</value></property>
		<property name="type"><ref bean="java.sql.Types.VARCHAR"></ref></property>
		<property name="position"><value>11</value></property>
		<property name="parameterType"><ref bean="net.bcgi.util.db.ParamDef.IN"></ref></property>
	</bean>	
	
	<bean id="subs_ca_svcpack_manage_view_12" class="net.bcgi.util.db.ParamDef" scope="singleton">
		<property name="name"><value>pi_grp_addon_featureid</value></property>
		<property name="mapTo"><value>pi_grp_addon_featureid</value></property>
		<property name="type"><ref bean="java.sql.Types.ARRAY"></ref></property>
		<property name="arrayName"><value>ARR_NUMB</value></property>
		<property name="position"><value>12</value></property>
		<property name="parameterType"><ref bean="net.bcgi.util.db.ParamDef.IN"></ref></property>
	</bean>
	
	<bean id="subs_ca_svcpack_manage_view_13" class="net.bcgi.util.db.ParamDef" scope="singleton">
		<property name="name"><value>pi_ca_msisdn</value></property>
		<property name="mapTo"><value>pi_ca_msisdn</value></property>
		<property name="type"><ref bean="java.sql.Types.ARRAY"></ref></property>
		<property name="arrayName"><value>ARR_NUMB</value></property>
		<property name="position"><value>13</value></property>
		<property name="parameterType"><ref bean="net.bcgi.util.db.ParamDef.IN"></ref></property>
	</bean>
	
	<bean id="subs_ca_svcpack_manage_view_14" class="net.bcgi.util.db.ParamDef" scope="singleton">
		<property name="name"><value>pi_child_devicegroup_id</value></property>
		<property name="mapTo"><value>pi_child_devicegroup_id</value></property>
		<property name="type"><ref bean="java.sql.Types.ARRAY"></ref></property>
		<property name="arrayName"><value>ARR_VARCHAR</value></property>
		<property name="position"><value>14</value></property>
		<property name="parameterType"><ref bean="net.bcgi.util.db.ParamDef.IN"></ref></property>
	</bean>
	
	<bean id="subs_ca_svcpack_manage_view_15" class="net.bcgi.util.db.ParamDef" scope="singleton">
		<property name="name"><value>pi_child_zonegroup_id</value></property>
		<property name="mapTo"><value>pi_child_zonegroup_id</value></property>
		<property name="type"><ref bean="java.sql.Types.ARRAY"></ref></property>
		<property name="arrayName"><value>ARR_VARCHAR</value></property>
		<property name="position"><value>15</value></property>
		<property name="parameterType"><ref bean="net.bcgi.util.db.ParamDef.IN"></ref></property>
	</bean>
	
	<bean id="subs_ca_svcpack_manage_view_16" class="net.bcgi.util.db.ParamDef" scope="singleton">
		<property name="name"><value>pi_acct_bal_details</value></property>
		<property name="mapTo"><value>pi_acct_bal_details</value></property>
		<property name="type"><ref bean="java.sql.Types.ARRAY"></ref></property>
		<property name="arrayName"><value>ARR_VARCHAR</value></property>
		<property name="position"><value>16</value></property>
		<property name="parameterType"><ref bean="net.bcgi.util.db.ParamDef.IN"></ref></property>
	</bean>
	 
	<bean id="subs_ca_svcpack_manage_view_17" class="net.bcgi.util.db.ParamDef" scope="singleton">
		<property name="name"><value>pi_use_parent_ca_balance</value></property>
		<property name="mapTo"><value>pi_use_parent_ca_balance</value></property>
		<property name="type"><ref bean="java.sql.Types.ARRAY"></ref></property>
		<property name="arrayName"><value>ARR_VARCHAR</value></property>
		<property name="position"><value>17</value></property>
		<property name="parameterType"><ref bean="net.bcgi.util.db.ParamDef.IN"></ref></property>
	</bean>
	
	<bean id="subs_ca_svcpack_manage_view_18" class="net.bcgi.util.db.ParamDef" scope="singleton">
		<property name="name"><value>pi_use_parent_core_balance</value></property>
		<property name="mapTo"><value>pi_use_parent_core_balance</value></property>
		<property name="type"><ref bean="java.sql.Types.ARRAY"></ref></property>
		<property name="arrayName"><value>ARR_VARCHAR</value></property>
		<property name="position"><value>18</value></property>
		<property name="parameterType"><ref bean="net.bcgi.util.db.ParamDef.IN"></ref></property>
	</bean>
	
	<bean id="subs_ca_svcpack_manage_view_19" class="net.bcgi.util.db.ParamDef" scope="singleton">
		<property name="name"><value>pi_ca_account_allowed_bal</value></property>
		<property name="mapTo"><value>pi_ca_account_allowed_bal</value></property>
		<property name="type"><ref bean="java.sql.Types.ARRAY"></ref></property>
		<property name="arrayName"><value>ARR_NUMB</value></property>
		<property name="position"><value>19</value></property>
		<property name="parameterType"><ref bean="net.bcgi.util.db.ParamDef.IN"></ref></property>
	</bean>
	
	<bean id="subs_ca_svcpack_manage_view_20" class="net.bcgi.util.db.ParamDef" scope="singleton">
		<property name="name"><value>pi_acct_chaild_limit_details</value></property>
		<property name="mapTo"><value>pi_acct_child_limit_details</value></property>
		<property name="type"><ref bean="java.sql.Types.ARRAY"></ref></property>
		<property name="arrayName"><value>ARR_VARCHAR</value></property>
		<property name="position"><value>20</value></property>
		<property name="parameterType"><ref bean="net.bcgi.util.db.ParamDef.IN"></ref></property>
	</bean>
	
	<bean id="subs_ca_svcpack_manage_view_21" class="net.bcgi.util.db.ParamDef" scope="singleton">
	  <property name="name"><value>pi_ca_user_type</value></property>
	  <property name="mapTo"><value>pi_ca_user_type</value></property>
	  <property name="type"><ref bean="java.sql.Types.VARCHAR"></ref></property>
	  <property name="position"><value>21</value></property>
	  <property name="parameterType"><ref bean="net.bcgi.util.db.ParamDef.IN"></ref></property>
	</bean> 	
	
	<bean id="subs_ca_svcpack_manage_view_22" class="net.bcgi.util.db.ParamDef" scope="singleton">
	  <property name="name"><value>pi_ca_user_id</value></property>
	  <property name="mapTo"><value>pi_ca_user_id</value></property>
	  <property name="type"><ref bean="java.sql.Types.VARCHAR"></ref></property>
	  <property name="position"><value>22</value></property>
	  <property name="parameterType"><ref bean="net.bcgi.util.db.ParamDef.IN"></ref></property>
	</bean>
	   
	
	<bean id="subs_ca_svcpack_manage_view_23" class="net.bcgi.util.db.ParamDef" scope="singleton">
	  <property name="name"><value>pi_svc_plan_id</value></property>
	  <property name="mapTo"><value>pi_svc_plan_id</value></property>
	  <property name="type"><ref bean="java.sql.Types.BIGINT"></ref></property>
	  <property name="position"><value>23</value></property>
	  <property name="parameterType"><ref bean="net.bcgi.util.db.ParamDef.IN"></ref></property>
	</bean>
	              
	<bean id="subs_ca_svcpack_manage_view_24" class="net.bcgi.util.db.ParamDef" scope="singleton">
	  <property name="name"><value>pi_type_of_service</value></property>
	  <property name="mapTo"><value>pi_type_of_service</value></property>
	  <property name="type"><ref bean="java.sql.Types.BIGINT"></ref></property>
	  <property name="position"><value>24</value></property>
	  <property name="parameterType"><ref bean="net.bcgi.util.db.ParamDef.IN"></ref></property>
	</bean>
	
	<bean id="subs_ca_svcpack_manage_view_25" class="net.bcgi.util.db.ParamDef" scope="singleton">
	  <property name="name"><value>pi_charge_id</value></property>
	  <property name="mapTo"><value>pi_charge_id</value></property>
	  <property name="type"><ref bean="java.sql.Types.VARCHAR"></ref></property>
	  <property name="position"><value>25</value></property>
	  <property name="parameterType"><ref bean="net.bcgi.util.db.ParamDef.IN"></ref></property>
	</bean>
	
	<bean id="subs_ca_svcpack_manage_view_26" class="net.bcgi.util.db.ParamDef" scope="singleton">
	  <property name="name"><value>pi_svc_start_date</value></property>
	  <property name="mapTo"><value>pi_svc_start_date</value></property>
	  <property name="type"><ref bean="java.sql.Types.VARCHAR"></ref></property>
	  <property name="position"><value>26</value></property>
	  <property name="parameterType"><ref bean="net.bcgi.util.db.ParamDef.IN"></ref></property>
	</bean>
	
	<bean id="subs_ca_svcpack_manage_view_27" class="net.bcgi.util.db.ParamDef" scope="singleton">
	  <property name="name"><value>pi_svc_end_date</value></property>
	  <property name="mapTo"><value>pi_svc_end_date</value></property>
	  <property name="type"><ref bean="java.sql.Types.VARCHAR"></ref></property>
	  <property name="position"><value>27</value></property>
	  <property name="parameterType"><ref bean="net.bcgi.util.db.ParamDef.IN"></ref></property>
	</bean>
	
	<bean id="subs_ca_svcpack_manage_view_28" class="net.bcgi.util.db.ParamDef" scope="singleton">
	  <property name="name"><value>pi_act_deact_flag</value></property>
	  <property name="mapTo"><value>pi_act_deact_flag</value></property>
	  <property name="type"><ref bean="java.sql.Types.VARCHAR"></ref></property>
	  <property name="position"><value>28</value></property>
	  <property name="parameterType"><ref bean="net.bcgi.util.db.ParamDef.IN"></ref></property>
	</bean>
	
	<bean id="subs_ca_svcpack_manage_view_29" class="net.bcgi.util.db.ParamDef" scope="singleton">
	  <property name="name"><value>pi_service_flag</value></property>
	  <property name="mapTo"><value>pi_service_flag</value></property>
	  <property name="type"><ref bean="java.sql.Types.VARCHAR"></ref></property>
	  <property name="position"><value>29</value></property>
	  <property name="parameterType"><ref bean="net.bcgi.util.db.ParamDef.IN"></ref></property>
	</bean>
	
	<bean id="subs_ca_svcpack_manage_view_30" class="net.bcgi.util.db.ParamDef" scope="singleton">
	  <property name="name"><value>pi_service_list</value></property>
	  <property name="mapTo"><value>pi_service_list</value></property>
	  <property name="type"><ref bean="java.sql.Types.ARRAY"></ref></property>
	  <property name="arrayName"><value>ARR_VARCHAR</value></property>
	  <property name="position"><value>30</value></property>
	  <property name="parameterType"><ref bean="net.bcgi.util.db.ParamDef.IN"></ref></property>
	</bean>
	<bean id="subs_ca_svcpack_manage_view_31" class="net.bcgi.util.db.ParamDef" scope="singleton">
		<property name="name"><value>pi_use_parent_bkt_balance</value></property>
		<property name="mapTo"><value>pi_use_parent_bkt_balance</value></property>
		<property name="type"><ref bean="java.sql.Types.VARCHAR"></ref></property>
		<property name="position"><value>31</value></property>
		<property name="parameterType"><ref bean="net.bcgi.util.db.ParamDef.IN"></ref></property>
	</bean>
	<bean id="subs_ca_svcpack_manage_view_32" class="net.bcgi.util.db.ParamDef" scope="singleton">
		<property name="name"><value>pi_use_own_bkt_balance</value></property>
		<property name="mapTo"><value>pi_use_own_bkt_balance</value></property>
		<property name="type"><ref bean="java.sql.Types.VARCHAR"></ref></property>
		<property name="position"><value>32</value></property>
		<property name="parameterType"><ref bean="net.bcgi.util.db.ParamDef.IN"></ref></property>
	</bean>
	
	
	<bean id="subs_ca_svcpack_manage_view_33" class="net.bcgi.util.db.ParamDef" scope="singleton">
	 <property name="name"><value>po_error_details</value></property>
	 <property name="mapTo"><value>po_error_details</value></property>
	 <property name="type"><ref bean="oracle.jdbc.driver.OracleTypes.CURSOR"></ref></property>
	 <property name="position"><value>33</value></property>
	 <property name="parameterType"><ref bean="net.bcgi.util.db.ParamDef.OUT"></ref></property>
	</bean>
	<bean id="subs_ca_svcpack_manage_view_34" class="net.bcgi.util.db.ParamDef" scope="singleton">
		<property name="name"><value>po_error_code</value></property>
		<property name="mapTo"><value>po_error_code</value></property>
		<property name="type"><ref bean="java.sql.Types.BIGINT"></ref></property>
		<property name="position"><value>34</value></property>
		<property name="parameterType"><ref bean="net.bcgi.util.db.ParamDef.OUT"></ref></property>
	</bean>
	
	<bean id="subs_ca_svcpack_manage_view_35" class="net.bcgi.util.db.ParamDef" scope="singleton">
		<property name="name"><value>po_error_desc</value></property>
		<property name="mapTo"><value>po_error_mesg</value></property>
		<property name="type"><ref bean="java.sql.Types.VARCHAR"></ref></property>
		<property name="position"><value>35</value></property>
		<property name="parameterType"><ref bean="net.bcgi.util.db.ParamDef.OUT"></ref></property>
	</bean>
</beans>