<?xml version="1.0" encoding="UTF-8" ?>
<!-- ====================================================================== -->
<!--                                                                        -->
<!-- XIUS infinet billing Agent -->
<!--                                                                        -->
<!-- $Id: //depot/xb/MSP1.0/MSP-AWS/agents/iba/main/config/configxmls/proc-config/provision/network_details_read_partii.xml#1 $     -->
<!-- This file  will maps the SP input parameters to java fields. -->
<!-- $Author: shashidhar.p $  $DateTime: 2023/08/04 15:19:58 $ $Change: 224525 $      -->
<!-- ====================================================================== -->

<!DOCTYPE beans PUBLIC "-//SPRING//DTD BEAN//EN" "http://www.springframework.org/dtd/spring-beans.dtd">

<beans>
	<!-- start get_voucher_denominations -->
	
	<bean id="network_details_read_partii" class="net.bcgi.util.db.SPDefinition" scope="singleton">
		<property name="name"><value>CS_UMS_ADMIN.network_details_read_partii</value></property>
		<property name="returnsResult"><value>false</value></property>
		<property name="parameters">
			<list>
				<ref bean="network_details_read_partii_param_1"></ref>
				<ref bean="network_details_read_partii_param_2"></ref>
				<ref bean="network_details_read_partii_param_3"></ref>
			</list>
		</property>
		<property name="refCursors">
			<map>
				<entry key="2">
					<ref bean="po_network_detail_partii_ref_cursor_bean"/>
				</entry>
			</map>
		</property>
		
	</bean>
	
	<bean id="po_network_detail_partii_ref_cursor_bean" class="net.bcgi.util.db.ResultSetDef" scope="prototype">
		<property name="resultSetParams">
			<list>
				<ref bean="po_network_detail_partii_ref_cursor_param_1"></ref>
				<ref bean="po_network_detail_partii_ref_cursor_param_2"></ref>
				<ref bean="po_network_detail_partii_ref_cursor_param_3"></ref>
				<ref bean="po_network_detail_partii_ref_cursor_param_4"></ref>
				<ref bean="po_network_detail_partii_ref_cursor_param_5"></ref>
				<ref bean="po_network_detail_partii_ref_cursor_param_6"></ref>
				<ref bean="po_network_detail_partii_ref_cursor_param_7"></ref>
				<ref bean="po_network_detail_partii_ref_cursor_param_8"></ref>
				<ref bean="po_network_detail_partii_ref_cursor_param_9"></ref>
				<ref bean="po_network_detail_partii_ref_cursor_param_10"></ref>
				<ref bean="po_network_detail_partii_ref_cursor_param_11"></ref>
				<ref bean="po_network_detail_partii_ref_cursor_param_12"></ref>
				<ref bean="po_network_detail_partii_ref_cursor_param_13"></ref>
				<ref bean="po_network_detail_partii_ref_cursor_param_14"></ref>
				<ref bean="po_network_detail_partii_ref_cursor_param_15"></ref>
				<ref bean="po_network_detail_partii_ref_cursor_param_16"></ref>
				<ref bean="po_network_detail_partii_ref_cursor_param_17"></ref>
				<ref bean="po_network_detail_partii_ref_cursor_param_18"></ref>
				<ref bean="po_network_detail_partii_ref_cursor_param_19"></ref>
				<ref bean="po_network_detail_partii_ref_cursor_param_20"></ref>
				<ref bean="po_network_detail_partii_ref_cursor_param_11"></ref>
				<ref bean="po_network_detail_partii_ref_cursor_param_22"></ref>
				<ref bean="po_network_detail_partii_ref_cursor_param_23"></ref>
				<ref bean="po_network_detail_partii_ref_cursor_param_24"></ref>
				<ref bean="po_network_detail_partii_ref_cursor_param_25"></ref>
				<ref bean="po_network_detail_partii_ref_cursor_param_26"></ref>
				<ref bean="po_network_detail_partii_ref_cursor_param_27"></ref>
				<ref bean="po_network_detail_partii_ref_cursor_param_28"></ref>
				<ref bean="po_network_detail_partii_ref_cursor_param_29"></ref>
				<ref bean="po_network_detail_partii_ref_cursor_param_30"></ref>
				<ref bean="po_network_detail_partii_ref_cursor_param_31"></ref>
				<ref bean="po_network_detail_partii_ref_cursor_param_32"></ref>
				<ref bean="po_network_detail_partii_ref_cursor_param_33"></ref>
				<ref bean="po_network_detail_partii_ref_cursor_param_34"></ref>
				<ref bean="po_network_detail_partii_ref_cursor_param_35"></ref>
				<ref bean="po_network_detail_partii_ref_cursor_param_36"></ref>
				<ref bean="po_network_detail_partii_ref_cursor_param_37"></ref>
				<ref bean="po_network_detail_partii_ref_cursor_param_38"></ref>
				<ref bean="po_network_detail_partii_ref_cursor_param_39"></ref>
				<ref bean="po_network_detail_partii_ref_cursor_param_40"></ref>
				<ref bean="po_network_detail_partii_ref_cursor_param_41"></ref>
				<ref bean="po_network_detail_partii_ref_cursor_param_42"></ref>
				<ref bean="po_network_detail_partii_ref_cursor_param_43"></ref>
				<ref bean="po_network_detail_partii_ref_cursor_param_44"></ref>
				<ref bean="po_network_detail_partii_ref_cursor_param_45"></ref>
				<ref bean="po_network_detail_partii_ref_cursor_param_46"></ref>
				<ref bean="po_network_detail_partii_ref_cursor_param_47"></ref>
				<ref bean="po_network_detail_partii_ref_cursor_param_48"></ref>
				<ref bean="po_network_detail_partii_ref_cursor_param_49"></ref>
				<ref bean="po_network_detail_partii_ref_cursor_param_50"></ref>
				<ref bean="po_network_detail_partii_ref_cursor_param_51"></ref>
				<ref bean="po_network_detail_partii_ref_cursor_param_52"></ref>
				<ref bean="po_network_detail_partii_ref_cursor_param_53"></ref>
				<ref bean="po_network_detail_partii_ref_cursor_param_54"></ref>
				<ref bean="po_network_detail_partii_ref_cursor_param_55"></ref>
				<ref bean="po_network_detail_partii_ref_cursor_param_56"></ref>
				<ref bean="po_network_detail_partii_ref_cursor_param_57"></ref>
				<ref bean="po_network_detail_partii_ref_cursor_param_58"></ref>								
				<ref bean="po_network_detail_partii_ref_cursor_param_59"></ref>
				<ref bean="po_network_detail_partii_ref_cursor_param_60"></ref>	
				<ref bean="po_network_detail_partii_ref_cursor_param_61"></ref>							
			</list>
		</property>
		<property name="className" value="com.xius.billing.agent.domaindata.impl.provisionmgmt.NetworkConfigCursorData"/>
	</bean>
	
	<bean id="po_network_detail_partii_ref_cursor_param_1" class="net.bcgi.util.db.ResultSetParam" scope="singleton">
	  <property name="procedureColumnName"><value>flag_if_bal_lessthanzero_30day</value></property>
	  <property name="mapTo"><value>flag_if_bal_lessthanzero_30day</value></property>
	  <property name="columnType"><ref bean="java.sql.Types.VARCHAR"></ref></property>
	  <property name="position"><value>1</value></property>
	</bean>
	
	<bean id="po_network_detail_partii_ref_cursor_param_2" class="net.bcgi.util.db.ResultSetParam" scope="singleton">
	  <property name="procedureColumnName"><value>treatment_types</value></property>
	  <property name="mapTo"><value>treatment_types</value></property>
	  <property name="columnType"><ref bean="java.sql.Types.VARCHAR"></ref></property>
	  <property name="position"><value>2</value></property>
	</bean>
	
	<bean id="po_network_detail_partii_ref_cursor_param_3" class="net.bcgi.util.db.ResultSetParam" scope="singleton">
	  <property name="procedureColumnName"><value>integrated_hlr_yn</value></property>
	  <property name="mapTo"><value>integrated_hlr_yn</value></property>
	  <property name="columnType"><ref bean="java.sql.Types.VARCHAR"></ref></property>
	  <property name="position"><value>3</value></property>
	</bean>
	
	<bean id="po_network_detail_partii_ref_cursor_param_4" class="net.bcgi.util.db.ResultSetParam" scope="singleton">
	  <property name="procedureColumnName"><value>us_npanxx_check_required_yn</value></property>
	  <property name="mapTo"><value>us_npanxx_check_required_yn</value></property>
	  <property name="columnType"><ref bean="java.sql.Types.VARCHAR"></ref></property>
	  <property name="position"><value>4</value></property>
	</bean>
	
	<bean id="po_network_detail_partii_ref_cursor_param_5" class="net.bcgi.util.db.ResultSetParam" scope="singleton">
	  <property name="procedureColumnName"><value>esme_charge_amount</value></property>
	  <property name="mapTo"><value>esme_charge_amount</value></property>
	  <property name="columnType"><ref bean="java.sql.Types.DECIMAL"></ref></property>
	  <property name="position"><value>5</value></property>
	</bean>
	
	<bean id="po_network_detail_partii_ref_cursor_param_6" class="net.bcgi.util.db.ResultSetParam" scope="singleton">
	  <property name="procedureColumnName"><value>npdb_check_required_yn</value></property>
	  <property name="mapTo"><value>npdb_check_required_yn</value></property>
	  <property name="columnType"><ref bean="java.sql.Types.VARCHAR"></ref></property>
	  <property name="position"><value>6</value></property>
	</bean>
	
	<bean id="po_network_detail_partii_ref_cursor_param_7" class="net.bcgi.util.db.ResultSetParam" scope="singleton">
	  <property name="procedureColumnName"><value>lrn_prefix_required_yn</value></property>
	  <property name="mapTo"><value>lrn_prefix_required_yn</value></property>
	  <property name="columnType"><ref bean="java.sql.Types.VARCHAR"></ref></property>
	  <property name="position"><value>7</value></property>
	</bean>
	
	<bean id="po_network_detail_partii_ref_cursor_param_8" class="net.bcgi.util.db.ResultSetParam" scope="singleton">
	  <property name="procedureColumnName"><value>no_rental_for_optional_service</value></property>
	  <property name="mapTo"><value>no_rental_for_optional_service</value></property>
	  <property name="columnType"><ref bean="java.sql.Types.VARCHAR"></ref></property>
	  <property name="position"><value>8</value></property>
	</bean>
	
	<bean id="po_network_detail_partii_ref_cursor_param_9" class="net.bcgi.util.db.ResultSetParam" scope="singleton">
	  <property name="procedureColumnName"><value>calltype_freesms_yn</value></property>
	  <property name="mapTo"><value>calltype_freesms_yn</value></property>
	  <property name="columnType"><ref bean="java.sql.Types.VARCHAR"></ref></property>
	  <property name="position"><value>9</value></property>
	</bean>
	
	<bean id="po_network_detail_partii_ref_cursor_param_10" class="net.bcgi.util.db.ResultSetParam" scope="singleton">
	  <property name="procedureColumnName"><value>sms_expiry_notification_days</value></property>
	  <property name="mapTo"><value>sms_expiry_notification_days</value></property>
	  <property name="columnType"><ref bean="java.sql.Types.BIGINT"></ref></property>
	  <property name="position"><value>10</value></property>
	</bean>
	
	<bean id="po_network_detail_partii_ref_cursor_param_11" class="net.bcgi.util.db.ResultSetParam" scope="singleton">
	  <property name="procedureColumnName"><value>credit_limit_required_yn</value></property>
	  <property name="mapTo"><value>credit_limit_required_yn</value></property>
	  <property name="columnType"><ref bean="java.sql.Types.VARCHAR"></ref></property>
	  <property name="position"><value>11</value></property>
	</bean>
	
	<bean id="po_network_detail_partii_ref_cursor_param_12" class="net.bcgi.util.db.ResultSetParam" scope="singleton">
	  <property name="procedureColumnName"><value>volbased_datacalls_happyhrs_yn</value></property>
	  <property name="mapTo"><value>volbased_datacalls_happyhrs_yn</value></property>
	  <property name="columnType"><ref bean="java.sql.Types.VARCHAR"></ref></property>
	  <property name="position"><value>12</value></property>
	</bean>
	
	<bean id="po_network_detail_partii_ref_cursor_param_13" class="net.bcgi.util.db.ResultSetParam" scope="singleton">
	  <property name="procedureColumnName"><value>pseudo_msisdn_part_of_ttseries</value></property>
	  <property name="mapTo"><value>pseudo_msisdn_part_of_ttseries</value></property>
	  <property name="columnType"><ref bean="java.sql.Types.VARCHAR"></ref></property>
	  <property name="position"><value>13</value></property>
	</bean>
	
	<bean id="po_network_detail_partii_ref_cursor_param_14" class="net.bcgi.util.db.ResultSetParam" scope="singleton">
	  <property name="procedureColumnName"><value>pseudo_msisdn_series_prefix</value></property>
	  <property name="mapTo"><value>pseudo_msisdn_series_prefix</value></property>
	  <property name="columnType"><ref bean="java.sql.Types.VARCHAR"></ref></property>
	  <property name="position"><value>14</value></property>
	</bean>
	
	<bean id="po_network_detail_partii_ref_cursor_param_15" class="net.bcgi.util.db.ResultSetParam" scope="singleton">
	  <property name="procedureColumnName"><value>max_transfers_per_day</value></property>
	  <property name="mapTo"><value>max_transfers_per_day</value></property>
	  <property name="columnType"><ref bean="java.sql.Types.INTEGER"></ref></property>
	  <property name="position"><value>15</value></property>
	</bean>
	
	<bean id="po_network_detail_partii_ref_cursor_param_16" class="net.bcgi.util.db.ResultSetParam" scope="singleton">
	  <property name="procedureColumnName"><value>max_amt_per_day_transferor</value></property>
	  <property name="mapTo"><value>max_amt_per_day_transferor</value></property>
	  <property name="columnType"><ref bean="java.sql.Types.DECIMAL"></ref></property>
	  <property name="position"><value>16</value></property>
	</bean>
	
	<bean id="po_network_detail_partii_ref_cursor_param_17" class="net.bcgi.util.db.ResultSetParam" scope="singleton">
	  <property name="procedureColumnName"><value>max_amt_per_day_transferee</value></property>
	  <property name="mapTo"><value>max_amt_per_day_transferee</value></property>
	  <property name="columnType"><ref bean="java.sql.Types.DECIMAL"></ref></property>
	  <property name="position"><value>17</value></property>
	</bean>
	
	<bean id="po_network_detail_partii_ref_cursor_param_18" class="net.bcgi.util.db.ResultSetParam" scope="singleton">
	  <property name="procedureColumnName"><value>max_subs_accts_per_mykad_id</value></property>
	  <property name="mapTo"><value>max_subs_accts_per_mykad_id</value></property>
	  <property name="columnType"><ref bean="java.sql.Types.INTEGER"></ref></property>
	  <property name="position"><value>18</value></property>
	</bean>
	
	<bean id="po_network_detail_partii_ref_cursor_param_19" class="net.bcgi.util.db.ResultSetParam" scope="singleton">
	  <property name="procedureColumnName"><value>low_bal_notif_type</value></property>
	  <property name="mapTo"><value>low_bal_notif_type</value></property>
	  <property name="columnType"><ref bean="java.sql.Types.VARCHAR"></ref></property>
	  <property name="position"><value>19</value></property>
	</bean>
	
	<bean id="po_network_detail_partii_ref_cursor_param_20" class="net.bcgi.util.db.ResultSetParam" scope="singleton">
	  <property name="procedureColumnName"><value>selfcare_changemsisdn_freehrs</value></property>
	  <property name="mapTo"><value>selfcare_changemsisdn_freehrs</value></property>
	  <property name="columnType"><ref bean="java.sql.Types.BIGINT"></ref></property>
	  <property name="position"><value>20</value></property>
	</bean>
	
	<bean id="po_network_detail_partii_ref_cursor_param_21" class="net.bcgi.util.db.ResultSetParam" scope="singleton">
	  <property name="procedureColumnName"><value>msisdn_tr_lock_max_sec_ussd</value></property>
	  <property name="mapTo"><value>msisdn_tr_lock_max_sec_ussd</value></property>
	  <property name="columnType"><ref bean="java.sql.Types.BIGINT"></ref></property>
	  <property name="position"><value>21</value></property>
	</bean>
	
	<bean id="po_network_detail_partii_ref_cursor_param_22" class="net.bcgi.util.db.ResultSetParam" scope="singleton">
	  <property name="procedureColumnName"><value>msisdn_tr_lock_max_sec_selfcar</value></property>
	  <property name="mapTo"><value>msisdn_tr_lock_max_sec_selfcar</value></property>
	  <property name="columnType"><ref bean="java.sql.Types.BIGINT"></ref></property>
	  <property name="position"><value>22</value></property>
	</bean>
	
	<bean id="po_network_detail_partii_ref_cursor_param_23" class="net.bcgi.util.db.ResultSetParam" scope="singleton">
	  <property name="procedureColumnName"><value>msisdn_alloc_allowed_max_hrs</value></property>
	  <property name="mapTo"><value>msisdn_alloc_allowed_max_hrs</value></property>
	  <property name="columnType"><ref bean="java.sql.Types.BIGINT"></ref></property>
	  <property name="position"><value>23</value></property>
	</bean>
	
	<bean id="po_network_detail_partii_ref_cursor_param_24" class="net.bcgi.util.db.ResultSetParam" scope="singleton">
	  <property name="procedureColumnName"><value>ivr_password_flag_imsi_yn</value></property>
	  <property name="mapTo"><value>ivr_password_flag_imsi_yn</value></property>
	  <property name="columnType"><ref bean="java.sql.Types.VARCHAR"></ref></property>
	  <property name="position"><value>24</value></property>
	</bean>
	
	<bean id="po_network_detail_partii_ref_cursor_param_25" class="net.bcgi.util.db.ResultSetParam" scope="singleton">
	  <property name="procedureColumnName"><value>rms_integration_flag_yn</value></property>
	  <property name="mapTo"><value>rms_integration_flag_yn</value></property>
	  <property name="columnType"><ref bean="java.sql.Types.VARCHAR"></ref></property>
	  <property name="position"><value>25</value></property>
	</bean>
	
	<bean id="po_network_detail_partii_ref_cursor_param_26" class="net.bcgi.util.db.ResultSetParam" scope="singleton">
	  <property name="procedureColumnName"><value>expiry_notification</value></property>
	  <property name="mapTo"><value>expiry_notification</value></property>
	  <property name="columnType"><ref bean="java.sql.Types.VARCHAR"></ref></property>
	  <property name="position"><value>26</value></property>
	</bean>
	
	<bean id="po_network_detail_partii_ref_cursor_param_27" class="net.bcgi.util.db.ResultSetParam" scope="singleton">
	  <property name="procedureColumnName"><value>expiry_level_one_notification</value></property>
	  <property name="mapTo"><value>expiry_level_one_notification</value></property>
	  <property name="columnType"><ref bean="java.sql.Types.BIGINT"></ref></property>
	  <property name="position"><value>27</value></property>
	</bean>
	
	<bean id="po_network_detail_partii_ref_cursor_param_28" class="net.bcgi.util.db.ResultSetParam" scope="singleton">
	  <property name="procedureColumnName"><value>expiry_level_two_notification</value></property>
	  <property name="mapTo"><value>expiry_level_two_notification</value></property>
	  <property name="columnType"><ref bean="java.sql.Types.BIGINT"></ref></property>
	  <property name="position"><value>28</value></property>
	</bean>
	
	<bean id="po_network_detail_partii_ref_cursor_param_29" class="net.bcgi.util.db.ResultSetParam" scope="singleton">
	  <property name="procedureColumnName"><value>max_trouble_ticket_perday</value></property>
	  <property name="mapTo"><value>max_trouble_ticket_perday</value></property>
	  <property name="columnType"><ref bean="java.sql.Types.BIGINT"></ref></property>
	  <property name="position"><value>29</value></property>
	</bean>
	
	<bean id="po_network_detail_partii_ref_cursor_param_30" class="net.bcgi.util.db.ResultSetParam" scope="singleton">
	  <property name="procedureColumnName"><value>fnf_terminating_rate_yn</value></property>
	  <property name="mapTo"><value>fnf_terminating_rate_yn</value></property>
	  <property name="columnType"><ref bean="java.sql.Types.VARCHAR"></ref></property>
	  <property name="position"><value>30</value></property>
	</bean>
	
	<bean id="po_network_detail_partii_ref_cursor_param_31" class="net.bcgi.util.db.ResultSetParam" scope="singleton">
	  <property name="procedureColumnName"><value>apply_rating_based_on_lrn_yn</value></property>
	  <property name="mapTo"><value>apply_rating_based_on_lrn_yn</value></property>
	  <property name="columnType"><ref bean="java.sql.Types.VARCHAR"></ref></property>
	  <property name="position"><value>31</value></property>
	</bean>
	
	<bean id="po_network_detail_partii_ref_cursor_param_32" class="net.bcgi.util.db.ResultSetParam" scope="singleton">
	  <property name="procedureColumnName"><value>aaa_radius_integrated_yn</value></property>
	  <property name="mapTo"><value>aaa_radius_integrated_yn</value></property>
	  <property name="columnType"><ref bean="java.sql.Types.VARCHAR"></ref></property>
	  <property name="position"><value>32</value></property>
	</bean>
	
	<bean id="po_network_detail_partii_ref_cursor_param_33" class="net.bcgi.util.db.ResultSetParam" scope="singleton">
	  <property name="procedureColumnName"><value>portd_out_expire_sub_max_days</value></property>
	  <property name="mapTo"><value>portd_out_expire_sub_max_days</value></property>
	  <property name="columnType"><ref bean="java.sql.Types.BIGINT"></ref></property>
	  <property name="position"><value>33</value></property>
	</bean>
	
	<bean id="po_network_detail_partii_ref_cursor_param_34" class="net.bcgi.util.db.ResultSetParam" scope="singleton">
	  <property name="procedureColumnName"><value>hlr_multisubprofile_supprt_yn</value></property>
	  <property name="mapTo"><value>hlr_multisubprofile_supprt_yn</value></property>
	  <property name="columnType"><ref bean="java.sql.Types.VARCHAR"></ref></property>
	  <property name="position"><value>34</value></property>
	</bean>
	
	<bean id="po_network_detail_partii_ref_cursor_param_35" class="net.bcgi.util.db.ResultSetParam" scope="singleton">
	  <property name="procedureColumnName"><value>max_amt_per_trans</value></property>
	  <property name="mapTo"><value>max_amt_per_trans</value></property>
	  <property name="columnType"><ref bean="java.sql.Types.DECIMAL"></ref></property>
	  <property name="position"><value>35</value></property>
	</bean>
	
	<bean id="po_network_detail_partii_ref_cursor_param_36" class="net.bcgi.util.db.ResultSetParam" scope="singleton">
	  <property name="procedureColumnName"><value>maxdays_2sendportin_terminate</value></property>
	  <property name="mapTo"><value>maxdays_2sendportin_terminate</value></property>
	  <property name="columnType"><ref bean="java.sql.Types.BIGINT"></ref></property>
	  <property name="position"><value>36</value></property>
	</bean>
	
	<bean id="po_network_detail_partii_ref_cursor_param_37" class="net.bcgi.util.db.ResultSetParam" scope="singleton">
	  <property name="procedureColumnName"><value>retain_acct_in_cust_group_yn</value></property>
	  <property name="mapTo"><value>retain_acct_in_cust_group_yn</value></property>
	  <property name="columnType"><ref bean="java.sql.Types.VARCHAR"></ref></property>
	  <property name="position"><value>37</value></property>
	</bean>
	
	<bean id="po_network_detail_partii_ref_cursor_param_38" class="net.bcgi.util.db.ResultSetParam" scope="singleton">
	  <property name="procedureColumnName"><value>port_out_status_tr_yn</value></property>
	  <property name="mapTo"><value>port_out_status_tr_yn</value></property>
	  <property name="columnType"><ref bean="java.sql.Types.VARCHAR"></ref></property>
	  <property name="position"><value>38</value></property>
	</bean>
	
	<bean id="po_network_detail_partii_ref_cursor_param_39" class="net.bcgi.util.db.ResultSetParam" scope="singleton">
	  <property name="procedureColumnName"><value>port_out_status_ac_yn</value></property>
	  <property name="mapTo"><value>port_out_status_ac_yn</value></property>
	  <property name="columnType"><ref bean="java.sql.Types.VARCHAR"></ref></property>
	  <property name="position"><value>39</value></property>
	</bean>
	
	<bean id="po_network_detail_partii_ref_cursor_param_40" class="net.bcgi.util.db.ResultSetParam" scope="singleton">
	  <property name="procedureColumnName"><value>port_out_status_g1_yn</value></property>
	  <property name="mapTo"><value>port_out_status_g1_yn</value></property>
	  <property name="columnType"><ref bean="java.sql.Types.VARCHAR"></ref></property>
	  <property name="position"><value>40</value></property>
	</bean>
	
	<bean id="po_network_detail_partii_ref_cursor_param_41" class="net.bcgi.util.db.ResultSetParam" scope="singleton">
	  <property name="procedureColumnName"><value>port_out_status_g2_yn</value></property>
	  <property name="mapTo"><value>port_out_status_g2_yn</value></property>
	  <property name="columnType"><ref bean="java.sql.Types.VARCHAR"></ref></property>
	  <property name="position"><value>41</value></property>
	</bean>
	
	<bean id="po_network_detail_partii_ref_cursor_param_42" class="net.bcgi.util.db.ResultSetParam" scope="singleton">
	  <property name="procedureColumnName"><value>tenure_plan_exist_yn</value></property>
	  <property name="mapTo"><value>tenure_plan_exist_yn</value></property>
	  <property name="columnType"><ref bean="java.sql.Types.VARCHAR"></ref></property>
	  <property name="position"><value>42</value></property>
	</bean>
	
	<bean id="po_network_detail_partii_ref_cursor_param_43" class="net.bcgi.util.db.ResultSetParam" scope="singleton">
	  <property name="procedureColumnName"><value>vip_no_freepool_yn</value></property>
	  <property name="mapTo"><value>vip_no_freepool_yn</value></property>
	  <property name="columnType"><ref bean="java.sql.Types.VARCHAR"></ref></property>
	  <property name="position"><value>43</value></property>
	</bean>
	
	<bean id="po_network_detail_partii_ref_cursor_param_44" class="net.bcgi.util.db.ResultSetParam" scope="singleton">
	  <property name="procedureColumnName"><value>low_bal_notif_type2</value></property>
	  <property name="mapTo"><value>low_bal_notif_type2</value></property>
	  <property name="columnType"><ref bean="java.sql.Types.VARCHAR"></ref></property>
	  <property name="position"><value>44</value></property>
	</bean>
	
	<bean id="po_network_detail_partii_ref_cursor_param_45" class="net.bcgi.util.db.ResultSetParam" scope="singleton">
	  <property name="procedureColumnName"><value>cust_voice_calid</value></property>
	  <property name="mapTo"><value>cust_voice_calid</value></property>
	  <property name="columnType"><ref bean="java.sql.Types.BIGINT"></ref></property>
	  <property name="position"><value>45</value></property>
	</bean>
	
	<bean id="po_network_detail_partii_ref_cursor_param_46" class="net.bcgi.util.db.ResultSetParam" scope="singleton">
	  <property name="procedureColumnName"><value>cust_sms_calid</value></property>
	  <property name="mapTo"><value>cust_sms_calid</value></property>
	  <property name="columnType"><ref bean="java.sql.Types.BIGINT"></ref></property>
	  <property name="position"><value>46</value></property>
	</bean>
	
	<bean id="po_network_detail_partii_ref_cursor_param_47" class="net.bcgi.util.db.ResultSetParam" scope="singleton">
	  <property name="procedureColumnName"><value>cust_data_calid</value></property>
	  <property name="mapTo"><value>cust_data_calid</value></property>
	  <property name="columnType"><ref bean="java.sql.Types.BIGINT"></ref></property>
	  <property name="position"><value>47</value></property>
	</bean>
	
	<bean id="po_network_detail_partii_ref_cursor_param_48" class="net.bcgi.util.db.ResultSetParam" scope="singleton">
	  <property name="procedureColumnName"><value>max_lines_per_ca_package</value></property>
	  <property name="mapTo"><value>max_lines_per_ca_package</value></property>
	  <property name="columnType"><ref bean="java.sql.Types.BIGINT"></ref></property>
	  <property name="position"><value>48</value></property>
	</bean>
	
	<bean id="po_network_detail_partii_ref_cursor_param_49" class="net.bcgi.util.db.ResultSetParam" scope="singleton">
	  <property name="procedureColumnName"><value>integrated_3g_hlr_yn</value></property>
	  <property name="mapTo"><value>integrated_3g_hlr_yn</value></property>
	  <property name="columnType"><ref bean="java.sql.Types.VARCHAR"></ref></property>
	  <property name="position"><value>49</value></property>
	</bean>
	
	<bean id="po_network_detail_partii_ref_cursor_param_50" class="net.bcgi.util.db.ResultSetParam" scope="singleton">
	  <property name="procedureColumnName"><value>max_lines_per_corp_ca_package</value></property>
	  <property name="mapTo"><value>max_lines_per_corp_ca_package</value></property>
	  <property name="columnType"><ref bean="java.sql.Types.BIGINT"></ref></property>
	  <property name="position"><value>50</value></property>
	</bean>
	
	<bean id="po_network_detail_partii_ref_cursor_param_51" class="net.bcgi.util.db.ResultSetParam" scope="singleton">
	  <property name="procedureColumnName"><value>offnet_allowed_flag</value></property>
	  <property name="mapTo"><value>offnet_allowed_flag</value></property>
	  <property name="columnType"><ref bean="java.sql.Types.VARCHAR"></ref></property>
	  <property name="position"><value>51</value></property>
	</bean>
	
	<bean id="po_network_detail_partii_ref_cursor_param_52" class="net.bcgi.util.db.ResultSetParam" scope="singleton">
	  <property name="procedureColumnName"><value>max_offnet_allowed</value></property>
	  <property name="mapTo"><value>max_offnet_allowed</value></property>
	  <property name="columnType"><ref bean="java.sql.Types.VARCHAR"></ref></property>
	  <property name="position"><value>52</value></property>
	</bean>
	
	<bean id="po_network_detail_partii_ref_cursor_param_53" class="net.bcgi.util.db.ResultSetParam" scope="singleton">
	  <property name="procedureColumnName"><value>fnf_allowsms_flag</value></property>
	  <property name="mapTo"><value>fnf_allowsms_flag</value></property>
	  <property name="columnType"><ref bean="java.sql.Types.VARCHAR"></ref></property>
	  <property name="position"><value>53</value></property>
	</bean>
	
	<bean id="po_network_detail_partii_ref_cursor_param_54" class="net.bcgi.util.db.ResultSetParam" scope="singleton">
	  <property name="procedureColumnName"><value>currency</value></property>
	  <property name="mapTo"><value>currency</value></property>
	  <property name="columnType"><ref bean="java.sql.Types.VARCHAR"></ref></property>
	  <property name="position"><value>54</value></property>
	</bean>
	
	<bean id="po_network_detail_partii_ref_cursor_param_55" class="net.bcgi.util.db.ResultSetParam" scope="singleton">
	  <property name="procedureColumnName"><value>customer_name</value></property>
	  <property name="mapTo"><value>customer_name</value></property>
	  <property name="columnType"><ref bean="java.sql.Types.VARCHAR"></ref></property>
	  <property name="position"><value>55</value></property>
	</bean>
	
	<bean id="po_network_detail_partii_ref_cursor_param_56" class="net.bcgi.util.db.ResultSetParam" scope="singleton">
	  <property name="procedureColumnName"><value>allow_neg_bal_for_debitxml</value></property>
	  <property name="mapTo"><value>allow_neg_bal_for_debitxml</value></property>
	  <property name="columnType"><ref bean="java.sql.Types.VARCHAR"></ref></property>
	  <property name="position"><value>56</value></property>
	</bean>
	
	<bean id="po_network_detail_partii_ref_cursor_param_57" class="net.bcgi.util.db.ResultSetParam" scope="singleton">
	  <property name="procedureColumnName"><value>voucher_topup_display_yn</value></property>
	  <property name="mapTo"><value>voucher_topup_display_yn</value></property>
	  <property name="columnType"><ref bean="java.sql.Types.VARCHAR"></ref></property>
	  <property name="position"><value>57</value></property>
	</bean>
	
	<bean id="po_network_detail_partii_ref_cursor_param_58" class="net.bcgi.util.db.ResultSetParam" scope="singleton">
	  <property name="procedureColumnName"><value>bkt_credit_notification</value></property>
	  <property name="mapTo"><value>bkt_credit_notification</value></property>
	  <property name="columnType"><ref bean="java.sql.Types.VARCHAR"></ref></property>
	  <property name="position"><value>58</value></property>
	</bean>
		
	<bean id="po_network_detail_partii_ref_cursor_param_59" class="net.bcgi.util.db.ResultSetParam" scope="singleton">
	  <property name="procedureColumnName"><value>gst_applicable_date</value></property>
	  <property name="mapTo"><value>gstApplicableDate</value></property>
	  <property name="columnType"><ref bean="java.sql.Types.VARCHAR"></ref></property>
	  <property name="position"><value>59</value></property>
	</bean>
	
	<bean id="po_network_detail_partii_ref_cursor_param_60" class="net.bcgi.util.db.ResultSetParam" scope="singleton">
	  <property name="procedureColumnName"><value>gst_percentage</value></property>
	  <property name="mapTo"><value>gstPercentage</value></property>
	  <property name="columnType"><ref bean="java.sql.Types.DECIMAL"></ref></property>
	  <property name="position"><value>60</value></property>
	</bean>
	<bean id="po_network_detail_partii_ref_cursor_param_61" class="net.bcgi.util.db.ResultSetParam" scope="singleton">
	  <property name="procedureColumnName"><value>IS_TAX_DEBIT_FROM_SUBS_YN</value></property>
	  <property name="mapTo"><value>isTaxDebitFromSubsYN</value></property>
	  <property name="columnType"><ref bean="java.sql.Types.VARCHAR"></ref></property>
	  <property name="position"><value>61</value></property>
	</bean>
		
	<bean id="network_details_read_partii_param_1" class="net.bcgi.util.db.ParamDef" scope="singleton">
			<property name="name"><value>pi_network_id</value></property>
			<property name="mapTo"><value>pi_network_id</value></property>
			<property name="type"><ref bean="java.sql.Types.BIGINT"></ref></property>
			<property name="position"><value>1</value></property>
			<property name="parameterType"><ref bean="net.bcgi.util.db.ParamDef.IN"></ref></property>
	</bean>
	
	<bean id="network_details_read_partii_param_2" class="net.bcgi.util.db.ParamDef" scope="singleton">
			<property name="name"><value>po_network_detail</value></property>
			<property name="mapTo"><value>cursor</value></property>
			<property name="type"><ref bean="oracle.jdbc.driver.OracleTypes.CURSOR"></ref></property>
			<property name="position"><value>2</value></property>
			<property name="parameterType"><ref bean="net.bcgi.util.db.ParamDef.OUT"></ref></property>
	</bean>
	
	<bean id="network_details_read_partii_param_3" class="net.bcgi.util.db.ParamDef" scope="singleton">
			<property name="name"><value>po_error_code</value></property>
			<property name="mapTo"><value>po_error_code</value></property>
			<property name="type"><ref bean="java.sql.Types.BIGINT"></ref></property>
			<property name="position"><value>3</value></property>
			<property name="parameterType"><ref bean="net.bcgi.util.db.ParamDef.OUT"></ref></property>
	</bean>
	
 </beans>