<?xml version="1.0" encoding="UTF-8"?>
<!DOCTYPE beans PUBLIC "-//SPRING//DTD BEAN//EN" "http://www.springframework.org/dtd/spring-beans.dtd">

<beans>
	<!-- start pro_user_authentication -->
	<bean id="pro_get_simswap_details"
		class="net.bcgi.util.db.SPDefinition" scope="singleton">
		<property name="name"><value>PKG_SUBSCRIBER_MANAGEMENT_EXT.pro_get_simswap_details</value></property>
		                             
		                             
		<property name="returnsResult"><value>false</value></property>
		<property name="parameters">
			<list>
				<ref bean="pro_get_simswap_details_param_1"/>
				<ref bean="pro_get_simswap_details_param_2"/>
				<ref bean="pro_get_simswap_details_param_3"/>
				<ref bean="pro_get_simswap_details_param_4"/>
				<ref bean="pro_get_simswap_details_param_5"/>
				<ref bean="pro_get_simswap_details_param_6"/>
				<ref bean="pro_get_simswap_details_param_7"/>
				<ref bean="pro_get_simswap_details_param_8"/>
				<ref bean="pro_get_simswap_details_param_9"/>
				<ref bean="pro_get_simswap_details_param_10"/>
				<ref bean="pro_get_simswap_details_param_11"/>
				<ref bean="pro_get_simswap_details_param_12"/>
				<ref bean="pro_get_simswap_details_param_13"/>
			</list>
		</property>
	</bean>

   
	<bean id="pro_get_simswap_details_param_1" class="net.bcgi.util.db.ParamDef" scope="singleton">
			<property name="name"><value>pi_network_id</value></property>
			<property name="mapTo"><value>pi_network_id</value></property>
			<property name="type"><ref bean="java.sql.Types.BIGINT"></ref></property>
			<property name="position"><value>1</value></property>
			<property name="parameterType"><ref bean="net.bcgi.util.db.ParamDef.IN"></ref></property>
	</bean>
	<bean id="pro_get_simswap_details_param_2" class="net.bcgi.util.db.ParamDef" scope="singleton">
			<property name="name"><value>pi_new_sim</value></property>
			<property name="mapTo"><value>pi_new_sim</value></property>
			<property name="type"><ref bean="java.sql.Types.VARCHAR"></ref></property>
			<property name="position"><value>2</value></property>
			<property name="parameterType"><ref bean="net.bcgi.util.db.ParamDef.IN"></ref></property>
	</bean>
	<bean id="pro_get_simswap_details_param_3" class="net.bcgi.util.db.ParamDef" scope="singleton">
			<property name="name"><value>pi_old_sim</value></property>
			<property name="mapTo"><value>pi_old_sim</value></property>
			<property name="type"><ref bean="java.sql.Types.VARCHAR"></ref></property>
			<property name="position"><value>3</value></property>
			<property name="parameterType"><ref bean="net.bcgi.util.db.ParamDef.IN"></ref></property>
	</bean>
	
	<bean id="pro_get_simswap_details_param_4" class="net.bcgi.util.db.ParamDef" scope="singleton">
			<property name="name"><value>po_old_account_id</value></property>
			<property name="mapTo"><value>po_old_account_id</value></property>
			<property name="type"><ref bean="java.sql.Types.BIGINT"></ref></property>
			<property name="position"><value>4</value></property>
			<property name="parameterType"><ref bean="net.bcgi.util.db.ParamDef.OUT"></ref></property>
	</bean>
	<bean id="pro_get_simswap_details_param_5" class="net.bcgi.util.db.ParamDef" scope="singleton">
			<property name="name"><value>po_new_account_id</value></property>
			<property name="mapTo"><value>po_new_account_id</value></property>
			<property name="type"><ref bean="java.sql.Types.BIGINT"></ref></property>
			<property name="position"><value>5</value></property>
			<property name="parameterType"><ref bean="net.bcgi.util.db.ParamDef.OUT"></ref></property>
	</bean>
	<bean id="pro_get_simswap_details_param_6" class="net.bcgi.util.db.ParamDef" scope="singleton">
			<property name="name"><value>po_old_msisdn</value></property>
			<property name="mapTo"><value>po_old_msisdn</value></property>
			<property name="type"><ref bean="java.sql.Types.BIGINT"></ref></property>
			<property name="position"><value>6</value></property>
			<property name="parameterType"><ref bean="net.bcgi.util.db.ParamDef.OUT"></ref></property>
	</bean>
	
	<bean id="pro_get_simswap_details_param_7" class="net.bcgi.util.db.ParamDef" scope="singleton">
			<property name="name"><value>po_new_msisdn</value></property>
			<property name="mapTo"><value>po_new_msisdn</value></property>
			<property name="type"><ref bean="java.sql.Types.BIGINT"></ref></property>
			<property name="position"><value>7</value></property>
			<property name="parameterType"><ref bean="net.bcgi.util.db.ParamDef.OUT"></ref></property>
	</bean>
	<bean id="pro_get_simswap_details_param_8" class="net.bcgi.util.db.ParamDef" scope="singleton">
			<property name="name"><value>po_old_imsi_no</value></property>
			<property name="mapTo"><value>po_old_imsi_no</value></property>
			<property name="type"><ref bean="java.sql.Types.BIGINT"></ref></property>
			<property name="position"><value>8</value></property>
			<property name="parameterType"><ref bean="net.bcgi.util.db.ParamDef.OUT"></ref></property>
	</bean>
	<bean id="pro_get_simswap_details_param_9" class="net.bcgi.util.db.ParamDef" scope="singleton">
			<property name="name"><value>po_new_imsi_no</value></property>
			<property name="mapTo"><value>po_new_imsi_no</value></property>
			<property name="type"><ref bean="java.sql.Types.BIGINT"></ref></property>
			<property name="position"><value>9</value></property>
			<property name="parameterType"><ref bean="net.bcgi.util.db.ParamDef.OUT"></ref></property>
	</bean>
	<bean id="pro_get_simswap_details_param_10" class="net.bcgi.util.db.ParamDef" scope="singleton">
			<property name="name"><value>po_old_technology</value></property>
			<property name="mapTo"><value>po_old_technology</value></property>
			<property name="type"><ref bean="java.sql.Types.VARCHAR"></ref></property>
			<property name="position"><value>10</value></property>
			<property name="parameterType"><ref bean="net.bcgi.util.db.ParamDef.OUT"></ref></property>
	</bean>
	<bean id="pro_get_simswap_details_param_11" class="net.bcgi.util.db.ParamDef" scope="singleton">
			<property name="name"><value>po_new_technology</value></property>
			<property name="mapTo"><value>po_new_technology</value></property>
			<property name="type"><ref bean="java.sql.Types.VARCHAR"></ref></property>
			<property name="position"><value>11</value></property>
			<property name="parameterType"><ref bean="net.bcgi.util.db.ParamDef.OUT"></ref></property>
	</bean>
	
	<bean id="pro_get_simswap_details_param_12" class="net.bcgi.util.db.ParamDef" scope="singleton">
			<property name="name"><value>po_error_code</value></property>
			<property name="mapTo"><value>po_error_code</value></property>
			<property name="type"><ref bean="java.sql.Types.BIGINT"></ref></property>
			<property name="position"><value>12</value></property>
			<property name="parameterType"><ref bean="net.bcgi.util.db.ParamDef.OUT"></ref></property>
	</bean>
	<bean id="pro_get_simswap_details_param_13" class="net.bcgi.util.db.ParamDef" scope="singleton">
			<property name="name"><value>po_error_desc</value></property>
			<property name="mapTo"><value>po_error_mesg</value></property>
			<property name="type"><ref bean="java.sql.Types.VARCHAR"></ref></property>
			<property name="position"><value>13</value></property>
			<property name="parameterType"><ref bean="net.bcgi.util.db.ParamDef.OUT"></ref></property>
	</bean>

 </beans>
