<!DOCTYPE beans PUBLIC "-//SPRING//DTD BEAN//EN" "http://www.springframework.org/dtd/spring-beans.dtd">
<beans>
	<bean id="corp_banner_view_all" class="net.bcgi.util.db.SPDefinition" scope="prototype">
		<property name="name"><value>CS_SUBSCRIBER_MANAGEMENT.banner_view</value></property>
		<property name="returnsResult"><value>false</value></property>
		<property name="parameters">
		<list> <!--  parameter list -->
			<ref bean="banner_view_all_param_1"></ref>
			<ref bean="banner_view_all_param_2"></ref>
			<ref bean="banner_view_all_param_3"></ref>
			<ref bean="banner_view_all_param_4"></ref>
			<ref bean="banner_view_all_param_5"></ref>
			<ref bean="banner_view_all_param_6"></ref>
			<ref bean="banner_view_all_param_7"></ref>
			<ref bean="banner_view_all_param_8"></ref>
			<ref bean="banner_view_all_param_9"></ref>
		</list>
		</property>
		<property name="refCursors">
			<map>
				<entry key="8">
					<ref bean="po_banner_view_all"/>
				</entry>
				</map>
		</property>
		
	</bean>
	<bean id="po_banner_view_all" class="net.bcgi.util.db.ResultSetDef" scope="prototype">
		<property name="resultSetParams">
			<list>
				<ref bean="banner_view_all_cursor_param_1"></ref>
				<ref bean="banner_view_all_cursor_param_2"></ref>
				<ref bean="banner_view_all_cursor_param_3"></ref>
				<ref bean="banner_view_all_cursor_param_4"></ref>
				<ref bean="banner_view_all_cursor_param_5"></ref>
				<ref bean="banner_view_all_cursor_param_6"></ref>
			</list>
		</property>
		<property name="className" value="com.xius.billing.agent.domaindata.impl.submgmt.BannerData"/>
	</bean>	
	
	<bean id="banner_view_all_cursor_param_1" class="net.bcgi.util.db.ResultSetParam" scope="singleton">
	  <property name="procedureColumnName"><value>type</value></property>
	  <property name="mapTo"><value>type</value></property>
	  <property name="columnType"><ref bean="java.sql.Types.VARCHAR"></ref></property>
	  <property name="position"><value>1</value></property>
	</bean>
		<bean id="banner_view_all_cursor_param_2" class="net.bcgi.util.db.ResultSetParam" scope="singleton">
	  <property name="procedureColumnName"><value>start_date</value></property>
	  <property name="mapTo"><value>start_date</value></property>
	  <property name="columnType"><ref bean="java.sql.Types.VARCHAR"></ref></property>
	  <property name="position"><value>2</value></property>
	</bean>
	<bean id="banner_view_all_cursor_param_3" class="net.bcgi.util.db.ResultSetParam" scope="singleton">
	  <property name="procedureColumnName"><value>end_date</value></property>
	  <property name="mapTo"><value>end_date</value></property>
	  <property name="columnType"><ref bean="java.sql.Types.VARCHAR"></ref></property>
	  <property name="position"><value>3</value></property>
	</bean>
	<bean id="banner_view_all_cursor_param_4" class="net.bcgi.util.db.ResultSetParam" scope="singleton">
	  <property name="procedureColumnName"><value>created_on</value></property>
	  <property name="mapTo"><value>created_on</value></property>
	  <property name="columnType"><ref bean="java.sql.Types.VARCHAR"></ref></property>
	  <property name="position"><value>4</value></property>
	</bean>
	<bean id="banner_view_all_cursor_param_5" class="net.bcgi.util.db.ResultSetParam" scope="singleton">
	  <property name="procedureColumnName"><value>updated_by</value></property>
	  <property name="mapTo"><value>updated_by</value></property>
	  <property name="columnType"><ref bean="java.sql.Types.VARCHAR"></ref></property>
	  <property name="position"><value>5</value></property>
	</bean>
	<bean id="banner_view_all_cursor_param_6" class="net.bcgi.util.db.ResultSetParam" scope="singleton">
	  <property name="procedureColumnName"><value>title</value></property>
	  <property name="mapTo"><value>title</value></property>
	  <property name="columnType"><ref bean="java.sql.Types.VARCHAR"></ref></property>
	  <property name="position"><value>6</value></property>
	</bean>

	
	<bean id="banner_view_all_param_1" class="net.bcgi.util.db.ParamDef" scope="singleton">
	<property name="name"><value>pi_network_id</value></property>
	<property name="mapTo"><value>pi_network_id</value></property>
	<property name="type"><ref bean="java.sql.Types.BIGINT"></ref></property>
	<property name="position"><value>1</value></property>
	<property name="parameterType"><ref bean="net.bcgi.util.db.ParamDef.IN"></ref></property>
	</bean>
	<bean id="banner_view_all_param_2" class="net.bcgi.util.db.ParamDef" scope="singleton">
	<property name="name"><value>pi_status</value></property>
	<property name="mapTo"><value>status</value></property>
	<property name="type"><ref bean="java.sql.Types.VARCHAR"></ref></property>
	<property name="position"><value>2</value></property>
	<property name="parameterType"><ref bean="net.bcgi.util.db.ParamDef.IN"></ref></property>
	</bean>
	<bean id="banner_view_all_param_3" class="net.bcgi.util.db.ParamDef" scope="singleton">
	<property name="name"><value>pi_flag</value></property>
	<property name="mapTo"><value>flag</value></property>
	<property name="type"><ref bean="java.sql.Types.VARCHAR"></ref></property>
	<property name="position"><value>3</value></property>
	<property name="parameterType"><ref bean="net.bcgi.util.db.ParamDef.IN"></ref></property>
	</bean>
	
	<bean id="banner_view_all_param_4" class="net.bcgi.util.db.ParamDef" scope="singleton">
	<property name="name"><value>pi_type</value></property>
	<property name="mapTo"><value>type</value></property>
	<property name="type"><ref bean="java.sql.Types.VARCHAR"></ref></property>
	<property name="position"><value>4</value></property>
	<property name="parameterType"><ref bean="net.bcgi.util.db.ParamDef.IN"></ref></property>
	</bean>
	<bean id="banner_view_all_param_5" class="net.bcgi.util.db.ParamDef" scope="singleton">
	<property name="name"><value>pi_id</value></property>
	<property name="mapTo"><value>ID</value></property>
	<property name="type"><ref bean="java.sql.Types.VARCHAR"></ref></property>
	<property name="position"><value>5</value></property>
	<property name="parameterType"><ref bean="net.bcgi.util.db.ParamDef.IN"></ref></property>
	</bean>
	<bean id="banner_view_all_param_6" class="net.bcgi.util.db.ParamDef" scope="singleton">
	<property name="name"><value>pi_max_records</value></property>
	<property name="mapTo"><value>maxRecords</value></property>
	<property name="type"><ref bean="java.sql.Types.BIGINT"></ref></property>
	<property name="position"><value>6</value></property>
	<property name="parameterType"><ref bean="net.bcgi.util.db.ParamDef.IN"></ref></property>
	</bean>
	<bean id="banner_view_all_param_7" class="net.bcgi.util.db.ParamDef" scope="singleton">
	<property name="name"><value>po_sales</value></property>
	<property name="mapTo"><value>bannerList</value></property>
	<property name="type"><ref bean="java.sql.Types.ARRAY"></ref></property>
	<property name="arrayName"><value>ARR_VARCHAR</value></property>
	<property name="position"><value>7</value></property>
	<property name="parameterType"><ref bean="net.bcgi.util.db.ParamDef.OUT"></ref></property>
	</bean>
	<bean id="banner_view_all_param_8" class="net.bcgi.util.db.ParamDef" scope="singleton">
	<property name="name"><value>po_banner_view</value></property>
	<property name="mapTo"><value>po_banner_view</value></property>
	<property name="type"><ref bean="oracle.jdbc.driver.OracleTypes.CURSOR"></ref></property>
	<property name="position"><value>8</value></property>
	<property name="parameterType"><ref bean="net.bcgi.util.db.ParamDef.OUT"></ref></property>
	</bean>
	<bean id="banner_view_all_param_9" class="net.bcgi.util.db.ParamDef" scope="singleton">
	  <property name="name"><value>po_error_code</value></property>
	  <property name="mapTo"><value>po_error_code</value></property>
	  <property name="type"><ref bean="java.sql.Types.BIGINT"></ref></property>
	  <property name="position"><value>9</value></property>
	  <property name="parameterType"><ref bean="net.bcgi.util.db.ParamDef.OUT"></ref></property>
	</bean> 
</beans>