<?xml version="1.0" encoding="UTF-8" ?>
<!-- ====================================================================== -->
<!--                                                                        -->
<!-- XIUS-bcgi Login Agent            -->
<!--                                                                       -->
<!-- $Id: //depot/xb/MSP1.0/MSP-AWS/agents/iba/main/config/configxmls/proc-config/submgmt/get_sub_viwe_data.xml#1 $     -->
<!-- This file  will maps the SP input parameters to java fields. -->
<!-- $Author: shashidhar.p $  $DateTime: 2023/08/04 15:19:58 $ $Change: 224525 $      -->
<!-- ====================================================================== -->

<!DOCTYPE beans PUBLIC "-//SPRING//DTD BEAN//EN" "http://www.springframework.org/dtd/spring-beans.dtd">
<beans>
	<!--  import standard constants used in all bean files -->
	<!-- start get_sub_view_data -->
	<bean id="get_sub_viwe_data"
		class="net.bcgi.util.db.SPDefinition" scope="singleton">
		<property name="name"><value>CS_PKG_SEARCH_ACCOUNT.GET_SUB_VIEW_DATA</value></property>
		<property name="returnsResult"><value>false</value></property>
		<property name="parameters">
			<list>
				<ref bean="get_sub_viwe_data_param_1"></ref>
				<ref bean="get_sub_viwe_data_param_2"></ref>
				<ref bean="get_sub_viwe_data_param_3"></ref>
				<ref bean="get_sub_viwe_data_param_4"></ref>
				<ref bean="get_sub_viwe_data_param_5"></ref>
				<ref bean="get_sub_viwe_data_param_6"></ref>
				<ref bean="get_sub_viwe_data_param_7"></ref>
				<ref bean="get_sub_viwe_data_param_8"></ref>
				<ref bean="get_sub_viwe_data_param_9"></ref>
				<ref bean="get_sub_viwe_data_param_10"></ref>
				<ref bean="get_sub_viwe_data_param_11"></ref>
				<ref bean="get_sub_viwe_data_param_12"></ref>
				<ref bean="get_sub_viwe_data_param_13"></ref>
				<ref bean="get_sub_viwe_data_param_14"></ref>
				<ref bean="get_sub_viwe_data_param_15"></ref>
				<ref bean="get_sub_viwe_data_param_16"></ref>
				<ref bean="get_sub_viwe_data_param_17"></ref>
			</list>
		</property>
	</bean>
      
	<bean id="get_sub_viwe_data_param_1"
			class="net.bcgi.util.db.ParamDef" scope="singleton">
			<property name="name"><value>pi_network_id</value></property>
			<property name="mapTo"><value>pi_network_id</value></property>
			<property name="type"><ref bean="java.sql.Types.BIGINT"></ref></property>
			<property name="position"><value>1</value></property>
			<property name="parameterType"><ref bean="net.bcgi.util.db.ParamDef.IN"></ref></property>
	</bean>
	<bean id="get_sub_viwe_data_param_2"
			class="net.bcgi.util.db.ParamDef" scope="singleton">
			<property name="name"><value>pi_account_id</value></property>
			<property name="mapTo"><value>pi_account_id</value></property>
			<property name="type"><ref bean="java.sql.Types.BIGINT"></ref></property>
			<property name="position"><value>2</value></property>
			<property name="parameterType"><ref bean="net.bcgi.util.db.ParamDef.IN"></ref></property>
	</bean>
	<bean id="get_sub_viwe_data_param_3"
			class="net.bcgi.util.db.ParamDef" scope="singleton">
			<property name="name"><value>pi_msisdn</value></property>
			<property name="mapTo"><value>pi_msisdn</value></property>
			<property name="type"><ref bean="java.sql.Types.BIGINT"></ref></property>
			<property name="position"><value>3</value></property>
			<property name="parameterType"><ref bean="net.bcgi.util.db.ParamDef.IN"></ref></property>
	</bean>
	<bean id="get_sub_viwe_data_param_4"
			class="net.bcgi.util.db.ParamDef" scope="singleton">
			<property name="name"><value>po_activation_date</value></property>
			<property name="mapTo"><value>po_activation_date</value></property>
			<property name="type"><ref bean="java.sql.Types.VARCHAR"></ref></property>
			<property name="position"><value>4</value></property>
			<property name="parameterType"><ref bean="net.bcgi.util.db.ParamDef.OUT"></ref></property>
	</bean>
	<bean id="get_sub_viwe_data_param_5"
			class="net.bcgi.util.db.ParamDef" scope="singleton">
			<property name="name"><value>po_account_status</value></property>
			<property name="mapTo"><value>po_account_status</value></property>
			<property name="type"><ref bean="java.sql.Types.VARCHAR"></ref></property>
			<property name="position"><value>5</value></property>
			<property name="parameterType"><ref bean="net.bcgi.util.db.ParamDef.OUT"></ref></property>
	</bean>
	<bean id="get_sub_viwe_data_param_6"
			class="net.bcgi.util.db.ParamDef" scope="singleton">
			<property name="name"><value>po_prepaid_acc_bal</value></property>
			<property name="mapTo"><value>po_prepaid_acc_bal</value></property>
			<property name="type"><ref bean="java.sql.Types.DECIMAL"></ref></property>
			<property name="position"><value>6</value></property>
			<property name="parameterType"><ref bean="net.bcgi.util.db.ParamDef.OUT"></ref></property>
	</bean>
	<bean id="get_sub_viwe_data_param_7"
			class="net.bcgi.util.db.ParamDef" scope="singleton">
			<property name="name"><value>po_sim</value></property>
			<property name="mapTo"><value>po_sim</value></property>
			<property name="type"><ref bean="java.sql.Types.VARCHAR"></ref></property>
			<property name="position"><value>7</value></property>
			<property name="parameterType"><ref bean="net.bcgi.util.db.ParamDef.OUT"></ref></property>
	</bean>
	<bean id="get_sub_viwe_data_param_8"
			class="net.bcgi.util.db.ParamDef" scope="singleton">
			<property name="name"><value>po_imsi</value></property>
			<property name="mapTo"><value>po_imsi</value></property>
			<property name="type"><ref bean="java.sql.Types.VARCHAR"></ref></property>
			<property name="position"><value>8</value></property>
			<property name="parameterType"><ref bean="net.bcgi.util.db.ParamDef.OUT"></ref></property>
	</bean>
		<bean id="get_sub_viwe_data_param_9"
			class="net.bcgi.util.db.ParamDef" scope="singleton">
			<property name="name"><value>po_exp_date</value></property>
			<property name="mapTo"><value>po_exp_date</value></property>
			<property name="type"><ref bean="java.sql.Types.VARCHAR"></ref></property>
			<property name="position"><value>9</value></property>
			<property name="parameterType"><ref bean="net.bcgi.util.db.ParamDef.OUT"></ref></property>
	</bean>
	<bean id="get_sub_viwe_data_param_10"
			class="net.bcgi.util.db.ParamDef" scope="singleton">
			<property name="name"><value>po_cancel_date</value></property>
			<property name="mapTo"><value>po_cancel_date</value></property>
			<property name="type"><ref bean="java.sql.Types.VARCHAR"></ref></property>
			<property name="position"><value>10</value></property>
			<property name="parameterType"><ref bean="net.bcgi.util.db.ParamDef.OUT"></ref></property>
	</bean>
	<bean id="get_sub_viwe_data_param_11"
			class="net.bcgi.util.db.ParamDef" scope="singleton">
			<property name="name"><value>po_validity_date</value></property>
			<property name="mapTo"><value>po_validity_date</value></property>
			<property name="type"><ref bean="java.sql.Types.VARCHAR"></ref></property>
			<property name="position"><value>11</value></property>
			<property name="parameterType"><ref bean="net.bcgi.util.db.ParamDef.OUT"></ref></property>
	</bean>
	<bean id="get_sub_viwe_data_param_12"
			class="net.bcgi.util.db.ParamDef" scope="singleton">
			<property name="name"><value>po_grace_period1</value></property>
			<property name="mapTo"><value>po_grace_period1</value></property>
			<property name="type"><ref bean="java.sql.Types.VARCHAR"></ref></property>
			<property name="position"><value>12</value></property>
			<property name="parameterType"><ref bean="net.bcgi.util.db.ParamDef.OUT"></ref></property>
	</bean>
	<bean id="get_sub_viwe_data_param_13"
			class="net.bcgi.util.db.ParamDef" scope="singleton">
			<property name="name"><value>po_grace_period2</value></property>
			<property name="mapTo"><value>po_grace_period2</value></property>
			<property name="type"><ref bean="java.sql.Types.VARCHAR"></ref></property>
			<property name="position"><value>13</value></property>
			<property name="parameterType"><ref bean="net.bcgi.util.db.ParamDef.OUT"></ref></property>
	</bean>
	<bean id="get_sub_viwe_data_param_14"
			class="net.bcgi.util.db.ParamDef" scope="singleton">
			<property name="name"><value>po_language</value></property>
			<property name="mapTo"><value>po_language</value></property>
			<property name="type"><ref bean="java.sql.Types.VARCHAR"></ref></property>
			<property name="position"><value>14</value></property>
			<property name="parameterType"><ref bean="net.bcgi.util.db.ParamDef.OUT"></ref></property>
	</bean>
	<bean id="get_sub_viwe_data_param_15"
			class="net.bcgi.util.db.ParamDef" scope="singleton">
			<property name="name"><value>po_ivr_pin</value></property>
			<property name="mapTo"><value>po_ivr_pin</value></property>
			<property name="type"><ref bean="java.sql.Types.VARCHAR"></ref></property>
			<property name="position"><value>15</value></property>
			<property name="parameterType"><ref bean="net.bcgi.util.db.ParamDef.OUT"></ref></property>
	</bean>
	<bean id="get_sub_viwe_data_param_16"
			class="net.bcgi.util.db.ParamDef" scope="singleton">
			<property name="name"><value>po_isported</value></property>
			<property name="mapTo"><value>po_isported</value></property>
			<property name="type"><ref bean="java.sql.Types.VARCHAR"></ref></property>
			<property name="position"><value>16</value></property>
			<property name="parameterType"><ref bean="net.bcgi.util.db.ParamDef.OUT"></ref></property>
	</bean>
	<bean id="get_sub_viwe_data_param_17" class="net.bcgi.util.db.ParamDef" scope="singleton">
			<property name="name"><value>po_error_code</value></property>
			<property name="mapTo"><value>po_error_code</value></property>
			<property name="type"><ref bean="java.sql.Types.BIGINT"></ref></property>
			<property name="position"><value>17</value></property>
			<property name="parameterType"><ref bean="net.bcgi.util.db.ParamDef.OUT"></ref></property>
	</bean>	
 </beans>
