<!--
	Requirement: MSP 4.0 CCUI enhancements 
	Usage	   : get_promo_details
	Author	   : Phani Chavala
	Date	   : 26th Mar 2012		 
-->
<!DOCTYPE beans PUBLIC "-//SPRING//DTD BEAN//EN" "http://www.springframework.org/dtd/spring-beans.dtd">
<beans>
	<bean id="get_promo_details" class="net.bcgi.util.db.SPDefinition" scope="prototype">
		<property name="name"><value>CLC_PROMO_PACKAGE.get_promo_details</value></property>
		<property name="returnsResult"><value>false</value></property>
		<property name="parameters">
			<list> <!--  parameter list -->
				<ref bean="get_promo_details_param_1"></ref>
				<ref bean="get_promo_details_param_2"></ref>
				<ref bean="get_promo_details_param_3"></ref>		
				<ref bean="get_promo_details_param_4"></ref>
				<ref bean="get_promo_details_param_5"></ref>				
			</list>
		</property>
		<property name="refCursors">
			<map>
				<entry key="4">
					<ref bean="po_promo_details_ref"/>
				</entry>
			</map>
		</property>
	</bean>
	<bean id="po_promo_details_ref"
		class="net.bcgi.util.db.ResultSetDef" scope="prototype">
		<property name="resultSetParams">
			<list>
				<ref bean="po_promo_details_cursor_param_1"></ref>
				<ref bean="po_promo_details_cursor_param_2"></ref>
				<ref bean="po_promo_details_cursor_param_3"></ref>
				<ref bean="po_promo_details_cursor_param_4"></ref>
				<ref bean="po_promo_details_cursor_param_5"></ref>
				<ref bean="po_promo_details_cursor_param_6"></ref>
				<ref bean="po_promo_details_cursor_param_7"></ref>
				<ref bean="po_promo_details_cursor_param_8"></ref>
				<ref bean="po_promo_details_cursor_param_9"></ref>
				<ref bean="po_promo_details_cursor_param_10"></ref>
				<ref bean="po_promo_details_cursor_param_11"></ref>
				
			</list>
		</property>
		<property name="className" value="com.xius.billing.agent.domaindata.impl.submgmt.GetPromoDetailsCursorData"/>
	</bean>
	
	<bean id="po_promo_details_cursor_param_1" class="net.bcgi.util.db.ResultSetParam" scope="singleton">
	  <property name="procedureColumnName"><value>promo_key</value></property>
	  <property name="mapTo"><value>key</value></property>
	  <property name="columnType"><ref bean="java.sql.Types.BIGINT"></ref></property>
	  <property name="position"><value>1</value></property>
	</bean>
	<bean id="po_promo_details_cursor_param_2" class="net.bcgi.util.db.ResultSetParam" scope="singleton">
	  <property name="procedureColumnName"><value>promo_name</value></property>
	  <property name="mapTo"><value>name</value></property>
	  <property name="columnType"><ref bean="java.sql.Types.VARCHAR"></ref></property>
	  <property name="position"><value>2</value></property>
	</bean>
	<bean id="po_promo_details_cursor_param_3" class="net.bcgi.util.db.ResultSetParam" scope="singleton">
	  <property name="procedureColumnName"><value>start_date</value></property>
	  <property name="mapTo"><value>startDate</value></property>
	  <property name="columnType"><ref bean="java.sql.Types.VARCHAR"></ref></property>
	  <property name="position"><value>3</value></property>
	</bean>
	<bean id="po_promo_details_cursor_param_4" class="net.bcgi.util.db.ResultSetParam" scope="singleton">
	  <property name="procedureColumnName"><value>end_date</value></property>
	  <property name="mapTo"><value>endDate</value></property>
	  <property name="columnType"><ref bean="java.sql.Types.VARCHAR"></ref></property>
	  <property name="position"><value>4</value></property>
	</bean>
	<bean id="po_promo_details_cursor_param_5" class="net.bcgi.util.db.ResultSetParam" scope="singleton">
	  <property name="procedureColumnName"><value>upload_by</value></property>
	  <property name="mapTo"><value>upldBy</value></property>
	  <property name="columnType"><ref bean="java.sql.Types.VARCHAR"></ref></property>
	  <property name="position"><value>5</value></property>
	</bean>
	<bean id="po_promo_details_cursor_param_6" class="net.bcgi.util.db.ResultSetParam" scope="singleton">
	  <property name="procedureColumnName"><value>upld_date</value></property>
	  <property name="mapTo"><value>upldDate</value></property>
	  <property name="columnType"><ref bean="java.sql.Types.VARCHAR"></ref></property>
	  <property name="position"><value>6</value></property>
	</bean>
	<bean id="po_promo_details_cursor_param_7" class="net.bcgi.util.db.ResultSetParam" scope="singleton">
	  <property name="procedureColumnName"><value>aprvd_by</value></property>
	  <property name="mapTo"><value>aprvdBy</value></property>
	  <property name="columnType"><ref bean="java.sql.Types.VARCHAR"></ref></property>
	  <property name="position"><value>7</value></property>
	</bean>
	<bean id="po_promo_details_cursor_param_8" class="net.bcgi.util.db.ResultSetParam" scope="singleton">
	  <property name="procedureColumnName"><value>aprvd_date</value></property>
	  <property name="mapTo"><value>aprvdDate</value></property>
	  <property name="columnType"><ref bean="java.sql.Types.VARCHAR"></ref></property>
	  <property name="position"><value>8</value></property>
	</bean>
	<bean id="po_promo_details_cursor_param_9" class="net.bcgi.util.db.ResultSetParam" scope="singleton">
	  <property name="procedureColumnName"><value>status</value></property>
	  <property name="mapTo"><value>status</value></property>
	  <property name="columnType"><ref bean="java.sql.Types.VARCHAR"></ref></property>
	  <property name="position"><value>9</value></property>
	</bean>
	<bean id="po_promo_details_cursor_param_10" class="net.bcgi.util.db.ResultSetParam" scope="singleton">
	  <property name="procedureColumnName"><value>face_value</value></property>
	  <property name="mapTo"><value>faceValue</value></property>
	  <property name="columnType"><ref bean="java.sql.Types.DECIMAL"></ref></property>
	  <property name="position"><value>10</value></property>
	</bean>
	<bean id="po_promo_details_cursor_param_11" class="net.bcgi.util.db.ResultSetParam" scope="singleton">
	  <property name="procedureColumnName"><value>remarks</value></property>
	  <property name="mapTo"><value>remarks</value></property>
	  <property name="columnType"><ref bean="java.sql.Types.VARCHAR"></ref></property>
	  <property name="position"><value>11</value></property>
	</bean>
	<!-- End of cursor mapping -->
	
	<bean id="get_promo_details_param_1" class="net.bcgi.util.db.ParamDef" scope="singleton">
		<property name="name"><value>pi_promo_key</value></property>
		<property name="mapTo"><value>promoKey</value></property>
		<property name="type"><ref bean="java.sql.Types.BIGINT"></ref></property>
		<property name="position"><value>1</value></property>
		<property name="parameterType"><ref bean="net.bcgi.util.db.ParamDef.IN"></ref></property>
	</bean>
	<bean id="get_promo_details_param_2" class="net.bcgi.util.db.ParamDef" scope="singleton">
		<property name="name"><value>pi_promo_name</value></property>
		<property name="mapTo"><value>promoName</value></property>
		<property name="type"><ref bean="java.sql.Types.VARCHAR"></ref></property>
		<property name="position"><value>2</value></property>
		<property name="parameterType"><ref bean="net.bcgi.util.db.ParamDef.IN"></ref></property>
	</bean>
	<bean id="get_promo_details_param_3" class="net.bcgi.util.db.ParamDef" scope="singleton">
		<property name="name"><value>pi_status</value></property>
		<property name="mapTo"><value>status</value></property>
		<property name="type"><ref bean="java.sql.Types.VARCHAR"></ref></property>
		<property name="position"><value>3</value></property>
		<property name="parameterType"><ref bean="net.bcgi.util.db.ParamDef.IN"></ref></property>
	</bean>
	
	<bean id="get_promo_details_param_4" class="net.bcgi.util.db.ParamDef" scope="singleton">
  		<property name="name"><value>po_report</value></property>
  		<property name="mapTo"><value>promoDetailsCursor</value></property>
  		<property name="type"><ref bean="oracle.jdbc.driver.OracleTypes.CURSOR"></ref></property>
  		<property name="position"><value>4</value></property>
  		<property name="parameterType"><ref bean="net.bcgi.util.db.ParamDef.OUT"></ref></property>
	</bean>
	<bean id="get_promo_details_param_5" class="net.bcgi.util.db.ParamDef" scope="singleton">
		<property name="name"><value>po_error_code</value></property>
		<property name="mapTo"><value>po_error_code</value></property>
		<property name="type"><ref bean="java.sql.Types.BIGINT"></ref></property>
		<property name="position"><value>5</value></property>
		<property name="parameterType"><ref bean="net.bcgi.util.db.ParamDef.OUT"></ref></property>
	</bean>	
	
</beans>