<?xml version="1.0" encoding="UTF-8" ?>
<!-- ====================================================================== -->
<!--                                                                        -->
<!-- XIUS-bcgi Login Agent            -->
<!--                                                                       -->
<!-- $Id: //depot/xb/MSP1.0/MSP-AWS/agents/iba/main/config/configxmls/proc-config/submgmt/get_bundle_info.xml#1 $     -->
<!-- This file  will maps the SP input parameters to java fields. -->
<!-- $Author: shashidhar.p $  $DateTime: 2023/08/04 15:19:58 $ $Change: 224525 $      -->
<!-- ====================================================================== -->

<!DOCTYPE beans PUBLIC "-//SPRING//DTD BEAN//EN" "http://www.springframework.org/dtd/spring-beans.dtd">
<beans>
	<!--  import standard constants used in all bean files -->
	<!-- start get_buckets -->
	<bean id="get_bundle_info"
		class="net.bcgi.util.db.SPDefinition" scope="singleton">
		<property name="name"><value>CS_PKG_SEARCH_ACCOUNT.get_bundle_info</value></property>
		<property name="returnsResult"><value>false</value></property>
		<property name="parameters">
			<list>
				<ref bean="get_bundle_info_param_1"></ref>
				<ref bean="get_bundle_info_param_2"></ref>
				<ref bean="get_bundle_info_param_3"></ref>
				<ref bean="get_bundle_info_param_4"></ref>
				<ref bean="get_bundle_info_param_5"></ref>
				<ref bean="get_bundle_info_param_6"></ref>
			</list>
		</property>
	</bean>
	
	<bean id="get_bundle_info_param_1"
			class="net.bcgi.util.db.ParamDef" scope="singleton">
			<property name="name"><value>pi_network_id</value></property>
			<property name="mapTo"><value>pi_network_id</value></property>
			<property name="type"><ref bean="java.sql.Types.BIGINT"></ref></property>
			<property name="position"><value>1</value></property>
			<property name="parameterType"><ref bean="net.bcgi.util.db.ParamDef.IN"></ref></property>
	</bean>
	<bean id="get_bundle_info_param_2"
			class="net.bcgi.util.db.ParamDef" scope="singleton">
			<property name="name"><value>pi_account_id</value></property>
			<property name="mapTo"><value>pi_account_id</value></property>
			<property name="type"><ref bean="java.sql.Types.BIGINT"></ref></property>
			<property name="position"><value>2</value></property>
			<property name="parameterType"><ref bean="net.bcgi.util.db.ParamDef.IN"></ref></property>
	</bean>

	<bean id="get_bundle_info_param_3"
			class="net.bcgi.util.db.ParamDef" scope="singleton">
			<property name="name"><value>pi_msisdn</value></property>
			<property name="mapTo"><value>pi_msisdn</value></property>
			<property name="type"><ref bean="java.sql.Types.BIGINT"></ref></property>
			<property name="position"><value>3</value></property>
			<property name="parameterType"><ref bean="net.bcgi.util.db.ParamDef.IN"></ref></property>
	</bean>
	
	<bean id="get_bundle_info_param_4"
			class="net.bcgi.util.db.ParamDef" scope="singleton">
			<property name="name"><value>po_bundle_id</value></property>
			<property name="mapTo"><value>po_bundle_id</value></property>
			<property name="type"><ref bean="java.sql.Types.ARRAY"></ref></property>
			<property name="arrayName"><value>ARR_NUMB</value></property>
			<property name="position"><value>4</value></property>
			<property name="parameterType"><ref bean="net.bcgi.util.db.ParamDef.OUT"></ref></property>
	</bean>
	<bean id="get_bundle_info_param_5"
			class="net.bcgi.util.db.ParamDef" scope="singleton">
			<property name="name"><value>po_bundle_name</value></property>
			<property name="mapTo"><value>po_bundle_name</value></property>
			<property name="type"><ref bean="java.sql.Types.ARRAY"></ref></property>
			<property name="arrayName"><value>ARR_VARCHAR</value></property>
			<property name="position"><value>5</value></property>
			<property name="parameterType"><ref bean="net.bcgi.util.db.ParamDef.OUT"></ref></property>
	</bean>
	<bean id="get_bundle_info_param_6" class="net.bcgi.util.db.ParamDef" scope="singleton">
			<property name="name"><value>po_error_code</value></property>
			<property name="mapTo"><value>po_error_code</value></property>
			<property name="type"><ref bean="java.sql.Types.BIGINT"></ref></property>
			<property name="position"><value>6</value></property>
			<property name="parameterType"><ref bean="net.bcgi.util.db.ParamDef.OUT"></ref></property>
	</bean>
	
 </beans>
