<?xml version="1.0" encoding="UTF-8" ?>
<!-- ====================================================================== -->
<!--                                                                        -->
<!-- XIUS-bcgi SMSC Agent            -->
<!--                                                                       -->
<!-- $Id: //depot/xb/MSP1.0/MSP-AWS/agents/iba/main/config/configxmls/proc-config/submgmt/get_npanxx_froexp.xml#1 $     -->
<!-- This file  will maps the SP input parameters to java fields. -->
<!-- $Author: shashidhar.p $  $DateTime: 2023/08/04 15:19:58 $ $Change: 224525 $      -->
<!-- ====================================================================== -->

<!DOCTYPE beans PUBLIC "-//SPRING//DTD BEAN//EN" "http://www.springframework.org/dtd/spring-beans.dtd">

<beans>
	<!-- start sp_bos_add_device -->
	
	<bean id="get_npanxx_forexp" class="net.bcgi.util.db.SPDefinition" scope="singleton">
		<property name="name"><value>CS_SUBSCRIBER_MANAGEMENT.get_npanxx_forexp</value></property>
		<property name="returnsResult"><value>false</value></property>
		<property name="parameters">
			<list>
				<ref bean="get_npanxx_forexp_param_1"></ref>
				<ref bean="get_npanxx_forexp_param_2"></ref>
				<ref bean="get_npanxx_forexp_param_3"></ref>
				<ref bean="get_npanxx_forexp_param_4"></ref>
				<ref bean="get_npanxx_forexp_param_5"></ref>
				<ref bean="get_npanxx_forexp_param_6"></ref>
			</list>
		</property>
		<property name="refCursors">
			<map>
				<entry key="5">
					<ref bean="po_npa_nxx_forexp"/>
				</entry>
			</map>
		</property>
	</bean>
	
	<bean id="po_npa_nxx_forexp"
		class="net.bcgi.util.db.ResultSetDef" scope="prototype">
		<property name="resultSetParams">
			<list>
				<ref bean="po_npa_nxx_forexp_param_1"></ref>
			</list>
		</property>
		<property name="className" value="com.xius.billing.agent.domaindata.impl.submgmt.GetNPANXXCursorData"/>
	</bean>
	
	<bean id="po_npa_nxx_forexp_param_1" class="net.bcgi.util.db.ResultSetParam" scope="singleton">
	  <property name="procedureColumnName"><value>npanxx</value></property>
	  <property name="mapTo"><value>npanxx</value></property>
	  <property name="columnType"><ref bean="java.sql.Types.BIGINT"></ref></property>
	  <property name="position"><value>1</value></property>
	</bean>
	
	<bean id="get_npanxx_forexp_param_1" class="net.bcgi.util.db.ParamDef" scope="singleton">
			<property name="name"><value>pi_network_id</value></property>
			<property name="mapTo"><value>pi_network_id</value></property>
			<property name="type"><ref bean="java.sql.Types.BIGINT"></ref></property>
			<property name="position"><value>1</value></property>
			<property name="parameterType"><ref bean="net.bcgi.util.db.ParamDef.IN"></ref></property>
	</bean>
	<bean id="get_npanxx_forexp_param_2" class="net.bcgi.util.db.ParamDef" scope="singleton">
			<property name="name"><value>pi_zipcode</value></property>
			<property name="mapTo"><value>pi_zipcode</value></property>
			<property name="type"><ref bean="java.sql.Types.BIGINT"></ref></property>
			<property name="position"><value>2</value></property>
			<property name="parameterType"><ref bean="net.bcgi.util.db.ParamDef.IN"></ref></property>
	</bean>
	<bean id="get_npanxx_forexp_param_3" class="net.bcgi.util.db.ParamDef" scope="singleton">
			<property name="name"><value>pi_account_id</value></property>
			<property name="mapTo"><value>pi_account_id</value></property>
			<property name="type"><ref bean="java.sql.Types.BIGINT"></ref></property>
			<property name="position"><value>3</value></property>
			<property name="parameterType"><ref bean="net.bcgi.util.db.ParamDef.IN"></ref></property>
	</bean>
	
	<bean id="get_npanxx_forexp_param_4" class="net.bcgi.util.db.ParamDef" scope="singleton">
			<property name="name"><value>pi_loginid</value></property>
			<property name="mapTo"><value>pi_user_id</value></property>
			<property name="type"><ref bean="java.sql.Types.VARCHAR"></ref></property>
			<property name="position"><value>4</value></property>
			<property name="parameterType"><ref bean="net.bcgi.util.db.ParamDef.IN"></ref></property>
	</bean>
	<bean id="get_npanxx_forexp_param_5" class="net.bcgi.util.db.ParamDef" scope="singleton">
			<property name="name"><value>po_npa_nxx</value></property>
			<property name="mapTo"><value>po_npa_nxx</value></property>
			<property name="type"><ref bean="oracle.jdbc.driver.OracleTypes.CURSOR"></ref></property>
			<property name="position"><value>5</value></property>
			<property name="parameterType"><ref bean="net.bcgi.util.db.ParamDef.OUT"></ref></property>
	</bean>
	<bean id="get_npanxx_forexp_param_6" class="net.bcgi.util.db.ParamDef" scope="singleton">
			<property name="name"><value>po_error_code</value></property>
			<property name="mapTo"><value>po_error_code</value></property>
			<property name="type"><ref bean="java.sql.Types.BIGINT"></ref></property>
			<property name="position"><value>6</value></property>
			<property name="parameterType"><ref bean="net.bcgi.util.db.ParamDef.OUT"></ref></property>
	</bean>
 </beans>