<?xml version="1.0" encoding="UTF-8" ?>
<!-- ====================================================================== -->
<!--                                                                        -->
<!-- XIUS-bcgi Login Agent            -->
<!--                                                                       -->
<!-- $Id: //depot/xb/MSP1.0/MSP-AWS/agents/iba/main/config/configxmls/proc-config/submgmt/get_subs_data.xml#1 $     -->
<!-- This file  will maps the SP input parameters to java fields. -->
<!-- $Author: shashidhar.p $  $DateTime: 2023/08/04 15:19:58 $ $Change: 224525 $      -->
<!-- ====================================================================== -->

<!DOCTYPE beans PUBLIC "-//SPRING//DTD BEAN//EN" "http://www.springframework.org/dtd/spring-beans.dtd">
<beans>
	<!--  import standard constants used in all bean files -->
	<!-- start get_sub_view_data -->
	<bean id="get_subs_data"
		class="net.bcgi.util.db.SPDefinition" scope="singleton">
		<property name="name"><value>cs_pkg_ivr_ussd_feature_mgmt.get_subs_data</value></property>
		<property name="returnsResult"><value>false</value></property>
		<property name="parameters">
			<list>
				<ref bean="get_subs_data_param_1"></ref>
				<ref bean="get_subs_data_param_2"></ref>
				<ref bean="get_subs_data_param_3"></ref>
				<ref bean="get_subs_data_param_4"></ref>
				<ref bean="get_subs_data_param_5"></ref>
				<ref bean="get_subs_data_param_6"></ref>
				<ref bean="get_subs_data_param_7"></ref>
				<ref bean="get_subs_data_param_8"></ref>
				<ref bean="get_subs_data_param_9"></ref>
				<ref bean="get_subs_data_param_10"></ref>
				<ref bean="get_subs_data_param_11"></ref>
				<ref bean="get_subs_data_param_12"></ref>
				<ref bean="get_subs_data_param_13"></ref>
				<ref bean="get_subs_data_param_14"></ref>
				<ref bean="get_subs_data_param_15"></ref>
				<ref bean="get_subs_data_param_16"></ref>
				<ref bean="get_subs_data_param_17"></ref>
				<ref bean="get_subs_data_param_18"></ref>
				<ref bean="get_subs_data_param_19"></ref>
				<ref bean="get_subs_data_param_20"></ref>
				<ref bean="get_subs_data_param_21"></ref>
				<ref bean="get_subs_data_param_22"></ref>
				<ref bean="get_subs_data_param_23"></ref>
				<ref bean="get_subs_data_param_24"></ref>
				<ref bean="get_subs_data_param_25"></ref>
				<ref bean="get_subs_data_param_26"></ref>
				<ref bean="get_subs_data_param_27"></ref>
				<ref bean="get_subs_data_param_28"></ref>
				<ref bean="get_subs_data_param_29"></ref>
				<ref bean="get_subs_data_param_30"></ref>
			</list>
		</property>
	</bean>
    
    <bean id="get_subs_data_param_1"
			class="net.bcgi.util.db.ParamDef" scope="singleton">
			<property name="name"><value>pi_account_id</value></property>
			<property name="mapTo"><value>pi_account_id</value></property>
			<property name="type"><ref bean="java.sql.Types.BIGINT"></ref></property>
			<property name="position"><value>1</value></property>
			<property name="parameterType"><ref bean="net.bcgi.util.db.ParamDef.IN_OUT"></ref></property>
	</bean>
	<bean id="get_subs_data_param_2"
			class="net.bcgi.util.db.ParamDef" scope="singleton">
			<property name="name"><value>pi_msisdn</value></property>
			<property name="mapTo"><value>pi_msisdn</value></property>
			<property name="type"><ref bean="java.sql.Types.BIGINT"></ref></property>
			<property name="position"><value>2</value></property>
			<property name="parameterType"><ref bean="net.bcgi.util.db.ParamDef.IN_OUT"></ref></property>
	</bean>  
	<bean id="get_subs_data_param_3"
			class="net.bcgi.util.db.ParamDef" scope="singleton">
			<property name="name"><value>pi_sim</value></property>
			<property name="mapTo"><value>pi_sim</value></property>
			<property name="type"><ref bean="java.sql.Types.VARCHAR"></ref></property>
			<property name="position"><value>3</value></property>
			<property name="parameterType"><ref bean="net.bcgi.util.db.ParamDef.IN_OUT"></ref></property>
	</bean>
	<bean id="get_subs_data_param_4"
			class="net.bcgi.util.db.ParamDef" scope="singleton">
			<property name="name"><value>pi_imsi</value></property>
			<property name="mapTo"><value>pi_imsi</value></property>
			<property name="type"><ref bean="java.sql.Types.BIGINT"></ref></property>
			<property name="position"><value>4</value></property>
			<property name="parameterType"><ref bean="net.bcgi.util.db.ParamDef.IN_OUT"></ref></property>
	</bean>
	
	
	<bean id="get_subs_data_param_5"
			class="net.bcgi.util.db.ParamDef" scope="singleton">
			<property name="name"><value>po_activation_date</value></property>
			<property name="mapTo"><value>po_activation_date</value></property>
			<property name="type"><ref bean="java.sql.Types.VARCHAR"></ref></property>
			<property name="position"><value>5</value></property>
			<property name="parameterType"><ref bean="net.bcgi.util.db.ParamDef.OUT"></ref></property>
	</bean>
	<bean id="get_subs_data_param_6"
			class="net.bcgi.util.db.ParamDef" scope="singleton">
			<property name="name"><value>po_account_status</value></property>
			<property name="mapTo"><value>po_account_status</value></property>
			<property name="type"><ref bean="java.sql.Types.VARCHAR"></ref></property>
			<property name="position"><value>6</value></property>
			<property name="parameterType"><ref bean="net.bcgi.util.db.ParamDef.OUT"></ref></property>
	</bean>
	<bean id="get_subs_data_param_7"
			class="net.bcgi.util.db.ParamDef" scope="singleton">
			<property name="name"><value>po_prepaid_acc_bal</value></property>
			<property name="mapTo"><value>po_prepaid_acc_bal</value></property>
			<property name="type"><ref bean="java.sql.Types.DECIMAL"></ref></property>
			<property name="position"><value>7</value></property>
			<property name="parameterType"><ref bean="net.bcgi.util.db.ParamDef.OUT"></ref></property>
	</bean>
	<bean id="get_subs_data_param_8"
			class="net.bcgi.util.db.ParamDef" scope="singleton">
			<property name="name"><value>pio_networkId</value></property>
			<property name="mapTo"><value>pio_networkId</value></property>
			<property name="type"><ref bean="java.sql.Types.BIGINT"></ref></property>
			<property name="position"><value>8</value></property>
			<property name="parameterType"><ref bean="net.bcgi.util.db.ParamDef.IN_OUT"></ref></property>
	</bean>
	
		<bean id="get_subs_data_param_9"
			class="net.bcgi.util.db.ParamDef" scope="singleton">
			<property name="name"><value>po_exp_date</value></property>
			<property name="mapTo"><value>po_exp_date</value></property>
			<property name="type"><ref bean="java.sql.Types.VARCHAR"></ref></property>
			<property name="position"><value>9</value></property>
			<property name="parameterType"><ref bean="net.bcgi.util.db.ParamDef.OUT"></ref></property>
	</bean>
	<bean id="get_subs_data_param_10"
			class="net.bcgi.util.db.ParamDef" scope="singleton">
			<property name="name"><value>po_cancel_date</value></property>
			<property name="mapTo"><value>po_cancel_date</value></property>
			<property name="type"><ref bean="java.sql.Types.VARCHAR"></ref></property>
			<property name="position"><value>10</value></property>
			<property name="parameterType"><ref bean="net.bcgi.util.db.ParamDef.OUT"></ref></property>
	</bean>
	<bean id="get_subs_data_param_11"
			class="net.bcgi.util.db.ParamDef" scope="singleton">
			<property name="name"><value>po_validity_date</value></property>
			<property name="mapTo"><value>po_validity_date</value></property>
			<property name="type"><ref bean="java.sql.Types.VARCHAR"></ref></property>
			<property name="position"><value>11</value></property>
			<property name="parameterType"><ref bean="net.bcgi.util.db.ParamDef.OUT"></ref></property>
	</bean>
	<bean id="get_subs_data_param_12"
			class="net.bcgi.util.db.ParamDef" scope="singleton">
			<property name="name"><value>po_grace_period1</value></property>
			<property name="mapTo"><value>po_grace_period1</value></property>
			<property name="type"><ref bean="java.sql.Types.VARCHAR"></ref></property>
			<property name="position"><value>12</value></property>
			<property name="parameterType"><ref bean="net.bcgi.util.db.ParamDef.OUT"></ref></property>
	</bean>
	<bean id="get_subs_data_param_13"
			class="net.bcgi.util.db.ParamDef" scope="singleton">
			<property name="name"><value>po_grace_period2</value></property>
			<property name="mapTo"><value>po_grace_period2</value></property>
			<property name="type"><ref bean="java.sql.Types.VARCHAR"></ref></property>
			<property name="position"><value>13</value></property>
			<property name="parameterType"><ref bean="net.bcgi.util.db.ParamDef.OUT"></ref></property>
	</bean>
	<bean id="get_subs_data_param_14"
			class="net.bcgi.util.db.ParamDef" scope="singleton">
			<property name="name"><value>po_ivr_language_id</value></property>
			<property name="mapTo"><value>po_IVR_lang_id</value></property>
			<property name="type"><ref bean="java.sql.Types.VARCHAR"></ref></property>
			<property name="position"><value>14</value></property>
			<property name="parameterType"><ref bean="net.bcgi.util.db.ParamDef.OUT"></ref></property>
	</bean>
	<bean id="get_subs_data_param_15"
			class="net.bcgi.util.db.ParamDef" scope="singleton">
			<property name="name"><value>po_ivr_language_desc</value></property>
			<property name="mapTo"><value>po_IVR_lang_name</value></property>
			<property name="type"><ref bean="java.sql.Types.VARCHAR"></ref></property>
			<property name="position"><value>15</value></property>
			<property name="parameterType"><ref bean="net.bcgi.util.db.ParamDef.OUT"></ref></property>
	</bean>
	<bean id="get_subs_data_param_16"
			class="net.bcgi.util.db.ParamDef" scope="singleton">
			<property name="name"><value>po_ussd_language_id</value></property>
			<property name="mapTo"><value>po_USSD_lang_id</value></property>
			<property name="type"><ref bean="java.sql.Types.VARCHAR"></ref></property>
			<property name="position"><value>16</value></property>
			<property name="parameterType"><ref bean="net.bcgi.util.db.ParamDef.OUT"></ref></property>
	</bean>
	<bean id="get_subs_data_param_17"
			class="net.bcgi.util.db.ParamDef" scope="singleton">
			<property name="name"><value>po_ussd_language_desc</value></property>
			<property name="mapTo"><value>po_USSD_lang_name</value></property>
			<property name="type"><ref bean="java.sql.Types.VARCHAR"></ref></property>
			<property name="position"><value>17</value></property>
			<property name="parameterType"><ref bean="net.bcgi.util.db.ParamDef.OUT"></ref></property>
	</bean>	
	<bean id="get_subs_data_param_18"
			class="net.bcgi.util.db.ParamDef" scope="singleton">
			<property name="name"><value>po_isported</value></property>
			<property name="mapTo"><value>po_isported</value></property>
			<property name="type"><ref bean="java.sql.Types.VARCHAR"></ref></property>
			<property name="position"><value>18</value></property>
			<property name="parameterType"><ref bean="net.bcgi.util.db.ParamDef.OUT"></ref></property>
	</bean>
	<bean id="get_subs_data_param_19"
			class="net.bcgi.util.db.ParamDef" scope="singleton">
			<property name="name"><value>po_postpaid_acc_bal</value></property>
			<property name="mapTo"><value>po_postpaid_acc_bal</value></property>
			<property name="type"><ref bean="java.sql.Types.DECIMAL"></ref></property>
			<property name="position"><value>19</value></property>
			<property name="parameterType"><ref bean="net.bcgi.util.db.ParamDef.OUT"></ref></property>
	</bean>
	<bean id="get_subs_data_param_20"
			class="net.bcgi.util.db.ParamDef" scope="singleton">
			<property name="name"><value>po_id</value></property>
			<property name="mapTo"><value>po_Id_Value</value></property>
			<property name="type"><ref bean="java.sql.Types.VARCHAR"></ref></property>
			<property name="position"><value>20</value></property>
			<property name="parameterType"><ref bean="net.bcgi.util.db.ParamDef.OUT"></ref></property>
	</bean>
	<bean id="get_subs_data_param_21"
			class="net.bcgi.util.db.ParamDef" scope="singleton">
			<property name="name"><value>po_low_bal_thrsld1</value></property>
			<property name="mapTo"><value>po_low_bal_thrsld1</value></property>
			<property name="type"><ref bean="java.sql.Types.VARCHAR"></ref></property>
			<property name="position"><value>21</value></property>
			<property name="parameterType"><ref bean="net.bcgi.util.db.ParamDef.OUT"></ref></property>
	</bean>
	<bean id="get_subs_data_param_22"
			class="net.bcgi.util.db.ParamDef" scope="singleton">
			<property name="name"><value>po_low_bal_thrsld2</value></property>
			<property name="mapTo"><value>po_low_bal_thrsld2</value></property>
			<property name="type"><ref bean="java.sql.Types.VARCHAR"></ref></property>
			<property name="position"><value>22</value></property>
			<property name="parameterType"><ref bean="net.bcgi.util.db.ParamDef.OUT"></ref></property>
	</bean>
	<bean id="get_subs_data_param_23"
			class="net.bcgi.util.db.ParamDef" scope="singleton">
			<property name="name"><value>po_low_bal_thrsld3</value></property>
			<property name="mapTo"><value>po_low_bal_thrsld3</value></property>
			<property name="type"><ref bean="java.sql.Types.VARCHAR"></ref></property>
			<property name="position"><value>23</value></property>
			<property name="parameterType"><ref bean="net.bcgi.util.db.ParamDef.OUT"></ref></property>
	</bean>
	<bean id="get_subs_data_param_24"
			class="net.bcgi.util.db.ParamDef" scope="singleton">
			<property name="name"><value>po_low_bal_thrsld4</value></property>
			<property name="mapTo"><value>po_low_bal_thrsld4</value></property>
			<property name="type"><ref bean="java.sql.Types.VARCHAR"></ref></property>
			<property name="position"><value>24</value></property>
			<property name="parameterType"><ref bean="net.bcgi.util.db.ParamDef.OUT"></ref></property>
	</bean>
	<bean id="get_subs_data_param_25"
			class="net.bcgi.util.db.ParamDef" scope="singleton">
			<property name="name"><value>po_account_type</value></property>
			<property name="mapTo"><value>accountType</value></property>
			<property name="type"><ref bean="java.sql.Types.VARCHAR"></ref></property>
			<property name="position"><value>25</value></property>
			<property name="parameterType"><ref bean="net.bcgi.util.db.ParamDef.OUT"></ref></property>
	</bean>
	<bean id="get_subs_data_param_26" class="net.bcgi.util.db.ParamDef" scope="singleton">
			<property name="name"><value>po_credit_limit</value></property>
			<property name="mapTo"><value>creditLimit</value></property>
			<property name="type"><ref bean="java.sql.Types.DECIMAL"></ref></property>
			<property name="position"><value>26</value></property>
			<property name="parameterType"><ref bean="net.bcgi.util.db.ParamDef.OUT"></ref></property>
	</bean>	
	<bean id="get_subs_data_param_27" class="net.bcgi.util.db.ParamDef" scope="singleton">
			<property name="name"><value>po_available_credit</value></property>
			<property name="mapTo"><value>availableCredit</value></property>
			<property name="type"><ref bean="java.sql.Types.DECIMAL"></ref></property>
			<property name="position"><value>27</value></property>
			<property name="parameterType"><ref bean="net.bcgi.util.db.ParamDef.OUT"></ref></property>
	</bean>	
	<bean id="get_subs_data_param_28"
			class="net.bcgi.util.db.ParamDef" scope="singleton">
			<property name="name"><value>po_taiff_package_name</value></property>
			<property name="mapTo"><value>po_taiff_package_name</value></property>
			<property name="type"><ref bean="java.sql.Types.VARCHAR"></ref></property>
			<property name="position"><value>28</value></property>
			<property name="parameterType"><ref bean="net.bcgi.util.db.ParamDef.OUT"></ref></property>
	</bean>
	<bean id="get_subs_data_param_29" class="net.bcgi.util.db.ParamDef" scope="singleton">
			<property name="name"><value>po_error_code</value></property>
			<property name="mapTo"><value>po_error_code</value></property>
			<property name="type"><ref bean="java.sql.Types.BIGINT"></ref></property>
			<property name="position"><value>29</value></property>
			<property name="parameterType"><ref bean="net.bcgi.util.db.ParamDef.OUT"></ref></property>
	</bean>	
	<bean id="get_subs_data_param_30"
			class="net.bcgi.util.db.ParamDef" scope="singleton">
			<property name="name"><value>po_error_msg</value></property>
			<property name="mapTo"><value>po_error_mesg</value></property>
			<property name="type"><ref bean="java.sql.Types.VARCHAR"></ref></property>
			<property name="position"><value>30</value></property>
			<property name="parameterType"><ref bean="net.bcgi.util.db.ParamDef.OUT"></ref></property>
	</bean>
 </beans>
