<!DOCTYPE beans PUBLIC "-//SPRING//DTD BEAN//EN" "http://www.springframework.org/dtd/spring-beans.dtd">
<beans>
	<bean id="pro_get_msisdn_type" class="net.bcgi.util.db.SPDefinition" scope="prototype">
	<property name="name"><value>CS_PKG_SEARCH_ACCOUNT.pro_get_msisdn_type</value></property>
	<property name="returnsResult"><value>false</value></property>
	<property name="parameters">
		<list> <!--  parameter list -->
			<ref bean="pro_get_msisdn_type_1"></ref>
			<ref bean="pro_get_msisdn_type_2"></ref>
			<ref bean="pro_get_msisdn_type_3"></ref>
			<ref bean="pro_get_msisdn_type_4"></ref>
			<ref bean="pro_get_msisdn_type_5"></ref>
			<ref bean="pro_get_msisdn_type_6"></ref>
			<ref bean="pro_get_msisdn_type_7"></ref>
		</list>
	</property>
	</bean>
	<bean id="pro_get_msisdn_type_1" class="net.bcgi.util.db.ParamDef" scope="singleton">
		<property name="name"><value>pi_network_id</value></property>
  		<property name="mapTo"><value>pi_network_id</value></property>
  		<property name="type"><ref bean="java.sql.Types.BIGINT"></ref></property>
  		<property name="position"><value>1</value></property>
  		<property name="parameterType"><ref bean="net.bcgi.util.db.ParamDef.IN"></ref></property>
	</bean>
	<bean id="pro_get_msisdn_type_2" class="net.bcgi.util.db.ParamDef" scope="singleton">
		<property name="name"><value>pi_sim</value></property>
		<property name="mapTo"><value>pi_sim</value></property>
		<property name="type"><ref bean="java.sql.Types.VARCHAR"></ref></property>
		<property name="position"><value>2</value></property>
		<property name="parameterType"><ref bean="net.bcgi.util.db.ParamDef.IN"></ref></property>
	</bean>
	<bean id="pro_get_msisdn_type_3" class="net.bcgi.util.db.ParamDef" scope="singleton">
		<property name="name"><value>pi_office_code</value></property>
		<property name="mapTo"><value>pi_office_code</value></property>
		<property name="type"><ref bean="java.sql.Types.BIGINT"></ref></property>
		<property name="position"><value>3</value></property>
		<property name="parameterType"><ref bean="net.bcgi.util.db.ParamDef.IN"></ref></property>
	</bean>
	<bean id="pro_get_msisdn_type_4" class="net.bcgi.util.db.ParamDef" scope="singleton">
		<property name="name"><value>po_msisdn_type</value></property>
		<property name="mapTo"><value>po_msisdn_Type</value></property>
		<property name="type"><ref bean="java.sql.Types.INTEGER"></ref></property>
		<property name="position"><value>4</value></property>
		<property name="parameterType"><ref bean="net.bcgi.util.db.ParamDef.OUT"></ref></property>
	</bean>
	<bean id="pro_get_msisdn_type_5" class="net.bcgi.util.db.ParamDef" scope="singleton">
		<property name="name"><value>po_msisdn_no</value></property>
		<property name="mapTo"><value>po_msisdn_no</value></property>
		<property name="type"><ref bean="java.sql.Types.BIGINT"></ref></property>
		<property name="position"><value>5</value></property>
		<property name="parameterType"><ref bean="net.bcgi.util.db.ParamDef.OUT"></ref></property>
	</bean>
	<bean id="pro_get_msisdn_type_6" class="net.bcgi.util.db.ParamDef" scope="singleton">
		<property name="name"><value>po_error_code</value></property>
		<property name="mapTo"><value>po_error_code</value></property>
		<property name="type"><ref bean="java.sql.Types.BIGINT"></ref></property>
		<property name="position"><value>6</value></property>
		<property name="parameterType"><ref bean="net.bcgi.util.db.ParamDef.OUT"></ref></property>
	</bean>
	<bean id="pro_get_msisdn_type_7" class="net.bcgi.util.db.ParamDef" scope="singleton">
		<property name="name"><value>po_error_desc</value></property>
		<property name="mapTo"><value>po_error_mesg</value></property>
		<property name="type"><ref bean="java.sql.Types.VARCHAR"></ref></property>
		<property name="position"><value>7</value></property>
		<property name="parameterType"><ref bean="net.bcgi.util.db.ParamDef.OUT"></ref></property>
	</bean>
	
</beans> 