<?xml version="1.0" encoding="UTF-8" ?>
<!-- ====================================================================== -->
<!--                                                                        -->
<!-- XIUS-bcgi Login Agent            -->
<!--                                                                       -->
<!-- $Id: //depot/xb/MSP1.0/MSP-AWS/agents/iba/main/config/configxmls/proc-config/submgmt/get_bucket_info.xml#1 $     -->
<!-- This file  will maps the SP input parameters to java fields. -->
<!-- $Author: shashidhar.p $  $DateTime: 2023/08/04 15:19:58 $ $Change: 224525 $      -->
<!-- ====================================================================== -->

<!DOCTYPE beans PUBLIC "-//SPRING//DTD BEAN//EN" "http://www.springframework.org/dtd/spring-beans.dtd">
<beans>
	<!--  import standard constants used in all bean files -->
	<!-- start get_bucket_info -->
	<bean id="get_bucket_info"
		class="net.bcgi.util.db.SPDefinition" scope="singleton">
		<property name="name"><value>cs_pkg_subscriber_dtls.get_bucket_info</value></property>
		<property name="returnsResult"><value>false</value></property>
		<property name="parameters">
			<list>
				<ref bean="get_bucket_info_param_1"></ref>
				<ref bean="get_bucket_info_param_2"></ref>
				<ref bean="get_bucket_info_param_3"></ref>
				<ref bean="get_bucket_info_param_4"></ref>
				<ref bean="get_bucket_info_param_5"></ref>
			</list>
		</property>
		<property name="refCursors">
				<map>
				<entry key="3">
					<ref bean="po_bucket_info_ref"/>
				</entry>
			</map>		
		</property>
	</bean>
	<bean id="po_bucket_info_ref"
		class="net.bcgi.util.db.ResultSetDef" scope="prototype">
		<property name="resultSetParams">
			<list>
				<ref bean="po_bucket_info_ref_cursor_param_1"></ref>
				<ref bean="po_bucket_info_ref_cursor_param_2"></ref>
				<ref bean="po_bucket_info_ref_cursor_param_3"></ref>
				<ref bean="po_bucket_info_ref_cursor_param_4"></ref>
				<ref bean="po_bucket_info_ref_cursor_param_5"></ref>
				<ref bean="po_bucket_info_ref_cursor_param_6"></ref>
				<ref bean="po_bucket_info_ref_cursor_param_7"></ref>
				<ref bean="po_bucket_info_ref_cursor_param_8"></ref>
				<ref bean="po_bucket_info_ref_cursor_param_9"></ref>
				<ref bean="po_bucket_info_ref_cursor_param_10"></ref>
				<ref bean="po_bucket_info_ref_cursor_param_11"></ref>
				<ref bean="po_bucket_info_ref_cursor_param_12"></ref>
				<ref bean="po_bucket_info_ref_cursor_param_13"></ref>
				<ref bean="po_bucket_info_ref_cursor_param_14"></ref>
			</list>
		</property>
		<property name="className" value="com.xius.billing.agent.domaindata.impl.submgmt.BucketData"/>
	</bean>	
	<bean id="po_bucket_info_ref_cursor_param_1" class="net.bcgi.util.db.ResultSetParam" scope="singleton">
	  <property name="procedureColumnName"><value>bucketName</value></property>
	  <property name="mapTo"><value>bucketName</value></property>
	  <property name="columnType"><ref bean="java.sql.Types.VARCHAR"></ref></property>
	  <property name="position"><value>1</value></property>
	</bean>
	<bean id="po_bucket_info_ref_cursor_param_2" class="net.bcgi.util.db.ResultSetParam" scope="singleton">
	  <property name="procedureColumnName"><value>balanceCategory</value></property>
	  <property name="mapTo"><value>balanceCategory</value></property>
	  <property name="columnType"><ref bean="java.sql.Types.VARCHAR"></ref></property>
	  <property name="position"><value>2</value></property>
	</bean>
	<bean id="po_bucket_info_ref_cursor_param_3" class="net.bcgi.util.db.ResultSetParam" scope="singleton">
	  <property name="procedureColumnName"><value>validityDays</value></property>
	  <property name="mapTo"><value>validityDays</value></property>
	  <property name="columnType"><ref bean="java.sql.Types.DECIMAL"></ref></property>
	  <property name="position"><value>3</value></property>
	</bean>
	<bean id="po_bucket_info_ref_cursor_param_4" class="net.bcgi.util.db.ResultSetParam" scope="singleton">
	  <property name="procedureColumnName"><value>bucketType</value></property>
	  <property name="mapTo"><value>bucketType</value></property>
	  <property name="columnType"><ref bean="java.sql.Types.VARCHAR"></ref></property>
	  <property name="position"><value>4</value></property>
	</bean>
	<bean id="po_bucket_info_ref_cursor_param_5" class="net.bcgi.util.db.ResultSetParam" scope="singleton">
	  <property name="procedureColumnName"><value>currentBalance</value></property>
	  <property name="mapTo"><value>currentBalance</value></property>
	  <property name="columnType"><ref bean="java.sql.Types.DECIMAL"></ref></property>
	  <property name="position"><value>5</value></property>
	</bean>
	<bean id="po_bucket_info_ref_cursor_param_6" class="net.bcgi.util.db.ResultSetParam" scope="singleton">
	  <property name="procedureColumnName"><value>iterativeFlag</value></property>
	  <property name="mapTo"><value>iterativeFlag</value></property>
	  <property name="columnType"><ref bean="java.sql.Types.VARCHAR"></ref></property>
	  <property name="position"><value>6</value></property>
	</bean>
	<bean id="po_bucket_info_ref_cursor_param_7" class="net.bcgi.util.db.ResultSetParam" scope="singleton">
	  <property name="procedureColumnName"><value>iterativeCount</value></property>
	  <property name="mapTo"><value>iterativeCount</value></property>
	  <property name="columnType"><ref bean="java.sql.Types.BIGINT"></ref></property>
	  <property name="position"><value>7</value></property>
	</bean>
	<bean id="po_bucket_info_ref_cursor_param_8" class="net.bcgi.util.db.ResultSetParam" scope="singleton">
	  <property name="procedureColumnName"><value>rollOverFlag</value></property>
	  <property name="mapTo"><value>rollOverFlag</value></property>
	  <property name="columnType"><ref bean="java.sql.Types.VARCHAR"></ref></property>
	  <property name="position"><value>8</value></property>
	</bean>
	<bean id="po_bucket_info_ref_cursor_param_9" class="net.bcgi.util.db.ResultSetParam" scope="singleton">
	  <property name="procedureColumnName"><value>extendValidityFlag</value></property>
	  <property name="mapTo"><value>extendValidityFlag</value></property>
	  <property name="columnType"><ref bean="java.sql.Types.VARCHAR"></ref></property>
	  <property name="position"><value>9</value></property>
	</bean>
	<bean id="po_bucket_info_ref_cursor_param_10" class="net.bcgi.util.db.ResultSetParam" scope="singleton">
	  <property name="procedureColumnName"><value>device_group_id</value></property>
	  <property name="mapTo"><value>deviceGroupId</value></property>
	  <property name="columnType"><ref bean="java.sql.Types.BIGINT"></ref></property>
	  <property name="position"><value>10</value></property>
	</bean>
	<bean id="po_bucket_info_ref_cursor_param_11" class="net.bcgi.util.db.ResultSetParam" scope="singleton">
	  <property name="procedureColumnName"><value>device_group_name</value></property>
	  <property name="mapTo"><value>deviceGroupName</value></property>
	  <property name="columnType"><ref bean="java.sql.Types.VARCHAR"></ref></property>
	  <property name="position"><value>11</value></property>
	</bean>
	
	<bean id="po_bucket_info_ref_cursor_param_12" class="net.bcgi.util.db.ResultSetParam" scope="singleton">
	  <property name="procedureColumnName"><value>data_zone_group_id</value></property>
	  <property name="mapTo"><value>dataZoneGroupId</value></property>
	  <property name="columnType"><ref bean="java.sql.Types.BIGINT"></ref></property>
	  <property name="position"><value>12</value></property>
	</bean>
	<bean id="po_bucket_info_ref_cursor_param_13" class="net.bcgi.util.db.ResultSetParam" scope="singleton">
	  <property name="procedureColumnName"><value>data_zone_group_name</value></property>
	  <property name="mapTo"><value>dataZoneGroupName</value></property>
	  <property name="columnType"><ref bean="java.sql.Types.VARCHAR"></ref></property>
	  <property name="position"><value>13</value></property>
	</bean>
	
	<bean id="po_bucket_info_ref_cursor_param_14" class="net.bcgi.util.db.ResultSetParam" scope="singleton">
	  <property name="procedureColumnName"><value>unlimited_bkt_yn</value></property>
	  <property name="mapTo"><value>unlimited_yn</value></property>
	  <property name="columnType"><ref bean="java.sql.Types.VARCHAR"></ref></property>
	  <property name="position"><value>14</value></property>
	</bean>
	<!-- End of Cursor -->

	<bean id="get_bucket_info_param_1"
			class="net.bcgi.util.db.ParamDef" scope="singleton">
			<property name="name"><value>pi_network_id</value></property>
			<property name="mapTo"><value>pi_network_id</value></property>
			<property name="type"><ref bean="java.sql.Types.BIGINT"></ref></property>
			<property name="position"><value>1</value></property>
			<property name="parameterType"><ref bean="net.bcgi.util.db.ParamDef.IN"></ref></property>
	</bean>
	<bean id="get_bucket_info_param_2"
			class="net.bcgi.util.db.ParamDef" scope="singleton">
			<property name="name"><value>bundleId</value></property>
			<property name="mapTo"><value>bundleId</value></property>
			<property name="type"><ref bean="java.sql.Types.BIGINT"></ref></property>
			<property name="position"><value>2</value></property>
			<property name="parameterType"><ref bean="net.bcgi.util.db.ParamDef.IN"></ref></property>
	</bean>	
	<bean id="get_bucket_info_param_3"
			class="net.bcgi.util.db.ParamDef" scope="singleton">
			<property name="name"><value>po_bucket_info_ref</value></property>
			<property name="mapTo"><value>po_bucket_info_ref</value></property>
			<property name="type"><ref bean="oracle.jdbc.driver.OracleTypes.CURSOR"></ref></property>
			<property name="position"><value>3</value></property>
			<property name="parameterType"><ref bean="net.bcgi.util.db.ParamDef.OUT"></ref></property>
	</bean>
	<bean id="get_bucket_info_param_4" class="net.bcgi.util.db.ParamDef" scope="singleton">
			<property name="name"><value>po_error_code</value></property>
			<property name="mapTo"><value>po_error_code</value></property>
			<property name="type"><ref bean="java.sql.Types.BIGINT"></ref></property>
			<property name="position"><value>4</value></property>
			<property name="parameterType"><ref bean="net.bcgi.util.db.ParamDef.OUT"></ref></property>
	</bean>
	<bean id="get_bucket_info_param_5" class="net.bcgi.util.db.ParamDef" scope="singleton">
			<property name="name"><value>po_error_mesg</value></property>
			<property name="mapTo"><value>po_error_mesg</value></property>
			<property name="type"><ref bean="java.sql.Types.VARCHAR"></ref></property>
			<property name="position"><value>5</value></property>
			<property name="parameterType"><ref bean="net.bcgi.util.db.ParamDef.OUT"></ref></property>
	</bean>
 </beans>
