<?xml version="1.0" encoding="UTF-8" ?>
<!-- ====================================================================== -->
<!--                                                                        -->
<!-- XIUS-bcgi Login Agent            -->
<!--                                                                       -->
<!-- $Id: //depot/xb/MSP1.0/MSP-AWS/agents/iba/main/config/configxmls/proc-config/submgmt/initiate_Change_TP.xml#1 $     -->
<!-- This file  will maps the SP input parameters to java fields. -->
<!-- $Author: shashidhar.p $  $DateTime: 2023/08/04 15:19:58 $ $Change: 224525 $      -->
<!-- ====================================================================== -->

<!DOCTYPE beans PUBLIC "-//SPRING//DTD BEAN//EN" "http://www.springframework.org/dtd/spring-beans.dtd">
<beans>
	<!--  import standard constants used in all bean files -->
	<!-- start sp_bos_add_device -->
	<bean id="initiate_Change_TP"
		class="net.bcgi.util.db.SPDefinition" scope="singleton">
		<property name="name"><value>cs_subscriber_management.change_tariff_plan</value></property>
		<property name="returnsResult"><value>false</value></property>
		<property name="parameters">
			<list>
				<ref bean="initiate_Change_TP_param_1"></ref>
				<ref bean="initiate_Change_TP_param_2"></ref>
				<ref bean="initiate_Change_TP_param_3"></ref>
				<ref bean="initiate_Change_TP_param_4"></ref>
				<ref bean="initiate_Change_TP_param_5"></ref>
				<ref bean="initiate_Change_TP_param_6"></ref>
				<ref bean="initiate_Change_TP_param_7"></ref>
				<ref bean="initiate_Change_TP_param_8"></ref>
				<ref bean="initiate_Change_TP_param_9"></ref>
				<ref bean="initiate_Change_TP_param_10"></ref>
				<ref bean="initiate_Change_TP_param_11"></ref>
				<ref bean="initiate_Change_TP_param_12"></ref>	
				<ref bean="initiate_Change_TP_param_13"></ref>	
				<ref bean="initiate_Change_TP_param_14"></ref>	
			 
					
			</list>
		</property>
	
	</bean>
	<bean id="initiate_Change_TP_param_1"
			class="net.bcgi.util.db.ParamDef" scope="singleton">
			<property name="name"><value>pi_login_id</value></property>
			<property name="mapTo"><value>pi_user_id</value></property>
			<property name="type"><ref bean="java.sql.Types.VARCHAR"></ref></property>
			<property name="position"><value>1</value></property>
			<property name="parameterType"><ref bean="net.bcgi.util.db.ParamDef.IN"></ref></property>
	</bean>
	<bean id="initiate_Change_TP_param_2"
			class="net.bcgi.util.db.ParamDef" scope="singleton">
			<property name="name"><value>pi_network_id</value></property>
			<property name="mapTo"><value>pi_network_id</value></property>
			<property name="type"><ref bean="java.sql.Types.BIGINT"></ref></property>
			<property name="position"><value>2</value></property>
			<property name="parameterType"><ref bean="net.bcgi.util.db.ParamDef.IN"></ref></property>
	</bean>
	<bean id="initiate_Change_TP_param_3"
			class="net.bcgi.util.db.ParamDef" scope="singleton">
			<property name="name"><value>pi_account_id</value></property>
			<property name="mapTo"><value>pi_account_id</value></property>
			<property name="type"><ref bean="java.sql.Types.BIGINT"></ref></property>
			<property name="position"><value>3</value></property>
			<property name="parameterType"><ref bean="net.bcgi.util.db.ParamDef.IN"></ref></property>
	</bean>

	<bean id="initiate_Change_TP_param_4"
			class="net.bcgi.util.db.ParamDef" scope="singleton">
			<property name="name"><value>pi_msisdn</value></property>
			<property name="mapTo"><value>pi_msisdn</value></property>
			<property name="type"><ref bean="java.sql.Types.BIGINT"></ref></property>
			<property name="position"><value>4</value></property>
			<property name="parameterType"><ref bean="net.bcgi.util.db.ParamDef.IN"></ref></property>
	</bean>
	<bean id="initiate_Change_TP_param_5"
			class="net.bcgi.util.db.ParamDef" scope="singleton">
			<property name="name"><value>pi_tariff_plan_id</value></property>
			<property name="mapTo"><value>pi_tariff_plan_id</value></property>
			<property name="type"><ref bean="java.sql.Types.VARCHAR"></ref></property>
			<property name="position"><value>5</value></property>
			<property name="parameterType"><ref bean="net.bcgi.util.db.ParamDef.IN"></ref></property>
	</bean>
	<bean id="initiate_Change_TP_param_6"
			class="net.bcgi.util.db.ParamDef" scope="singleton">
			<property name="name"><value>pi_tariff_change_chrg</value></property>
			<property name="mapTo"><value>pi_tariff_change_chrg</value></property>
			<property name="type"><ref bean="java.sql.Types.VARCHAR"></ref></property>
			<property name="position"><value>6</value></property>
			<property name="parameterType"><ref bean="net.bcgi.util.db.ParamDef.IN"></ref></property>
	</bean>
	   
	
		<bean id="initiate_Change_TP_param_7" class="net.bcgi.util.db.ParamDef" scope="singleton">
			<property name="name"><value>pi_internal_transaction_id</value></property>
			<property name="mapTo"><value>pi_internal_transaction_id</value></property>
			<property name="type"><ref bean="java.sql.Types.VARCHAR"></ref></property>
			<property name="position"><value>7</value></property>
			<property name="parameterType"><ref bean="net.bcgi.util.db.ParamDef.IN"></ref></property>
	</bean>
		<bean id="initiate_Change_TP_param_8" class="net.bcgi.util.db.ParamDef" scope="singleton">
			<property name="name"><value>pi_external_transaction_id</value></property>
			<property name="mapTo"><value>pi_external_transaction_id</value></property>
			<property name="type"><ref bean="java.sql.Types.VARCHAR"></ref></property>
			<property name="position"><value>8</value></property>
			<property name="parameterType"><ref bean="net.bcgi.util.db.ParamDef.IN"></ref></property>
	</bean>
	 <bean id="initiate_Change_TP_param_9" class="net.bcgi.util.db.ParamDef" scope="singleton">
			<property name="name"><value>po_old_tariff_pack_id</value></property>
			<property name="mapTo"><value>po_old_tariff_pack_id</value></property>
			<property name="type"><ref bean="java.sql.Types.BIGINT"></ref></property>
			<property name="position"><value>9</value></property>
			<property name="parameterType"><ref bean="net.bcgi.util.db.ParamDef.OUT"></ref></property>
	</bean>
	
	<bean id="initiate_Change_TP_param_10" class="net.bcgi.util.db.ParamDef" scope="singleton">
			<property name="name"><value>po_error_code</value></property>
			<property name="mapTo"><value>po_error_code</value></property>
			<property name="type"><ref bean="java.sql.Types.BIGINT"></ref></property>
			<property name="position"><value>10</value></property>
			<property name="parameterType"><ref bean="net.bcgi.util.db.ParamDef.OUT"></ref></property>
	</bean>
	<bean id="initiate_Change_TP_param_11" class="net.bcgi.util.db.ParamDef" scope="singleton">
		<property name="name"><value>po_error_desc</value></property>
		<property name="mapTo"><value>po_error_mesg</value></property>
		<property name="type"><ref bean="java.sql.Types.VARCHAR"></ref></property>
		<property name="position"><value>11</value></property>
		<property name="parameterType"><ref bean="net.bcgi.util.db.ParamDef.OUT"></ref></property>
	</bean>
	<bean id="initiate_Change_TP_param_12" class="net.bcgi.util.db.ParamDef" scope="singleton">
			<property name="name"><value>pi_skip_immediate_flag</value></property>
			<property name="mapTo"><value>pi_skip_immediate_flag</value></property>
			<property name="type"><ref bean="java.sql.Types.VARCHAR"></ref></property>
			<property name="position"><value>12</value></property>
			<property name="parameterType"><ref bean="net.bcgi.util.db.ParamDef.IN"></ref></property>
	</bean>

	
	<bean id="initiate_Change_TP_param_13" class="net.bcgi.util.db.ParamDef" scope="singleton">
			<property name="name"><value>pi_immediate_flag</value></property>
			<property name="mapTo"><value>pi_immediate_flag</value></property>
			<property name="type"><ref bean="java.sql.Types.VARCHAR"></ref></property>
			<property name="position"><value>13</value></property>
			<property name="parameterType"><ref bean="net.bcgi.util.db.ParamDef.IN"></ref></property>
	</bean>
	
	<bean id="initiate_Change_TP_param_14" class="net.bcgi.util.db.ParamDef" scope="singleton">
			<property name="name"><value>po_new_start_date</value></property>
			<property name="mapTo"><value>po_new_start_date</value></property>
			<property name="type"><ref bean="java.sql.Types.VARCHAR"></ref></property>
			<property name="position"><value>14</value></property>
			<property name="parameterType"><ref bean="net.bcgi.util.db.ParamDef.OUT"></ref></property>
	</bean>
	
	
 </beans>
