<?xml version="1.0" encoding="UTF-8" ?>
<!-- ====================================================================== -->
<!--                                                                        -->
<!--                                                                       -->
<!-- $Id: //depot/xb/MSP1.0/MSP-AWS/agents/iba/main/config/configxmls/proc-config/submgmt/manage_fnf_sms.xml#1 $     -->
<!-- This file  will maps the SP input parameters to java fields. -->
<!-- $Author: shashidhar.p $  $DateTime: 2023/08/04 15:19:58 $ $Change: 224525 $      -->
<!-- ====================================================================== -->

<!DOCTYPE beans PUBLIC "-//SPRING//DTD BEAN//EN" "http://www.springframework.org/dtd/spring-beans.dtd">
<beans>
	<!-- start manage_bundle -->
	<bean id="add_mod_del_fnf"
		class="net.bcgi.util.db.SPDefinition" scope="singleton">
		<property name="name"><value>CS_SUBSCRIBER_MANAGEMENT.ADD_MOD_DEL_FNF_SMS</value></property>
		<property name="returnsResult"><value>false</value></property>
		<property name="parameters">
			<list>
				<ref bean="manage_fnfsms_param_1"></ref>
				<ref bean="manage_fnfsms_param_2"></ref>
				<ref bean="manage_fnfsms_param_3"></ref>
				<ref bean="manage_fnfsms_param_4"></ref>
				<ref bean="manage_fnfsms_param_5"></ref>
				<ref bean="manage_fnfsms_param_6"></ref>
				<ref bean="manage_fnfsms_param_7"></ref>
				<ref bean="manage_fnfsms_param_8"></ref>
				<ref bean="manage_fnfsms_param_9"></ref>
				<ref bean="manage_fnfsms_param_10"></ref>
				<ref bean="manage_fnfsms_param_11"></ref>
				<ref bean="manage_fnfsms_param_12"></ref>
				<ref bean="manage_fnfsms_param_13"></ref>
			</list>
		</property>
		
	</bean>
	<bean id="manage_fnfsms_param_1"
			class="net.bcgi.util.db.ParamDef" scope="singleton">
			<property name="name"><value>pi_network_id</value></property>
			<property name="mapTo"><value>pi_network_id</value></property>
			<property name="type"><ref bean="java.sql.Types.BIGINT"></ref></property>
			<property name="position"><value>1</value></property>
			<property name="parameterType"><ref bean="net.bcgi.util.db.ParamDef.IN"></ref></property>
	</bean>
	
	<bean id="manage_fnfsms_param_2"
			class="net.bcgi.util.db.ParamDef" scope="singleton">
			<property name="name"><value>pi_msisdn</value></property>
			<property name="mapTo"><value>pi_msisdn</value></property>
			<property name="type"><ref bean="java.sql.Types.BIGINT"></ref></property>
			<property name="position"><value>2</value></property>
			<property name="parameterType"><ref bean="net.bcgi.util.db.ParamDef.IN"></ref></property>
	</bean>
	<bean id="manage_fnfsms_param_3"
			class="net.bcgi.util.db.ParamDef" scope="singleton">
			<property name="name"><value>pio_account_id</value></property>
			<property name="mapTo"><value>pio_account_id</value></property>
			<property name="type"><ref bean="java.sql.Types.VARCHAR"></ref></property>
			<property name="position"><value>3</value></property>
			<property name="parameterType"><ref bean="net.bcgi.util.db.ParamDef.IN_OUT"></ref></property>
	</bean>
	<bean id="manage_fnfsms_param_4"
			class="net.bcgi.util.db.ParamDef" scope="singleton">
			<property name="name"><value>pi_provision_type</value></property>
			<property name="mapTo"><value>pi_provision_type</value></property>
			<property name="type"><ref bean="java.sql.Types.VARCHAR"></ref></property>
			<property name="position"><value>4</value></property>
			<property name="parameterType"><ref bean="net.bcgi.util.db.ParamDef.IN"></ref></property>
	</bean>
	
	<bean id="manage_fnfsms_param_5"
			class="net.bcgi.util.db.ParamDef" scope="singleton">
			<property name="name"><value>pi_action_type</value></property>
			<property name="mapTo"><value>pi_action_type</value></property>
			<property name="type"><ref bean="java.sql.Types.VARCHAR"></ref></property>
			<property name="position"><value>5</value></property>
			<property name="parameterType"><ref bean="net.bcgi.util.db.ParamDef.IN"></ref></property>
	</bean>
	<bean id="manage_fnfsms_param_6"
			class="net.bcgi.util.db.ParamDef" scope="singleton">
			<property name="name"><value>pi_fnf_sms_numbers</value></property>
			<property name="mapTo"><value>pi_fnf_sms_numbers</value></property>
			<property name="type"><ref bean="java.sql.Types.ARRAY"></ref></property>
			<property name="arrayName"><value>ARR_NUMB</value></property>
			<property name="position"><value>6</value></property>
			<property name="parameterType"><ref bean="net.bcgi.util.db.ParamDef.IN"></ref></property>
	</bean>
	
	<bean id="manage_fnfsms_param_7"
			class="net.bcgi.util.db.ParamDef" scope="singleton">
			<property name="name"><value>pi_new_number</value></property>
			<property name="mapTo"><value>pi_new_number</value></property>
			<property name="type"><ref bean="java.sql.Types.BIGINT"></ref></property>
			<property name="position"><value>7</value></property>
			<property name="parameterType"><ref bean="net.bcgi.util.db.ParamDef.IN"></ref></property>
	</bean>
	
	<bean id="manage_fnfsms_param_8"
			class="net.bcgi.util.db.ParamDef" scope="singleton">
			<property name="name"><value>pi_user_id</value></property>
			<property name="mapTo"><value>pi_user_id</value></property>
			<property name="type"><ref bean="java.sql.Types.VARCHAR"></ref></property>
			<property name="position"><value>8</value></property>
			<property name="parameterType"><ref bean="net.bcgi.util.db.ParamDef.IN"></ref></property>
	</bean>
	
	
	<bean id="manage_fnfsms_param_9"
			class="net.bcgi.util.db.ParamDef" scope="singleton">
			<property name="name"><value>po_success_msisdn</value></property>
			<property name="mapTo"><value>po_success_msisdn</value></property>
			<property name="type"><ref bean="java.sql.Types.ARRAY"></ref></property>
			<property name="arrayName"><value>ARR_NUMB</value></property>
			<property name="position"><value>9</value></property>
			<property name="parameterType"><ref bean="net.bcgi.util.db.ParamDef.OUT"></ref></property>
	</bean>
	
	<bean id="manage_fnfsms_param_10"
			class="net.bcgi.util.db.ParamDef" scope="singleton">
			<property name="name"><value>po_failure_msisdn</value></property>
			<property name="mapTo"><value>po_failure_msisdn</value></property>
			<property name="type"><ref bean="java.sql.Types.ARRAY"></ref></property>
			<property name="arrayName"><value>ARR_NUMB</value></property>
			<property name="position"><value>10</value></property>
			<property name="parameterType"><ref bean="net.bcgi.util.db.ParamDef.OUT"></ref></property>
	</bean>
	<bean id="manage_fnfsms_param_11"
			class="net.bcgi.util.db.ParamDef" scope="singleton">
			<property name="name"><value>po_failure_reason</value></property>
			<property name="mapTo"><value>po_failure_reason</value></property>
			<property name="type"><ref bean="java.sql.Types.ARRAY"></ref></property>
			<property name="arrayName"><value>ARR_VARCHAR</value></property>
			<property name="position"><value>11</value></property>
			<property name="parameterType"><ref bean="net.bcgi.util.db.ParamDef.OUT"></ref></property>
	</bean>
	<bean id="manage_fnfsms_param_12" class="net.bcgi.util.db.ParamDef" scope="singleton">
			<property name="name"><value>po_error_code</value></property>
			<property name="mapTo"><value>po_error_code</value></property>
			<property name="type"><ref bean="java.sql.Types.BIGINT"></ref></property>
			<property name="position"><value>12</value></property>
			<property name="parameterType"><ref bean="net.bcgi.util.db.ParamDef.OUT"></ref></property>
	</bean>
	<bean id="manage_fnfsms_param_13" class="net.bcgi.util.db.ParamDef" scope="singleton">
	   		<property name="name"><value>po_error_mesg</value></property>
	   		<property name="mapTo"><value>po_error_mesg</value></property>
	   		<property name="type"><ref bean="java.sql.Types.VARCHAR"></ref></property>
	 		<property name="position"><value>13</value></property>
	   	  <property name="parameterType"><ref bean="net.bcgi.util.db.ParamDef.OUT"></ref></property>
	   	</bean> 		
 </beans>
