<!DOCTYPE beans PUBLIC "-//SPRING//DTD BEAN//EN" "http://www.springframework.org/dtd/spring-beans.dtd">
<beans>
<bean id="manage_banner" class="net.bcgi.util.db.SPDefinition" scope="prototype">
	<property name="name"><value>CS_SUBSCRIBER_MANAGEMENT.manage_banner</value></property>
	<property name="returnsResult"><value>false</value></property>
	<property name="parameters">
	<list> <!--  parameter list -->
		<ref bean="manage_banner_param_1"></ref>
		<ref bean="manage_banner_param_2"></ref>
		<ref bean="manage_banner_param_3"></ref>
		<ref bean="manage_banner_param_4"></ref>
		<ref bean="manage_banner_param_5"></ref>
		<ref bean="manage_banner_param_6"></ref>
		<ref bean="manage_banner_param_7"></ref>
		<ref bean="manage_banner_param_8"></ref>
		<ref bean="manage_banner_param_9"></ref>
		<ref bean="manage_banner_param_10"></ref>
		<ref bean="manage_banner_param_11"></ref>
		<ref bean="manage_banner_param_12"></ref>
		<ref bean="manage_banner_param_13"></ref>
		<ref bean="manage_banner_param_14"></ref>
		<ref bean="manage_banner_param_15"></ref>
		<ref bean="manage_banner_param_16"></ref>
		<ref bean="manage_banner_param_17"></ref>
	</list>
	</property>
</bean>

<bean id="manage_banner_param_1" class="net.bcgi.util.db.ParamDef" scope="singleton">
<property name="name"><value>pi_network_id</value></property>
<property name="mapTo"><value>pi_network_id</value></property>
<property name="type"><ref bean="java.sql.Types.BIGINT"></ref></property>
<property name="position"><value>1</value></property>
<property name="parameterType"><ref bean="net.bcgi.util.db.ParamDef.IN"></ref></property>
</bean>
<bean id="manage_banner_param_2" class="net.bcgi.util.db.ParamDef" scope="singleton">
<property name="name"><value>pi_flag</value></property>
<property name="mapTo"><value>flag</value></property>
<property name="type"><ref bean="java.sql.Types.VARCHAR"></ref></property>
<property name="position"><value>2</value></property>
<property name="parameterType"><ref bean="net.bcgi.util.db.ParamDef.IN"></ref></property>
</bean>
<bean id="manage_banner_param_3" class="net.bcgi.util.db.ParamDef" scope="singleton">
<property name="name"><value>pi_ID</value></property>
<property name="mapTo"><value>ID</value></property>
<property name="type"><ref bean="java.sql.Types.VARCHAR"></ref></property>
<property name="position"><value>3</value></property>
<property name="parameterType"><ref bean="net.bcgi.util.db.ParamDef.IN"></ref></property>
</bean>
<bean id="manage_banner_param_4" class="net.bcgi.util.db.ParamDef" scope="singleton">
<property name="name"><value>pi_type</value></property>
<property name="mapTo"><value>type</value></property>
<property name="type"><ref bean="java.sql.Types.VARCHAR"></ref></property>
<property name="position"><value>4</value></property>
<property name="parameterType"><ref bean="net.bcgi.util.db.ParamDef.IN"></ref></property>
</bean>
<bean id="manage_banner_param_5" class="net.bcgi.util.db.ParamDef" scope="singleton">
	<property name="name"><value>pi_title</value></property>
	<property name="mapTo"><value>title</value></property>
	<property name="type"><ref bean="java.sql.Types.VARCHAR"></ref></property>
	<property name="position"><value>5</value></property>
	<property name="parameterType"><ref bean="net.bcgi.util.db.ParamDef.IN"></ref></property>
</bean>
<bean id="manage_banner_param_6" class="net.bcgi.util.db.ParamDef" scope="singleton">
	<property name="name"><value>pi_start_date</value></property>
	<property name="mapTo"><value>start_date</value></property>
	<property name="type"><ref bean="java.sql.Types.VARCHAR"></ref></property>
	<property name="position"><value>6</value></property>
	<property name="parameterType"><ref bean="net.bcgi.util.db.ParamDef.IN"></ref></property>
</bean>
<bean id="manage_banner_param_7" class="net.bcgi.util.db.ParamDef" scope="singleton">
	<property name="name"><value>pi_end_date</value></property>
	<property name="mapTo"><value>end_date</value></property>
	<property name="type"><ref bean="java.sql.Types.DATE"></ref></property>
	<property name="position"><value>7</value></property>
	<property name="parameterType"><ref bean="net.bcgi.util.db.ParamDef.IN"></ref></property>
</bean>
<bean id="manage_banner_param_8" class="net.bcgi.util.db.ParamDef" scope="singleton">
	<property name="name"><value>pi_status</value></property>
	<property name="mapTo"><value>status</value></property>
	<property name="type"><ref bean="java.sql.Types.VARCHAR"></ref></property>
	<property name="position"><value>8</value></property>
	<property name="parameterType"><ref bean="net.bcgi.util.db.ParamDef.IN"></ref></property>
</bean>
<bean id="manage_banner_param_9" class="net.bcgi.util.db.ParamDef" scope="singleton">
	<property name="name"><value>pi_created_on</value></property>
	<property name="mapTo"><value>created_on</value></property>
	<property name="type"><ref bean="java.sql.Types.VARCHAR"></ref></property>
	<property name="position"><value>9</value></property>
	<property name="parameterType"><ref bean="net.bcgi.util.db.ParamDef.IN"></ref></property>
</bean>
<bean id="manage_banner_param_10" class="net.bcgi.util.db.ParamDef" scope="singleton">
	<property name="name"><value>pi_updated_on</value></property>
	<property name="mapTo"><value>updated_on</value></property>
	<property name="type"><ref bean="java.sql.Types.VARCHAR"></ref></property>
	<property name="position"><value>10</value></property>
	<property name="parameterType"><ref bean="net.bcgi.util.db.ParamDef.IN"></ref></property>
</bean>
<bean id="manage_banner_param_11" class="net.bcgi.util.db.ParamDef" scope="singleton">
	<property name="name"><value>pi_updated_by</value></property>
	<property name="mapTo"><value>updated_by</value></property>
	<property name="type"><ref bean="java.sql.Types.VARCHAR"></ref></property>
	<property name="position"><value>11</value></property>
	<property name="parameterType"><ref bean="net.bcgi.util.db.ParamDef.IN"></ref></property>
</bean>
<bean id="manage_banner_param_12" class="net.bcgi.util.db.ParamDef" scope="singleton">
	<property name="name"><value>pi_approved_by</value></property>
	<property name="mapTo"><value>approved_by</value></property>
	<property name="type"><ref bean="java.sql.Types.VARCHAR"></ref></property>
	<property name="position"><value>12</value></property>
	<property name="parameterType"><ref bean="net.bcgi.util.db.ParamDef.IN"></ref></property>
</bean>
<bean id="manage_banner_param_13" class="net.bcgi.util.db.ParamDef" scope="singleton">
	<property name="name"><value>pi_size_x_y</value></property>
	<property name="mapTo"><value>size_x_y</value></property>
	<property name="type"><ref bean="java.sql.Types.VARCHAR"></ref></property>
	<property name="position"><value>13</value></property>
	<property name="parameterType"><ref bean="net.bcgi.util.db.ParamDef.IN"></ref></property>
</bean>
<bean id="manage_banner_param_14" class="net.bcgi.util.db.ParamDef" scope="singleton">
	<property name="name"><value>pi_content</value></property>
	<property name="mapTo"><value>content</value></property>
	<property name="type"><ref bean="java.sql.Types.VARCHAR"></ref></property>
	<property name="position"><value>14</value></property>
	<property name="parameterType"><ref bean="net.bcgi.util.db.ParamDef.IN"></ref></property>
</bean>
<bean id="manage_banner_param_15" class="net.bcgi.util.db.ParamDef" scope="singleton">
	<property name="name"><value>pi_robjname</value></property>
	<property name="mapTo"><value>robjname</value></property>
	<property name="type"><ref bean="java.sql.Types.VARCHAR"></ref></property>
	<property name="position"><value>15</value></property>
	<property name="parameterType"><ref bean="net.bcgi.util.db.ParamDef.IN"></ref></property>
</bean>
<bean id="manage_banner_param_16" class="net.bcgi.util.db.ParamDef" scope="singleton">
	<property name="name"><value>pi_oojbjname</value></property>
	<property name="mapTo"><value>oojbjname</value></property>
	<property name="type"><ref bean="java.sql.Types.VARCHAR"></ref></property>
	<property name="position"><value>16</value></property>
	<property name="parameterType"><ref bean="net.bcgi.util.db.ParamDef.IN"></ref></property>
</bean>
<bean id="manage_banner_param_17" class="net.bcgi.util.db.ParamDef" scope="singleton">
  <property name="name"><value>po_error_code</value></property>
  <property name="mapTo"><value>po_error_code</value></property>
  <property name="type"><ref bean="java.sql.Types.BIGINT"></ref></property>
  <property name="position"><value>17</value></property>
  <property name="parameterType"><ref bean="net.bcgi.util.db.ParamDef.OUT"></ref></property>
</bean> 
</beans>