<?xml version="1.0" encoding="UTF-8" ?>
<!-- ====================================================================== -->
<!--                                                                        -->
<!-- XIUS Infinet Billing Agent            -->
<!--                                                                       -->
<!-- $Id: //depot/xb/MSP1.0/MSP-AWS/agents/iba/main/config/configxmls/proc-config/submgmt/pro_get_acct_online_status.xml#1 $     -->
<!-- This file  will maps the SP input parameters to java fields. -->
<!-- $Author: shashidhar.p $  $DateTime: 2023/08/04 15:19:58 $ $Change: 224525 $      -->
<!-- ====================================================================== -->

<!DOCTYPE beans PUBLIC "-//SPRING//DTD BEAN//EN" "http://www.springframework.org/dtd/spring-beans.dtd">

<beans>
	<!-- start pro_get_acct_online_status -->
	
	<bean id="pro_get_acct_online_status" class="net.bcgi.util.db.SPDefinition" scope="singleton">
		<property name="name"><value>PRO_GET_ACCT_ONLINE_STATUS</value></property>
		<property name="returnsResult"><value>false</value></property>
		<property name="parameters">
			<list>
				<ref bean="pro_get_acct_online_status_param_1"></ref>
				<ref bean="pro_get_acct_online_status_param_2"></ref>
				<ref bean="pro_get_acct_online_status_param_3"></ref>
				<ref bean="pro_get_acct_online_status_param_4"></ref>
				<ref bean="pro_get_acct_online_status_param_5"></ref>
				<ref bean="pro_get_acct_online_status_param_6"></ref>
				<ref bean="pro_get_acct_online_status_param_7"></ref>
				<ref bean="pro_get_acct_online_status_param_8"></ref>
				<!-- Added pro_get_acct_online_status_param_9 during merging release 1.0.11.0 with 1.0.9.0 -->
				<ref bean="pro_get_acct_online_status_param_9"></ref>
			</list>
		</property>
	</bean>
	
	<bean id="pro_get_acct_online_status_param_1" class="net.bcgi.util.db.ParamDef" scope="singleton">
			<property name="name"><value>pi_network_id</value></property>
			<property name="mapTo"><value>pi_network_id</value></property>
			<property name="type"><ref bean="java.sql.Types.BIGINT"></ref></property>
			<property name="position"><value>1</value></property>
			<property name="parameterType"><ref bean="net.bcgi.util.db.ParamDef.IN"></ref></property>
	</bean>
	
	<bean id="pro_get_acct_online_status_param_2" class="net.bcgi.util.db.ParamDef" scope="singleton">
			<property name="name"><value>pi_account_id</value></property>
			<property name="mapTo"><value>pi_account_id</value></property>
			<property name="type"><ref bean="java.sql.Types.BIGINT"></ref></property>
			<property name="position"><value>2</value></property>
			<!-- Modified parameterType IN to IN_OUT during merging release 1.0.11.0 with 1.0.9.0 -->
			<property name="parameterType"><ref bean="net.bcgi.util.db.ParamDef.IN_OUT"></ref></property>
	</bean>
	
	
	<bean id="pro_get_acct_online_status_param_3" class="net.bcgi.util.db.ParamDef" scope="singleton">
			<property name="name"><value>pi_msisdn</value></property>
			<property name="mapTo"><value>pi_msisdn</value></property>
			<property name="type"><ref bean="java.sql.Types.BIGINT"></ref></property>
			<property name="position"><value>3</value></property>
			<!-- Modified parameterType IN to IN_OUT during merging release 1.0.11.0 with 1.0.9.0 -->
			<property name="parameterType"><ref bean="net.bcgi.util.db.ParamDef.IN_OUT"></ref></property>
	</bean>
	
	<bean id="pro_get_acct_online_status_param_4" class="net.bcgi.util.db.ParamDef" scope="singleton">
			<!-- Modified name pi_sim to pi_imsi and dattype VARCHAR TO BIGINT during merging release 1.0.11.0 with 1.0.9.0 -->
			<property name="name"><value>pi_imsi</value></property>
			<property name="mapTo"><value>pi_imsi</value></property>
			<property name="type"><ref bean="java.sql.Types.BIGINT"></ref></property>
			<property name="position"><value>4</value></property>
			<property name="parameterType"><ref bean="net.bcgi.util.db.ParamDef.IN"></ref></property>
	</bean>
	
	<bean id="pro_get_acct_online_status_param_5" class="net.bcgi.util.db.ParamDef" scope="singleton">
			<!-- Modified name pi_imsi to  pi_sim and dattype BIGINT TO VARCHAR during merging release 1.0.11.0 with 1.0.9.0 -->
			<property name="name"><value>pi_sim</value></property>
			<property name="mapTo"><value>pi_sim</value></property>
			<property name="type"><ref bean="java.sql.Types.VARCHAR"></ref></property>
			<property name="position"><value>5</value></property>
			<property name="parameterType"><ref bean="net.bcgi.util.db.ParamDef.IN"></ref></property>
	</bean>
	
	<bean id="pro_get_acct_online_status_param_6" class="net.bcgi.util.db.ParamDef" scope="singleton">
			<property name="name"><value>po_call_sess_exists</value></property>
			<property name="mapTo"><value>po_call_sess_exists</value></property>
			<property name="type"><ref bean="java.sql.Types.INTEGER"></ref></property>
			<property name="position"><value>6</value></property>
			<property name="parameterType"><ref bean="net.bcgi.util.db.ParamDef.OUT"></ref></property>
	</bean>
	
	<bean id="pro_get_acct_online_status_param_7" class="net.bcgi.util.db.ParamDef" scope="singleton">
			<property name="name"><value>po_data_sess_exists</value></property>
			<property name="mapTo"><value>po_data_sess_exists</value></property>
			<property name="type"><ref bean="java.sql.Types.INTEGER"></ref></property>
			<property name="position"><value>7</value></property>
			<property name="parameterType"><ref bean="net.bcgi.util.db.ParamDef.OUT"></ref></property>
	</bean>
	<!-- Added extra po_acct_expired_flag at position 8 during merging release 1.0.11.0 with 1.0.9.0 -->
	<bean id="pro_get_acct_online_status_param_8" class="net.bcgi.util.db.ParamDef" scope="singleton">
			<property name="name"><value>po_acct_expired_flag</value></property>
			<property name="mapTo"><value>po_acct_expired_flag</value></property>
			<property name="type"><ref bean="java.sql.Types.VARCHAR"></ref></property>
			<property name="position"><value>8</value></property>
			<property name="parameterType"><ref bean="net.bcgi.util.db.ParamDef.OUT"></ref></property>
	</bean>
	<bean id="pro_get_acct_online_status_param_9" class="net.bcgi.util.db.ParamDef" scope="singleton">
			<property name="name"><value>po_error_code</value></property>
			<property name="mapTo"><value>po_error_code</value></property>
			<property name="type"><ref bean="java.sql.Types.BIGINT"></ref></property>
			<property name="position"><value>9</value></property>
			<property name="parameterType"><ref bean="net.bcgi.util.db.ParamDef.OUT"></ref></property>
	</bean>
	
 </beans>