<?xml version="1.0" encoding="UTF-8" ?>
<!DOCTYPE beans PUBLIC "-//SPRING//DTD BEAN//EN" "http://www.springframework.org/dtd/spring-beans.dtd">
<beans>
	<!--  import standard constants used in all bean files -->
	<bean id="pro_rc_pre_load_info_new"
		class="net.bcgi.util.db.SPDefinition" scope="singleton">
		<property name="name"><value>CS_PKG_RECHARGE_PRODUCT_MGMT.PRO_RC_PRE_LOAD_INFO</value></property>
		<property name="returnsResult"><value>false</value></property>
		<property name="parameters">
			<list>
				<ref bean="pro_rc_pre_load_info_new_param_1"></ref>
				<ref bean="pro_rc_pre_load_info_new_param_2"></ref>
				<ref bean="pro_rc_pre_load_info_new_param_3"></ref>
				<ref bean="pro_rc_pre_load_info_new_param_4"></ref>
				<ref bean="pro_rc_pre_load_info_new_param_5"></ref>
				<ref bean="pro_rc_pre_load_info_new_param_6"></ref>
				<ref bean="pro_rc_pre_load_info_new_param_7"></ref>
				<ref bean="pro_rc_pre_load_info_new_param_8"></ref>
				<ref bean="pro_rc_pre_load_info_new_param_9"></ref>
				<ref bean="pro_rc_pre_load_info_new_param_10"></ref>
			</list>
		</property>
		<property name="refCursors">
				<map>
				<entry key="3">
					<ref bean="po_tariff_package_new_dtls"/>
				</entry>
				<entry key="4">
					<ref bean="po_subscategory_new_dtls"/>
				</entry>
				<entry key="5">
					<ref bean="po_rc_category_new_dtls"/>
				</entry>
				<entry key="6">
					<ref bean="po_balnce_id_new_dtls"/>
				</entry>
			
				<entry key="7">
					<ref bean="po_atp_new_dtls"/>
				</entry>
				
				<entry key="8">
					<ref bean="po_channel_new_dtls"/>
				</entry>
				
			</map>		
		</property>
	</bean>
	<bean id="po_tariff_package_new_dtls"
		class="net.bcgi.util.db.ResultSetDef" scope="prototype">
		<property name="resultSetParams">
			<list>
				<ref bean="po_tariff_package_new_dtls_cursor_param_1"></ref>
				<ref bean="po_tariff_package_new_dtls_cursor_param_2"></ref>
			</list>
		</property>
		<property name="className" value="com.xius.billing.agent.domaindata.impl.submgmt.TariffPackCusorDtls"/>
	</bean>
	<bean id="po_subscategory_new_dtls"
		class="net.bcgi.util.db.ResultSetDef" scope="prototype">
		<property name="resultSetParams">
			<list>
				<ref bean="po_subscategory_new_dtls_cursor_param_1"></ref>
				<ref bean="po_subscategory_new_dtls_cursor_param_2"></ref>
			</list>
		</property>
		<property name="className" value="com.xius.billing.agent.domaindata.impl.submgmt.SubsCategoryCusorDtls"/>
	</bean>
	<bean id="po_rc_category_new_dtls"
		class="net.bcgi.util.db.ResultSetDef" scope="prototype">
		<property name="resultSetParams">
			<list>
				<ref bean="po_rc_category_new_dtls_cursor_param_1"></ref>
				<ref bean="po_rc_category_new_dtls_cursor_param_2"></ref>
			</list>
		</property>
		<property name="className" value="com.xius.billing.agent.domaindata.impl.submgmt.RCCategoryCusorDtlsData"/>
	</bean>
	<bean id="po_balnce_id_new_dtls"
		class="net.bcgi.util.db.ResultSetDef" scope="prototype">
		<property name="resultSetParams">
			<list>
				<ref bean="po_balnce_id_new_dtls_cursor_param_1"></ref>
				<ref bean="po_balnce_id_new_dtls_cursor_param_2"></ref>
			</list>
		</property>
		<property name="className" value="com.xius.billing.agent.domaindata.impl.submgmt.BalanceIdCusorDtls"/>
	</bean>

  <bean id="po_atp_new_dtls"
		class="net.bcgi.util.db.ResultSetDef" scope="prototype">
		<property name="resultSetParams">
			<list>
				<ref bean="po_atp_new_dtls_cursor_param_1"></ref>
				<ref bean="po_atp_new_dtls_cursor_param_2"></ref>
				<ref bean="po_atp_new_dtls_cursor_param_3"></ref>
			</list>
		</property>
		<property name="className" value="com.xius.billing.agent.domaindata.impl.submgmt.AtpDtlsData"/>
	</bean>

 <bean id="po_channel_new_dtls"
		class="net.bcgi.util.db.ResultSetDef" scope="prototype">
		<property name="resultSetParams">
			<list>
				<ref bean="po_channel_new_dtls_param_1"></ref>
				<ref bean="po_channel_new_dtls_param_2"></ref>
			</list>
		</property>
		<property name="className" value="com.xius.billing.agent.domaindata.impl.submgmt.ChannelDtlsData"/>
	</bean>



	<!-- params of po_tariff_package_dtls_cursor_param_1 -->
	<bean id="po_tariff_package_new_dtls_cursor_param_1" class="net.bcgi.util.db.ResultSetParam" scope="singleton">
	  <property name="procedureColumnName"><value>tariff_package_desc</value></property>
	  <property name="mapTo"><value>tariff_package_desc</value></property>
	  <property name="columnType"><ref bean="java.sql.Types.VARCHAR"></ref></property>
	  <property name="position"><value>1</value></property>
	</bean>
	<bean id="po_tariff_package_new_dtls_cursor_param_2" class="net.bcgi.util.db.ResultSetParam" scope="singleton">
	  <property name="procedureColumnName"><value>tariff_package_id</value></property>
	  <property name="mapTo"><value>tariff_package_id</value></property>
	  <property name="columnType"><ref bean="java.sql.Types.VARCHAR"></ref></property>
	  <property name="position"><value>2</value></property>
	</bean>
	
	
	
	
	<bean id="po_subscategory_new_dtls_cursor_param_1" class="net.bcgi.util.db.ResultSetParam" scope="singleton">
	  <property name="procedureColumnName"><value>category_id</value></property>
	  <property name="mapTo"><value>category_id</value></property>
	  <property name="columnType"><ref bean="java.sql.Types.VARCHAR"></ref></property>
	  <property name="position"><value>1</value></property>
	</bean>
	<bean id="po_subscategory_new_dtls_cursor_param_2" class="net.bcgi.util.db.ResultSetParam" scope="singleton">
	  <property name="procedureColumnName"><value>category_name</value></property>
	  <property name="mapTo"><value>category_name</value></property>
	  <property name="columnType"><ref bean="java.sql.Types.VARCHAR"></ref></property>
	  <property name="position"><value>2</value></property>
	</bean>
	<!-- params of po_asgned_bundles -->
	
	
	
	<bean id="po_rc_category_new_dtls_cursor_param_1" class="net.bcgi.util.db.ResultSetParam" scope="singleton">
	  <property name="procedureColumnName"><value>category_id</value></property>
	  <property name="mapTo"><value>category_id</value></property>
	  <property name="columnType"><ref bean="java.sql.Types.VARCHAR"></ref></property>
	  <property name="position"><value>1</value></property>
	</bean>
	<bean id="po_rc_category_new_dtls_cursor_param_2" class="net.bcgi.util.db.ResultSetParam" scope="singleton">
	  <property name="procedureColumnName"><value>category_name</value></property>
	  <property name="mapTo"><value>category_name</value></property>
	  <property name="columnType"><ref bean="java.sql.Types.VARCHAR"></ref></property>
	  <property name="position"><value>2</value></property>
	</bean>
	
	
	<bean id="po_balnce_id_new_dtls_cursor_param_1" class="net.bcgi.util.db.ResultSetParam" scope="singleton">
	  <property name="procedureColumnName"><value>balance_category</value></property>
	  <property name="mapTo"><value>balance_category</value></property>
	  <property name="columnType"><ref bean="java.sql.Types.VARCHAR"></ref></property>
	  <property name="position"><value>1</value></property>
	</bean>
	<bean id="po_balnce_id_new_dtls_cursor_param_2" class="net.bcgi.util.db.ResultSetParam" scope="singleton">
	  <property name="procedureColumnName"><value>balance_id</value></property>
	  <property name="mapTo"><value>balance_id</value></property>
	  <property name="columnType"><ref bean="java.sql.Types.VARCHAR"></ref></property>
	  <property name="position"><value>2</value></property>
	</bean>
	
	
	
	
	<bean id="po_atp_new_dtls_cursor_param_1" class="net.bcgi.util.db.ResultSetParam" scope="singleton">
	  <property name="procedureColumnName"><value>service_package_desc</value></property>
	  <property name="mapTo"><value>service_package_desc</value></property>
	  <property name="columnType"><ref bean="java.sql.Types.VARCHAR"></ref></property>
	  <property name="position"><value>1</value></property>
	</bean>
	<bean id="po_atp_new_dtls_cursor_param_2" class="net.bcgi.util.db.ResultSetParam" scope="singleton">
	  <property name="procedureColumnName"><value>service_package_id</value></property>
	  <property name="mapTo"><value>service_package_id</value></property>
	  <property name="columnType"><ref bean="java.sql.Types.VARCHAR"></ref></property>
	  <property name="position"><value>2</value></property>
	</bean>
	<bean id="po_atp_new_dtls_cursor_param_3" class="net.bcgi.util.db.ResultSetParam" scope="singleton">
	  <property name="procedureColumnName"><value>publicity_id</value></property>
	  <property name="mapTo"><value>publicity_id</value></property>
	  <property name="columnType"><ref bean="java.sql.Types.VARCHAR"></ref></property>
	  <property name="position"><value>3</value></property>
	</bean>
	
	
	
	
	<!-- params of po_immed_avlble_bundles -->
	<bean id="po_channel_new_dtls_param_1" class="net.bcgi.util.db.ResultSetParam" scope="singleton">
	  <property name="procedureColumnName"><value>channel_id</value></property>
	  <property name="mapTo"><value>channel_id</value></property>
	  <property name="columnType"><ref bean="java.sql.Types.VARCHAR"></ref></property>
	  <property name="position"><value>1</value></property>
	</bean>
	<bean id="po_channel_new_dtls_param_2" class="net.bcgi.util.db.ResultSetParam" scope="singleton">
	  <property name="procedureColumnName"><value>channel_name</value></property>
	  <property name="mapTo"><value>channel_name</value></property>
	  <property name="columnType"><ref bean="java.sql.Types.VARCHAR"></ref></property>
	  <property name="position"><value>2</value></property>
	</bean>
	




	<bean id="pro_rc_pre_load_info_new_param_1"
			class="net.bcgi.util.db.ParamDef" scope="singleton">
			<property name="name"><value>pi_network_id</value></property>
			<property name="mapTo"><value>pi_network_id</value></property>
			<property name="type"><ref bean="java.sql.Types.BIGINT"></ref></property>
			<property name="position"><value>1</value></property>
			<property name="parameterType"><ref bean="net.bcgi.util.db.ParamDef.IN"></ref></property>
	</bean>
	<bean id="pro_rc_pre_load_info_new_param_2"
			class="net.bcgi.util.db.ParamDef" scope="singleton">
			<property name="name"><value>pi_tariff_package_id</value></property>
			<property name="mapTo"><value>pi_tariff_package_id</value></property>
			<property name="type"><ref bean="java.sql.Types.BIGINT"></ref></property>
			<property name="position"><value>2</value></property>
			<property name="parameterType"><ref bean="net.bcgi.util.db.ParamDef.IN"></ref></property>
	</bean>
	<bean id="pro_rc_pre_load_info_new_param_3"
			class="net.bcgi.util.db.ParamDef" scope="singleton">
			<property name="name"><value>po_tariff_package_dtls</value></property>
			<property name="mapTo"><value>po_tariff_package_new_dtls</value></property>
			<property name="type"><ref bean="oracle.jdbc.driver.OracleTypes.CURSOR"></ref></property>
			<property name="position"><value>3</value></property>
			<property name="parameterType"><ref bean="net.bcgi.util.db.ParamDef.OUT"></ref></property>
	</bean>
	<bean id="pro_rc_pre_load_info_new_param_4"
			class="net.bcgi.util.db.ParamDef" scope="singleton">
			<property name="name"><value>po_subscategory_dtls</value></property>
			<property name="mapTo"><value>po_subscategory_new_dtls</value></property>
			<property name="type"><ref bean="oracle.jdbc.driver.OracleTypes.CURSOR"></ref></property>
			<property name="position"><value>4</value></property>
			<property name="parameterType"><ref bean="net.bcgi.util.db.ParamDef.OUT"></ref></property>
	</bean>
	<bean id="pro_rc_pre_load_info_new_param_5"
			class="net.bcgi.util.db.ParamDef" scope="singleton">
			<property name="name"><value>po_rc_category_dtls</value></property>
			<property name="mapTo"><value>po_rc_category_new_dtls</value></property>
			<property name="type"><ref bean="oracle.jdbc.driver.OracleTypes.CURSOR"></ref></property>
			<property name="position"><value>5</value></property>
			<property name="parameterType"><ref bean="net.bcgi.util.db.ParamDef.OUT"></ref></property>
	</bean>
	<bean id="pro_rc_pre_load_info_new_param_6"
			class="net.bcgi.util.db.ParamDef" scope="singleton">
			<property name="name"><value>po_balnce_id_dtls</value></property>
			<property name="mapTo"><value>po_balnce_id_new_dtls</value></property>
			<property name="type"><ref bean="oracle.jdbc.driver.OracleTypes.CURSOR"></ref></property>
			<property name="position"><value>6</value></property>
			<property name="parameterType"><ref bean="net.bcgi.util.db.ParamDef.OUT"></ref></property>
	</bean>
	<bean id="pro_rc_pre_load_info_new_param_7"
			class="net.bcgi.util.db.ParamDef" scope="singleton">
			<property name="name"><value>po_atp_dtls</value></property>
			<property name="mapTo"><value>po_atp_new_dtls</value></property>
			<property name="type"><ref bean="oracle.jdbc.driver.OracleTypes.CURSOR"></ref></property>
			<property name="position"><value>7</value></property>
			<property name="parameterType"><ref bean="net.bcgi.util.db.ParamDef.OUT"></ref></property>
	</bean>
		<bean id="pro_rc_pre_load_info_new_param_8"
			class="net.bcgi.util.db.ParamDef" scope="singleton">
			<property name="name"><value>po_channel_dtls</value></property>
			<property name="mapTo"><value>po_channel_new_dtls</value></property>
			<property name="type"><ref bean="oracle.jdbc.driver.OracleTypes.CURSOR"></ref></property>
			<property name="position"><value>8</value></property>
			<property name="parameterType"><ref bean="net.bcgi.util.db.ParamDef.OUT"></ref></property>
	</bean>
	<bean id="pro_rc_pre_load_info_new_param_9" class="net.bcgi.util.db.ParamDef" scope="singleton">
			<property name="name"><value>po_error_code</value></property>
			<property name="mapTo"><value>po_error_code</value></property>
			<property name="type"><ref bean="java.sql.Types.BIGINT"></ref></property>
			<property name="position"><value>9</value></property>
			<property name="parameterType"><ref bean="net.bcgi.util.db.ParamDef.OUT"></ref></property>
	</bean>
	<bean id="pro_rc_pre_load_info_new_param_10" class="net.bcgi.util.db.ParamDef" scope="singleton">
		<property name="name"><value>po_error_desc</value></property>
		<property name="mapTo"><value>po_error_mesg</value></property>
		<property name="type"><ref bean="java.sql.Types.VARCHAR"></ref></property>
		<property name="position"><value>10</value></property>
		<property name="parameterType"><ref bean="net.bcgi.util.db.ParamDef.OUT"></ref></property>
	</bean>
 </beans>
