<!DOCTYPE beans PUBLIC "-//SPRING//DTD BEAN//EN" "http://www.springframework.org/dtd/spring-beans.dtd">
<beans>
	<bean id="pro_get_dre_sessions_for_asr" class="net.bcgi.util.db.SPDefinition" scope="prototype">
	<property name="name"><value>PRO_GET_DRE_SESSIONS_FOR_ASR</value></property>
	<property name="returnsResult"><value>false</value></property>
	<property name="parameters">
		<list> <!--  parameter list -->
			<ref bean="pro_get_dre_session_for_asr_1"></ref>
			<ref bean="pro_get_dre_session_for_asr_2"></ref>	
			<ref bean="pro_get_dre_session_for_asr_3"></ref>
			<ref bean="pro_get_dre_session_for_asr_4"></ref>
			<ref bean="pro_get_dre_session_for_asr_5"></ref>
			<ref bean="pro_get_dre_session_for_asr_6"></ref>
			<ref bean="pro_get_dre_session_for_asr_7"></ref>
		</list>
	</property>
	</bean>	
	<bean id="pro_get_dre_session_for_asr_1" class="net.bcgi.util.db.ParamDef" scope="singleton">
		<property name="name"><value>pi_account_id</value></property>
		<property name="mapTo"><value>pi_account_id</value></property>
		<property name="type"><ref bean="java.sql.Types.BIGINT"></ref></property>
		<property name="position"><value>1</value></property>
		<property name="parameterType"><ref bean="net.bcgi.util.db.ParamDef.IN"></ref></property>
	</bean>
	<bean id="pro_get_dre_session_for_asr_2" class="net.bcgi.util.db.ParamDef" scope="singleton">
		<property name="name"><value>po_client_ip_port_arr</value></property>
		<property name="mapTo"><value>po_client_ip_port_arr</value></property>
		<property name="type"><ref bean="java.sql.Types.ARRAY"></ref></property>
		<property name="arrayName"><value>ARR_VARCHAR</value></property>
		<property name="position"><value>2</value></property>
		<property name="parameterType"><ref bean="net.bcgi.util.db.ParamDef.OUT"></ref></property>
	</bean>
	<bean id="pro_get_dre_session_for_asr_3" class="net.bcgi.util.db.ParamDef" scope="singleton">
		<property name="name"><value>po_nig_instance_id_arr</value></property>
		<property name="mapTo"><value>po_nig_instance_id_arr</value></property>
		<property name="type"><ref bean="java.sql.Types.ARRAY"></ref></property>
		<property name="arrayName"><value>ARR_NUMB</value></property>
		<property name="position"><value>3</value></property>
		<property name="parameterType"><ref bean="net.bcgi.util.db.ParamDef.OUT"></ref></property>
	</bean>
	<bean id="pro_get_dre_session_for_asr_4" class="net.bcgi.util.db.ParamDef" scope="singleton">
		<property name="name"><value>po_session_id_arr</value></property>
		<property name="mapTo"><value>po_session_id_arr</value></property>
		<property name="type"><ref bean="java.sql.Types.ARRAY"></ref></property>
		<property name="arrayName"><value>ARR_VARCHAR</value></property>
		<property name="position"><value>4</value></property>
		<property name="parameterType"><ref bean="net.bcgi.util.db.ParamDef.OUT"></ref></property>
	</bean>
	<bean id="pro_get_dre_session_for_asr_5" class="net.bcgi.util.db.ParamDef" scope="singleton">
		<property name="name"><value>po_array_count</value></property>
		<property name="mapTo"><value>po_array_count</value></property>
		<property name="type"><ref bean="java.sql.Types.BIGINT"></ref></property>
		<property name="position"><value>5</value></property>
		<property name="parameterType"><ref bean="net.bcgi.util.db.ParamDef.OUT"></ref></property>
	</bean>
	
	<bean id="pro_get_dre_session_for_asr_6" class="net.bcgi.util.db.ParamDef" scope="singleton">
		<property name="name"><value>po_error_code</value></property>
		<property name="mapTo"><value>po_error_code</value></property>
		<property name="type"><ref bean="java.sql.Types.BIGINT"></ref></property>
		<property name="position"><value>6</value></property>
		<property name="parameterType"><ref bean="net.bcgi.util.db.ParamDef.OUT"></ref></property>
	</bean>	
	<bean id="pro_get_dre_session_for_asr_7" class="net.bcgi.util.db.ParamDef" scope="singleton">
		<property name="name"><value>po_error_msg</value></property>
		<property name="mapTo"><value>po_error_mesg</value></property>
		<property name="type"><ref bean="java.sql.Types.VARCHAR"></ref></property>
		<property name="position"><value>7</value></property>
		<property name="parameterType"><ref bean="net.bcgi.util.db.ParamDef.OUT"></ref></property>
	</bean>
</beans>