<?xml version="1.0" encoding="UTF-8" ?>
<!--
	Requirement: MSP 4.0 CCUI enhancements 
	Usage	   : pro_promo_details_insert
	Author	   : Phani.Chavala
	Date	   : 21th Mar 2012		 
-->
<!DOCTYPE beans PUBLIC "-//SPRING//DTD BEAN//EN" "http://www.springframework.org/dtd/spring-beans.dtd">
<beans>
	<bean id="pro_promo_details_insert" class="net.bcgi.util.db.SPDefinition" scope="singleton">
		<property name="name"><value>CLC_PROMO_PACKAGE.PRO_PROMO_DETAILS_INSERT</value></property>
		<property name="returnsResult"><value>false</value></property>
		<property name="parameters">
			<list>
				<ref bean="pro_promo_details_insert_1"></ref>
				<ref bean="pro_promo_details_insert_2"></ref>
				<ref bean="pro_promo_details_insert_3"></ref>
				<ref bean="pro_promo_details_insert_4"></ref>
				<ref bean="pro_promo_details_insert_5"></ref>
				<ref bean="pro_promo_details_insert_6"></ref>				
			</list>
		</property>
	</bean>
	
	<bean id="pro_promo_details_insert_1" class="net.bcgi.util.db.ParamDef" scope="singleton">
			<property name="name"><value>pi_promo_name</value></property>
			<property name="mapTo"><value>name</value></property>
			<property name="type"><ref bean="java.sql.Types.VARCHAR"></ref></property>
			<property name="position"><value>1</value></property>
			<property name="parameterType"><ref bean="net.bcgi.util.db.ParamDef.IN"></ref></property>
	</bean>
	
	<bean id="pro_promo_details_insert_2"  	class="net.bcgi.util.db.ParamDef" scope="singleton">
			<property name="name"><value>pi_start_date</value></property>
			<property name="mapTo"><value>startDate</value></property>
			<property name="type"><ref bean="java.sql.Types.VARCHAR"></ref></property>
			<property name="position"><value>2</value></property>
			<property name="parameterType"><ref bean="net.bcgi.util.db.ParamDef.IN"></ref></property>
	</bean>
	
	<bean id="pro_promo_details_insert_3" class="net.bcgi.util.db.ParamDef" scope="singleton">
			<property name="name"><value>pi_end_date</value></property>
			<property name="mapTo"><value>endDate</value></property>
			<property name="type"><ref bean="java.sql.Types.VARCHAR"></ref></property>
			<property name="position"><value>3</value></property>
			<property name="parameterType"><ref bean="net.bcgi.util.db.ParamDef.IN"></ref></property>
	</bean>
	
	<bean id="pro_promo_details_insert_4" class="net.bcgi.util.db.ParamDef" scope="singleton">
			<property name="name"><value>pi_face_value</value></property>
			<property name="mapTo"><value>value</value></property>
			<property name="type"><ref bean="java.sql.Types.DECIMAL"></ref></property>
			<property name="position"><value>4</value></property>
			<property name="parameterType"><ref bean="net.bcgi.util.db.ParamDef.IN"></ref></property>
	</bean>
	
	<bean id="pro_promo_details_insert_5" class="net.bcgi.util.db.ParamDef" scope="singleton">
			<property name="name"><value>pi_remarks</value></property>
			<property name="mapTo"><value>remarks</value></property>
			<property name="type"><ref bean="java.sql.Types.VARCHAR"></ref></property>
			<property name="position"><value>5</value></property>
			<property name="parameterType"><ref bean="net.bcgi.util.db.ParamDef.IN"></ref></property>
	</bean>

	<bean id="pro_promo_details_insert_6" class="net.bcgi.util.db.ParamDef" scope="singleton">
			<property name="name"><value>po_error_code</value></property>
			<property name="mapTo"><value>po_error_code</value></property>
			<property name="type"><ref bean="java.sql.Types.BIGINT"></ref></property>
			<property name="position"><value>6</value></property>
			<property name="parameterType"><ref bean="net.bcgi.util.db.ParamDef.OUT"></ref></property>
	</bean>
	
 </beans>
