<?xml version="1.0" encoding="UTF-8" ?>

<!DOCTYPE beans PUBLIC "-//SPRING//DTD BEAN//EN" "http://www.springframework.org/dtd/spring-beans.dtd">
<beans>
	<!--  import standard constants used in all bean files -->
	<!-- start pro_get_atp_dtls_by_name -->
	<bean id="pro_get_atp_dtls_by_name"
		class="net.bcgi.util.db.SPDefinition" scope="singleton">
		<property name="name"><value>CS_PKG_SEARCH_ACCOUNT.pro_get_atp_dtls_by_name</value></property>
		<property name="returnsResult"><value>false</value></property>
		<property name="parameters">
			<list>
				<ref bean="pro_get_atp_dtls_by_name_param_1"></ref>
				<ref bean="pro_get_atp_dtls_by_name_param_2"></ref>
				<ref bean="pro_get_atp_dtls_by_name_param_3"></ref>
				<ref bean="pro_get_atp_dtls_by_name_param_4"></ref>
				<ref bean="pro_get_atp_dtls_by_name_param_5"></ref>
				<ref bean="pro_get_atp_dtls_by_name_param_6"></ref>
				
			</list>
		</property>
		<property name="refCursors">
				<map>
				<entry key="4">
					<ref bean="po_atp_details"/>
				</entry>
				
			</map>		
		</property>
	</bean>
	<bean id="po_atp_details"
		class="net.bcgi.util.db.ResultSetDef" scope="prototype">
		<property name="resultSetParams">
			<list>
				<ref bean="pro_get_atp_dtls_by_name_cursor_param_1"></ref>
				<ref bean="pro_get_atp_dtls_by_name_cursor_param_2"></ref>
				<ref bean="pro_get_atp_dtls_by_name_cursor_param_3"></ref>
				<ref bean="pro_get_atp_dtls_by_name_cursor_param_4"></ref>
				<ref bean="pro_get_atp_dtls_by_name_cursor_param_5"></ref>
				<ref bean="pro_get_atp_dtls_by_name_cursor_param_6"></ref>
			</list>
		</property>
		<property name="className" value="com.xius.billing.agent.domaindata.impl.submgmt.GetMulBndlNameDtlsCurData"/>
	</bean>
	<bean id="pro_get_atp_dtls_by_name_cursor_param_1" class="net.bcgi.util.db.ResultSetParam" scope="singleton">
	  <property name="procedureColumnName"><value>service_package_id</value></property>
	  <property name="mapTo"><value>atp_id</value></property>
	  <property name="columnType"><ref bean="java.sql.Types.BIGINT"></ref></property>
	  <property name="position"><value>1</value></property>
	</bean>
	<bean id="pro_get_atp_dtls_by_name_cursor_param_2" class="net.bcgi.util.db.ResultSetParam" scope="singleton">
	  <property name="procedureColumnName"><value>charge_id</value></property>
	  <property name="mapTo"><value>charge_id</value></property>
	  <property name="columnType"><ref bean="java.sql.Types.VARCHAR"></ref></property>
	  <property name="position"><value>2</value></property>
	</bean>
	
	
	<bean id="pro_get_atp_dtls_by_name_cursor_param_3" class="net.bcgi.util.db.ResultSetParam" scope="singleton">
	  <property name="procedureColumnName"><value>charge</value></property>
	  <property name="mapTo"><value>charge</value></property>
	  <property name="columnType"><ref bean="java.sql.Types.DECIMAL"></ref></property>
	  <property name="position"><value>3</value></property>
	</bean>
	
	<bean id="pro_get_atp_dtls_by_name_cursor_param_4" class="net.bcgi.util.db.ResultSetParam" scope="singleton">
	  <property name="procedureColumnName"><value>publicity_id</value></property>
	  <property name="mapTo"><value>publicityId</value></property>
	  <property name="columnType"><ref bean="java.sql.Types.VARCHAR"></ref></property>
	  <property name="position"><value>4</value></property>
	</bean>
	<bean id="pro_get_atp_dtls_by_name_cursor_param_5" class="net.bcgi.util.db.ResultSetParam" scope="singleton">
	  <property name="procedureColumnName"><value>plan_name</value></property>
	  <property name="mapTo"><value>plan_name</value></property>
	  <property name="columnType"><ref bean="java.sql.Types.VARCHAR"></ref></property>
	  <property name="position"><value>5</value></property>
	</bean>
	<bean id="pro_get_atp_dtls_by_name_cursor_param_6" class="net.bcgi.util.db.ResultSetParam" scope="singleton">
	  <property name="procedureColumnName"><value>plan_type</value></property>
	  <property name="mapTo"><value>plan_type</value></property>
	  <property name="columnType"><ref bean="java.sql.Types.VARCHAR"></ref></property>
	  <property name="position"><value>6</value></property>
	</bean>
	
	
	
	
	<bean id="pro_get_atp_dtls_by_name_param_1"
			class="net.bcgi.util.db.ParamDef" scope="singleton">
			<property name="name"><value>pi_network_id</value></property>
			<property name="mapTo"><value>pi_network_id</value></property>
			<property name="type"><ref bean="java.sql.Types.BIGINT"></ref></property>
			<property name="position"><value>1</value></property>
			<property name="parameterType"><ref bean="net.bcgi.util.db.ParamDef.IN"></ref></property>
	</bean>
	<bean id="pro_get_atp_dtls_by_name_param_2"
			class="net.bcgi.util.db.ParamDef" scope="singleton">
			<property name="name"><value>pi_atp_name</value></property>
			<property name="mapTo"><value>pi_publicity_id</value></property>
			<property name="type"><ref bean="java.sql.Types.ARRAY"></ref></property>
			<property name="arrayName"><value>ARR_VARCHAR</value></property>
			<property name="position"><value>2</value></property>
			<property name="parameterType"><ref bean="net.bcgi.util.db.ParamDef.IN"></ref></property>
	</bean>
	<bean id="pro_get_atp_dtls_by_name_param_3"
			class="net.bcgi.util.db.ParamDef" scope="singleton">
			<property name="name"><value>pi_msisdn_no</value></property>
			<property name="mapTo"><value>pi_msisdn_no</value></property>
			<property name="type"><ref bean="java.sql.Types.BIGINT"></ref></property>
			<property name="position"><value>3</value></property>
			<property name="parameterType"><ref bean="net.bcgi.util.db.ParamDef.IN"></ref></property>
	</bean>
	<bean id="pro_get_atp_dtls_by_name_param_4"
			class="net.bcgi.util.db.ParamDef" scope="singleton">
			<property name="name"><value>po_atp_details</value></property>
			<property name="mapTo"><value>po_publicityid_details</value></property>
			<property name="type"><ref bean="oracle.jdbc.driver.OracleTypes.CURSOR"></ref></property>
			<property name="position"><value>4</value></property>
			<property name="parameterType"><ref bean="net.bcgi.util.db.ParamDef.OUT"></ref></property>
	</bean>
	
	<bean id="pro_get_atp_dtls_by_name_param_5"
			class="net.bcgi.util.db.ParamDef" scope="singleton">
			<property name="name"><value>po_error_code</value></property>
			<property name="mapTo"><value>po_error_code</value></property>
			<property name="type"><ref bean="java.sql.Types.BIGINT"></ref></property>
			<property name="position"><value>5</value></property>
			<property name="parameterType"><ref bean="net.bcgi.util.db.ParamDef.OUT"></ref></property>
	</bean>
	<bean id="pro_get_atp_dtls_by_name_param_6" class="net.bcgi.util.db.ParamDef" scope="singleton">
			<property name="name"><value>po_error_desc</value></property>
			<property name="mapTo"><value>po_error_mesg</value></property>
			<property name="type"><ref bean="java.sql.Types.VARCHAR"></ref></property>
			<property name="position"><value>6</value></property>
			<property name="parameterType"><ref bean="net.bcgi.util.db.ParamDef.OUT"></ref></property>
	</bean>
 </beans>
