<?xml version="1.0" encoding="UTF-8" ?>
<!DOCTYPE beans PUBLIC "-//SPRING//DTD BEAN//EN" "http://www.springframework.org/dtd/spring-beans.dtd">

<beans>
	
	<bean id="pro_atp_purchg_audit"
		class="net.bcgi.util.db.SPDefinition" scope="singleton">
		<property name="name"><value>cs_pkg_rentals_v1.pro_atp_purchg_audit</value></property>
		<property name="returnsResult"><value>false</value></property>
		<property name="parameters">
			<list>
				<ref bean="pro_atp_perchg_audit_1"></ref>
				<ref bean="pro_atp_perchg_audit_2"></ref>
				<ref bean="pro_atp_perchg_audit_3"></ref>
				<ref bean="pro_atp_perchg_audit_4"></ref>	
				<ref bean="pro_atp_perchg_audit_5"></ref>	
				<ref bean="pro_atp_perchg_audit_6"></ref>	
				<ref bean="pro_atp_perchg_audit_7"></ref>	
				<ref bean="pro_atp_perchg_audit_8"></ref>
				<ref bean="pro_atp_perchg_audit_9"></ref>
				<ref bean="pro_atp_perchg_audit_10"></ref>
				<ref bean="pro_atp_perchg_audit_11"></ref>	
			</list>
		</property>
		<property name="refCursors">
			<map>
				<entry key="9">
					<ref bean="po_credit_card_details"/>
				</entry>
			</map>
		</property>
	</bean>
	<bean id="po_credit_card_details"
		class="net.bcgi.util.db.ResultSetDef" scope="prototype">
		<property name="resultSetParams">
			<list>
				<ref bean="po_credit_card_details_param_1"></ref>
				<ref bean="po_credit_card_details_param_2"></ref>
				<ref bean="po_credit_card_details_param_3"></ref>
				<ref bean="po_credit_card_details_param_4"></ref>
				<ref bean="po_credit_card_details_param_5"></ref>
				<ref bean="po_credit_card_details_param_6"></ref>
				<ref bean="po_credit_card_details_param_7"></ref>
				<ref bean="po_credit_card_details_param_8"></ref>
				<ref bean="po_credit_card_details_param_9"></ref>	
				<ref bean="po_credit_card_details_param_10"></ref>	
				
			</list>
		</property>		
		<property name="className" value="com.xius.billing.agent.domaindata.impl.submgmt.CreditCardDetailCursorData"/>
	</bean>
	<bean id="po_credit_card_details_param_1" class="net.bcgi.util.db.ResultSetParam" scope="singleton">
	  <property name="procedureColumnName"><value>cardno</value></property>
	  <property name="mapTo"><value>cardno</value></property>
	  <property name="columnType"><ref bean="java.sql.Types.VARCHAR"></ref></property>
	  <property name="position"><value>1</value></property>
	</bean>
	<bean id="po_credit_card_details_param_2" class="net.bcgi.util.db.ResultSetParam" scope="singleton">
	  <property name="procedureColumnName"><value>cardtype</value></property>
	  <property name="mapTo"><value>cardtype</value></property>
	  <property name="columnType"><ref bean="java.sql.Types.VARCHAR"></ref></property>
	  <property name="position"><value>2</value></property>
	</bean>
	<bean id="po_credit_card_details_param_3" class="net.bcgi.util.db.ResultSetParam" scope="singleton">
	  <property name="procedureColumnName"><value>cc_expiry_date</value></property>
	  <property name="mapTo"><value>cc_expiry_date</value></property>
	  <property name="columnType"><ref bean="java.sql.Types.VARCHAR"></ref></property>
	  <property name="position"><value>3</value></property>
	</bean>
	<bean id="po_credit_card_details_param_4" class="net.bcgi.util.db.ResultSetParam" scope="singleton">
	  <property name="procedureColumnName"><value>cvv</value></property>
	  <property name="mapTo"><value>cvv</value></property>
	  <property name="columnType"><ref bean="java.sql.Types.VARCHAR"></ref></property>
	  <property name="position"><value>4</value></property>
	</bean>
	<bean id="po_credit_card_details_param_5" class="net.bcgi.util.db.ResultSetParam" scope="singleton">
	  <property name="procedureColumnName"><value>fund_src_type</value></property>
	  <property name="mapTo"><value>fund_src_type</value></property>
	  <property name="columnType"><ref bean="java.sql.Types.VARCHAR"></ref></property>
	  <property name="position"><value>5</value></property>
	</bean>
	<bean id="po_credit_card_details_param_6" class="net.bcgi.util.db.ResultSetParam" scope="singleton">
	  <property name="procedureColumnName"><value>nameoncard</value></property>
	  <property name="mapTo"><value>nameoncard</value></property>
	  <property name="columnType"><ref bean="java.sql.Types.VARCHAR"></ref></property>
	  <property name="position"><value>6</value></property>
	</bean>
	<bean id="po_credit_card_details_param_7" class="net.bcgi.util.db.ResultSetParam" scope="singleton">
	  <property name="procedureColumnName"><value>status</value></property>
	  <property name="mapTo"><value>status</value></property>
	  <property name="columnType"><ref bean="java.sql.Types.VARCHAR"></ref></property>
	  <property name="position"><value>7</value></property>
	</bean>
		<bean id="po_credit_card_details_param_8" class="net.bcgi.util.db.ResultSetParam" scope="singleton">
	  <property name="procedureColumnName"><value>account_id</value></property>
	  <property name="mapTo"><value>account_id</value></property>
	  <property name="columnType"><ref bean="java.sql.Types.VARCHAR"></ref></property>
	  <property name="position"><value>8</value></property>
	</bean>
	
	<bean id="po_credit_card_details_param_9" class="net.bcgi.util.db.ResultSetParam" scope="singleton">
	  <property name="procedureColumnName"><value>msisdn_no</value></property>
	  <property name="mapTo"><value>msisdn_no</value></property>
	  <property name="columnType"><ref bean="java.sql.Types.BIGINT"></ref></property>
	  <property name="position"><value>9</value></property>
	</bean>
	<bean id="po_credit_card_details_param_10" class="net.bcgi.util.db.ResultSetParam" scope="singleton">
	  <property name="procedureColumnName"><value>profile_imsi_no</value></property>
	  <property name="mapTo"><value>profile_imsi_no</value></property>
	  <property name="columnType"><ref bean="java.sql.Types.BIGINT"></ref></property>
	  <property name="position"><value>10</value></property>
	</bean>
	
	<!-- End of cursor mapping -->
	
	<bean id="pro_atp_perchg_audit_1" class="net.bcgi.util.db.ParamDef" scope="singleton">
			<property name="name"><value>pi_network_id</value></property>
			<property name="mapTo"><value>pi_network_id</value></property>
			<property name="type"><ref bean="java.sql.Types.BIGINT"></ref></property>
			<property name="position"><value>1</value></property>
			<property name="parameterType"><ref bean="net.bcgi.util.db.ParamDef.IN"></ref></property>
	</bean>
	<bean id="pro_atp_perchg_audit_2" class="net.bcgi.util.db.ParamDef" scope="singleton">
		<property name="name"><value>pi_account_id</value></property>
		<property name="mapTo"><value>pi_account_id</value></property>
		<property name="type"><ref bean="java.sql.Types.VARCHAR"></ref></property>
		<property name="position"><value>2</value></property>
		<property name="parameterType">	<ref bean="net.bcgi.util.db.ParamDef.IN"></ref></property>
	</bean>
	<bean id="pro_atp_perchg_audit_3" class="net.bcgi.util.db.ParamDef" scope="singleton">
			<property name="name"><value>pi_status</value></property>
			<property name="mapTo"><value>pi_status</value></property>
			<property name="type"><ref bean="java.sql.Types.VARCHAR"></ref></property>
			<property name="position"><value>3</value></property>
			<property name="parameterType"><ref bean="net.bcgi.util.db.ParamDef.IN"></ref></property>
	</bean>	
	
	<bean id="pro_atp_perchg_audit_4" class="net.bcgi.util.db.ParamDef" scope="singleton">
  		<property name="name"><value>pi_remarks</value></property>
  		<property name="mapTo"><value>pi_remarks</value></property>
  		<property name="type"><ref bean="java.sql.Types.VARCHAR"></ref></property>
  		<property name="position"><value>4</value></property>
  		<property name="parameterType"><ref bean="net.bcgi.util.db.ParamDef.IN"></ref></property>
	</bean>
	
	<bean id="pro_atp_perchg_audit_5" class="net.bcgi.util.db.ParamDef" scope="singleton">
			<property name="name"><value>pi_action_flag</value></property>
			<property name="mapTo"><value>pi_action_flag</value></property>
			<property name="type"><ref bean="java.sql.Types.VARCHAR"></ref></property>
			<property name="position"><value>5</value></property>
			<property name="parameterType"><ref bean="net.bcgi.util.db.ParamDef.IN"></ref></property>
	</bean>
	<bean id="pro_atp_perchg_audit_8" class="net.bcgi.util.db.ParamDef" scope="singleton">
			<property name="name"><value>pio_trans_id</value></property>
			<property name="mapTo"><value>pio_trans_id</value></property>
			<property name="type"><ref bean="java.sql.Types.VARCHAR"></ref></property>
			<property name="position"><value>8</value></property>
			<property name="parameterType"><ref bean="net.bcgi.util.db.ParamDef.IN_OUT"></ref></property>
	</bean>
	<bean id="pro_atp_perchg_audit_9" class="net.bcgi.util.db.ParamDef" scope="singleton">
			<property name="name"><value>po_credit_card_details</value></property>
			<property name="mapTo"><value>po_credit_card_details</value></property>
			<property name="type"><ref bean="oracle.jdbc.driver.OracleTypes.CURSOR"></ref></property>
			<property name="position"><value>9</value></property>
			<property name="parameterType"><ref bean="net.bcgi.util.db.ParamDef.OUT"></ref></property>
	</bean>	
	<bean id="pro_atp_perchg_audit_6" class="net.bcgi.util.db.ParamDef" scope="singleton">
			<property name="name"><value>pi_atp_id</value></property>
			<property name="mapTo"><value>pi_atp_id</value></property>
			<property name="type"><ref bean="java.sql.Types.INTEGER"></ref></property>
			<property name="position"><value>6</value></property>
			<property name="parameterType"><ref bean="net.bcgi.util.db.ParamDef.IN"></ref></property>
	</bean>
	<bean id="pro_atp_perchg_audit_7" class="net.bcgi.util.db.ParamDef" scope="singleton">
			<property name="name"><value>pi_atp_charge</value></property>
			<property name="mapTo"><value>pi_atp_charge</value></property>
			<property name="type"><ref bean="java.sql.Types.DECIMAL"></ref></property>
			<property name="position"><value>7</value></property>
			<property name="parameterType"><ref bean="net.bcgi.util.db.ParamDef.IN"></ref></property>
	</bean>	
	<bean id="pro_atp_perchg_audit_10" class="net.bcgi.util.db.ParamDef" scope="singleton">
			<property name="name"><value>po_error_code</value></property>
			<property name="mapTo"><value>po_error_code</value></property>
			<property name="type"><ref bean="java.sql.Types.BIGINT"></ref></property>
			<property name="position"><value>10</value></property>
			<property name="parameterType"><ref bean="net.bcgi.util.db.ParamDef.OUT"></ref></property>
	</bean>
	<bean id="pro_atp_perchg_audit_11" class="net.bcgi.util.db.ParamDef" scope="singleton">
			<property name="name"><value>po_error_desc</value></property>
			<property name="mapTo"><value>po_error_mesg</value></property>
			<property name="type"><ref bean="java.sql.Types.VARCHAR"></ref></property>
			<property name="position"><value>11</value></property>
			<property name="parameterType"><ref bean="net.bcgi.util.db.ParamDef.OUT"></ref></property>
	</bean>	
 </beans>