<?xml version="1.0" encoding="UTF-8" ?>
<!DOCTYPE beans PUBLIC "-//SPRING//DTD BEAN//EN" "http://www.springframework.org/dtd/spring-beans.dtd">
<beans>
	<!--  import standard constants used in all bean files -->
	<!-- start sp_bos_add_device -->
	<bean id="pro_get_tp_activation_fee"
		class="net.bcgi.util.db.SPDefinition" scope="singleton">
		<property name="name"><value>pro_get_tp_activation_fee</value></property>
		<property name="returnsResult"><value>false</value></property>
		<property name="parameters">     
			<list>
				<ref bean="pro_get_tp_activation_fee_param_1"></ref>
				<ref bean="pro_get_tp_activation_fee_param_2"></ref>
				<ref bean="pro_get_tp_activation_fee_param_3"></ref>
				<ref bean="pro_get_tp_activation_fee_param_4"></ref>
				<ref bean="pro_get_tp_activation_fee_param_5"></ref>
			</list>
		</property>
	
	 <property name="refCursors">
			<map>
				<entry key="3">
					<ref bean="po_tariffpack_details"/>
				</entry>
			</map>
	</property>
</bean>	

	<bean id="po_tariffpack_details" class="net.bcgi.util.db.ResultSetDef" scope="prototype">
		<property name="resultSetParams">
			<list>
				<ref bean="po_tariffpack_details_param_1"></ref>
				<ref bean="po_tariffpack_details_param_2"></ref>
			</list>
		</property>
		<property name="className" value="com.xius.billing.agent.domaindata.impl.submgmt.ActivationFeeCurData"/>
	</bean>
	
	<bean id="po_tariffpack_details_param_1" class="net.bcgi.util.db.ResultSetParam" scope="singleton">
	  <property name="procedureColumnName"><value>activation_fee</value></property>
	  <property name="mapTo"><value>activationFee</value></property>
	  <property name="columnType"><ref bean="java.sql.Types.DECIMAL"></ref></property>
	  <property name="position"><value>1</value></property>
	</bean>
	<bean id="po_tariffpack_details_param_2" class="net.bcgi.util.db.ResultSetParam" scope="singleton">
	  <property name="procedureColumnName"><value>rental_fee</value></property>
	  <property name="mapTo"><value>rentalFee</value></property>
	  <property name="columnType"><ref bean="java.sql.Types.DECIMAL"></ref></property>
	  <property name="position"><value>2</value></property>
	</bean>
	
	
		
	<bean id="pro_get_tp_activation_fee_param_1"
			class="net.bcgi.util.db.ParamDef" scope="singleton">
			<property name="name"><value>pi_network_id</value></property>
			<property name="mapTo"><value>pi_network_id</value></property>
			<property name="type"><ref bean="java.sql.Types.BIGINT"></ref></property>
			<property name="position"><value>1</value></property>
			<property name="parameterType"><ref bean="net.bcgi.util.db.ParamDef.IN"></ref></property>
	</bean>
	<bean id="pro_get_tp_activation_fee_param_2"
			class="net.bcgi.util.db.ParamDef" scope="singleton">
			<property name="name"><value>pi_tariff_pack_id</value></property>
			<property name="mapTo"><value>pi_tariff_pack_id</value></property>
			<property name="type"><ref bean="java.sql.Types.VARCHAR"></ref></property>
			<property name="position"><value>2</value></property>
			<property name="parameterType"><ref bean="net.bcgi.util.db.ParamDef.IN"></ref></property>
	</bean>
	 
	 <bean id="pro_get_tp_activation_fee_param_3"
			class="net.bcgi.util.db.ParamDef" scope="singleton">
			<property name="name"><value>po_tariffpack_details</value></property>
			<property name="mapTo"><value>po_tariffpack_details</value></property>
			<property name="type"><ref bean="oracle.jdbc.driver.OracleTypes.CURSOR"></ref></property>
			<property name="position"><value>3</value></property>
			<property name="parameterType"><ref bean="net.bcgi.util.db.ParamDef.OUT"></ref></property>
	</bean>

	
	<bean id="pro_get_tp_activation_fee_param_4" class="net.bcgi.util.db.ParamDef" scope="singleton">
			<property name="name"><value>po_error_code</value></property>
			<property name="mapTo"><value>po_error_code</value></property>
			<property name="type"><ref bean="java.sql.Types.BIGINT"></ref></property>
			<property name="position"><value>4</value></property>
			<property name="parameterType"><ref bean="net.bcgi.util.db.ParamDef.OUT"></ref></property>
	</bean>	
		<bean id="pro_get_tp_activation_fee_param_5" class="net.bcgi.util.db.ParamDef" scope="singleton">
			<property name="name"><value>po_error_desc</value></property>
			<property name="mapTo"><value>po_error_mesg</value></property>
			<property name="type"><ref bean="java.sql.Types.VARCHAR"></ref></property>
			<property name="position"><value>5</value></property>
			<property name="parameterType"><ref bean="net.bcgi.util.db.ParamDef.OUT"></ref></property>
	</bean>		
 </beans>
