<?xml version="1.0" encoding="UTF-8" ?>
<!-- ======================================================================
-->
<!--                                                                        -->
<!-- XIUS-bcgi Login Agent            -->
<!--                                                                       -->
<!-- $Id: //depot/xb/MSP1.0/MSP-AWS/agents/iba/main/config/configxmls/proc-config/submgmt/pro_get_atp_by_service.xml#1 $     -->
<!-- This file  will maps the SP input parameters to java fields. -->
<!-- $Author: shashidhar.p $  $DateTime: 2023/08/04 15:19:58 $ $Change: 224525 $      -->
<!-- ======================================================================
-->

<!DOCTYPE beans PUBLIC "-//SPRING//DTD BEAN//EN" "http://www.springframework.org/dtd/spring-beans.dtd">
<beans>
	<!--  import standard constants used in all bean files -->
	<!-- start get_bundles -->
	<bean id="pro_get_atp_by_service" class="net.bcgi.util.db.SPDefinition" scope="singleton">
		<property name="name"><value>CS_RAT_SERVICE_MGMT.pro_get_atp_by_service</value></property>
		<property name="returnsResult"><value>false</value></property>
		<property name="parameters">
			<list>
				<ref bean="get_atp_by_service_1"></ref>
				<ref bean="get_atp_by_service_2"></ref>
				<ref bean="get_atp_by_service_3"></ref>
				<ref bean="get_atp_by_service_4"></ref>
				<ref bean="get_atp_by_service_5"></ref>
				<ref bean="get_atp_by_service_6"></ref>
				<ref bean="get_atp_by_service_7"></ref>
				<ref bean="get_atp_by_service_8"></ref>
			</list>
		</property>
		<property name="refCursors">
				<map>
				<entry key="6">
					<ref bean="po_atp_details_cur"/>
				</entry>
			</map>		
		</property>
	</bean>
	<bean id="po_atp_details_cur"
		class="net.bcgi.util.db.ResultSetDef" scope="prototype">
		<property name="resultSetParams">
			<list>
				<ref bean="po_atp_details_cur_param_1"></ref>
				<ref bean="po_atp_details_cur_param_2"></ref>
				<ref bean="po_atp_details_cur_param_3"></ref>
				<ref bean="po_atp_details_cur_param_4"></ref>
				<ref bean="po_atp_details_cur_param_5"></ref>
				<ref bean="po_atp_details_cur_param_6"></ref>
				<ref bean="po_atp_details_cur_param_7"></ref>
				<ref bean="po_atp_details_cur_param_8"></ref>
			</list>
		</property>
		<property name="className" value="com.xius.billing.agent.domaindata.impl.submgmt.SubsATPServicesData"/>
	</bean>
	<!-- params of po_avlble_bundles -->
	<bean id="po_atp_details_cur_param_1" class="net.bcgi.util.db.ResultSetParam" scope="singleton">
	  <property name="procedureColumnName"><value>service_package_desc</value></property>
	  <property name="mapTo"><value>servicePackName</value></property>
	  <property name="columnType"><ref bean="java.sql.Types.VARCHAR"></ref></property>
	  <property name="position"><value>1</value></property>
	</bean>
	<bean id="po_atp_details_cur_param_2" class="net.bcgi.util.db.ResultSetParam" scope="singleton">
	  <property name="procedureColumnName"><value>rental_fee</value></property>
	  <property name="mapTo"><value>rentalAmount</value></property>
	  <property name="columnType"><ref bean="java.sql.Types.DECIMAL"></ref></property>
	  <property name="position"><value>2</value></property>
	</bean>
	<bean id="po_atp_details_cur_param_3" class="net.bcgi.util.db.ResultSetParam" scope="singleton">
	  <property name="procedureColumnName"><value>rental_period</value></property>
	  <property name="mapTo"><value>rentalPeriod</value></property>
	  <property name="columnType"><ref bean="java.sql.Types.VARCHAR"></ref></property>
	  <property name="position"><value>3</value></property>
	</bean>
	<bean id="po_atp_details_cur_param_4" class="net.bcgi.util.db.ResultSetParam" scope="singleton">
	  <property name="procedureColumnName"><value>activation_fee</value></property>
	  <property name="mapTo"><value>activationFee</value></property>
	  <property name="columnType"><ref bean="java.sql.Types.DECIMAL"></ref></property>
	  <property name="position"><value>4</value></property>
	</bean>
	<bean id="po_atp_details_cur_param_5" class="net.bcgi.util.db.ResultSetParam" scope="singleton">
	  <property name="procedureColumnName"><value>atpId</value></property>
	  <property name="mapTo"><value>atpId</value></property>
	  <property name="columnType"><ref bean="java.sql.Types.BIGINT"></ref></property>
	  <property name="position"><value>5</value></property>
	</bean>
	<bean id="po_atp_details_cur_param_6" class="net.bcgi.util.db.ResultSetParam" scope="singleton">
	  <property name="procedureColumnName"><value>chargeId</value></property>
	  <property name="mapTo"><value>chargeId</value></property>
	  <property name="columnType"><ref bean="java.sql.Types.VARCHAR"></ref></property>
	  <property name="position"><value>6</value></property>
	</bean>
	<bean id="po_atp_details_cur_param_7" class="net.bcgi.util.db.ResultSetParam" scope="singleton">
	  <property name="procedureColumnName"><value>atp_unique_id</value></property>
	  <property name="mapTo"><value>atp_unique_id</value></property>
	  <property name="columnType"><ref bean="java.sql.Types.VARCHAR"></ref></property>
	  <property name="position"><value>7</value></property>
	</bean>
	<bean id="po_atp_details_cur_param_8" class="net.bcgi.util.db.ResultSetParam" scope="singleton">
	  <property name="procedureColumnName"><value>PUBLICITY_ID</value></property>
	  <property name="mapTo"><value>publicityid</value></property>
	  <property name="columnType"><ref bean="java.sql.Types.VARCHAR"></ref></property>
	  <property name="position"><value>8</value></property>
	</bean>
	
	<bean id="get_atp_by_service_1"	class="net.bcgi.util.db.ParamDef" scope="singleton">
			<property name="name"><value>pi_network_id</value></property>
			<property name="mapTo"><value>pi_network_id</value></property>
			<property name="type"><ref bean="java.sql.Types.BIGINT"></ref></property>
			<property name="position"><value>1</value></property>
			<property name="parameterType"><ref bean="net.bcgi.util.db.ParamDef.IN"></ref></property>
	</bean>
	<bean id="get_atp_by_service_2"	class="net.bcgi.util.db.ParamDef" scope="singleton">
			<property name="name"><value>pi_account_id</value></property>
			<property name="mapTo"><value>accountId</value></property>
			<property name="type"><ref bean="java.sql.Types.BIGINT"></ref></property>
			<property name="position"><value>2</value></property>
			<property name="parameterType"><ref bean="net.bcgi.util.db.ParamDef.IN"></ref></property>
	</bean>
	<bean id="get_atp_by_service_3"	class="net.bcgi.util.db.ParamDef" scope="singleton">
			<property name="name"><value>pi_msisdn</value></property>
			<property name="mapTo"><value>msisdn</value></property>
			<property name="type"><ref bean="java.sql.Types.BIGINT"></ref></property>
			<property name="position"><value>3</value></property>
			<property name="parameterType"><ref bean="net.bcgi.util.db.ParamDef.IN"></ref></property>
	</bean>
	<bean id="get_atp_by_service_4"	class="net.bcgi.util.db.ParamDef" scope="singleton">
			<property name="name"><value>pi_basic_service_id</value></property>
			<property name="mapTo"><value>basicServiceId</value></property>
			<property name="type"><ref bean="java.sql.Types.ARRAY"></ref></property>
			<property name="arrayName"><value>ARR_NUMB</value></property>
			<property name="position"><value>4</value></property>
			<property name="parameterType"><ref bean="net.bcgi.util.db.ParamDef.IN"></ref></property>
	</bean>
	<bean id="get_atp_by_service_5"	class="net.bcgi.util.db.ParamDef" scope="singleton">
			<property name="name"><value>pi_derived_service_id</value></property>
			<property name="mapTo"><value>derivedServiceId</value></property>
			<property name="type"><ref bean="java.sql.Types.ARRAY"></ref></property>
			<property name="arrayName"><value>ARR_NUMB</value></property>
			<property name="position"><value>5</value></property>
			<property name="parameterType"><ref bean="net.bcgi.util.db.ParamDef.IN"></ref></property>
	</bean>
	<bean id="get_atp_by_service_6" class="net.bcgi.util.db.ParamDef" scope="singleton">
		  <property name="name"><value>po_atp_details_cur</value></property>
		  <property name="mapTo"><value>atpList</value></property>
		  <property name="type"><ref bean="oracle.jdbc.driver.OracleTypes.CURSOR"></ref></property>
		  <property name="position"><value>6</value></property>
		  <property name="parameterType"><ref bean="net.bcgi.util.db.ParamDef.OUT"></ref></property>
	</bean>
	<bean id="get_atp_by_service_7" class="net.bcgi.util.db.ParamDef" scope="singleton">
			<property name="name"><value>po_error_code</value></property>
			<property name="mapTo"><value>po_error_code</value></property>
			<property name="type"><ref bean="java.sql.Types.BIGINT"></ref></property>
			<property name="position"><value>7</value></property>
			<property name="parameterType"><ref bean="net.bcgi.util.db.ParamDef.OUT"></ref></property>
	</bean>
	<bean id="get_atp_by_service_8" class="net.bcgi.util.db.ParamDef" scope="singleton">
		<property name="name"><value>po_error_desc</value></property>
		<property name="mapTo"><value>po_error_mesg</value></property>
		<property name="type"><ref bean="java.sql.Types.VARCHAR"></ref></property>
		<property name="position"><value>8</value></property>
		<property name="parameterType"><ref bean="net.bcgi.util.db.ParamDef.OUT"></ref></property>
	</bean>
 </beans>
