<?xml version="1.0" encoding="UTF-8" ?>
<!--
	Requirement: MSP 4.0 CCUI enhancements 
	Usage	   : pro_promo_approve_reject
	Author	   : Phani.Chavala
	Date	   : 21th Mar 2012		 
-->
<!DOCTYPE beans PUBLIC "-//SPRING//DTD BEAN//EN" "http://www.springframework.org/dtd/spring-beans.dtd">
<beans>
	<bean id="pro_promo_approve_reject" class="net.bcgi.util.db.SPDefinition" scope="singleton">
		<property name="name"><value>CLC_PROMO_PACKAGE.PRO_PROMO_APPROVE_REJECT</value></property>
		<property name="returnsResult"><value>false</value></property>
		<property name="parameters">
			<list>
				<ref bean="pro_promo_approve_reject_1"></ref>
				<ref bean="pro_promo_approve_reject_2"></ref>
				<ref bean="pro_promo_approve_reject_3"></ref>
				<ref bean="pro_promo_approve_reject_4"></ref>
			</list>
		</property>
	</bean>
	
	<bean id="pro_promo_approve_reject_1" class="net.bcgi.util.db.ParamDef" scope="singleton">
			<property name="name"><value>pi_app_rej_flag</value></property>
			<property name="mapTo"><value>status</value></property>
			<property name="type"><ref bean="java.sql.Types.VARCHAR"></ref></property>
			<property name="position"><value>1</value></property>
			<property name="parameterType"><ref bean="net.bcgi.util.db.ParamDef.IN"></ref></property>
	</bean>
	
	<bean id="pro_promo_approve_reject_2"  	class="net.bcgi.util.db.ParamDef" scope="singleton">
			<property name="name"><value>pi_promo_key</value></property>
			<property name="mapTo"><value>promoKey</value></property>
			<property name="type"><ref bean="java.sql.Types.BIGINT"></ref></property>
			<property name="position"><value>2</value></property>
			<property name="parameterType"><ref bean="net.bcgi.util.db.ParamDef.IN"></ref></property>
	</bean>
	
	<bean id="pro_promo_approve_reject_3" class="net.bcgi.util.db.ParamDef" scope="singleton">
			<property name="name"><value>pi_approved_by</value></property>
			<property name="mapTo"><value>approvedBy</value></property>
			<property name="type"><ref bean="java.sql.Types.VARCHAR"></ref></property>
			<property name="position"><value>3</value></property>
			<property name="parameterType"><ref bean="net.bcgi.util.db.ParamDef.IN"></ref></property>
	</bean>

	<bean id="pro_promo_approve_reject_4" class="net.bcgi.util.db.ParamDef" scope="singleton">
			<property name="name"><value>po_error_code</value></property>
			<property name="mapTo"><value>po_error_code</value></property>
			<property name="type"><ref bean="java.sql.Types.BIGINT"></ref></property>
			<property name="position"><value>4</value></property>
			<property name="parameterType"><ref bean="net.bcgi.util.db.ParamDef.OUT"></ref></property>
	</bean>
	
 </beans>
