<!DOCTYPE beans PUBLIC "-//SPRING//DTD BEAN//EN" "http://www.springframework.org/dtd/spring-beans.dtd">
<beans>
	<bean id="pro_get_online_bucketbalance" class="net.bcgi.util.db.SPDefinition" scope="prototype">
		<property name="name"><value>PRO_GET_ONLINE_BUCKETBALANCE</value></property>
		<property name="returnsResult"><value>false</value></property>
		<property name="parameters">
		<list> <!--  parameter list -->
			<ref bean="pro_get_online_bcktbal_1"></ref>
			<ref bean="pro_get_online_bcktbal_2"></ref>	
			<ref bean="pro_get_online_bcktbal_3"></ref>
			<ref bean="pro_get_online_bcktbal_4"></ref>
			<ref bean="pro_get_online_bcktbal_5"></ref>
			<ref bean="pro_get_online_bcktbal_6"></ref>			
			<ref bean="pro_get_online_bcktbal_7"></ref>
			<ref bean="pro_get_online_bcktbal_8"></ref>
			<ref bean="pro_get_online_bcktbal_9"></ref>
			<ref bean="pro_get_online_bcktbal_10"></ref>
			<ref bean="pro_get_online_bcktbal_11"></ref>
			<ref bean="pro_get_online_bcktbal_12"></ref>
			<ref bean="pro_get_online_bcktbal_13"></ref>	
			<ref bean="pro_get_online_bcktbal_14"></ref>
			<ref bean="pro_get_online_bcktbal_15"></ref>
			<ref bean="pro_get_online_bcktbal_16"></ref>			
		</list>
		</property>
	</bean>
	
	<bean id="pro_get_online_bcktbal_1" class="net.bcgi.util.db.ParamDef" scope="singleton">
		<property name="name"><value>PI_NETWORK_ID</value></property>
		<property name="mapTo"><value>pi_network_id</value></property>
		<property name="type"><ref bean="java.sql.Types.BIGINT"></ref></property>
		<property name="position"><value>1</value></property>
		<property name="parameterType"><ref bean="net.bcgi.util.db.ParamDef.IN"></ref></property>
	</bean>
	<bean id="pro_get_online_bcktbal_2" class="net.bcgi.util.db.ParamDef" scope="singleton">
		<property name="name"><value>PI_ACCOUNT_ID</value></property>
		<property name="mapTo"><value>pi_account_id</value></property>
		<property name="type"><ref bean="java.sql.Types.BIGINT"></ref></property>
		<property name="position"><value>2</value></property>
		<property name="parameterType"><ref bean="net.bcgi.util.db.ParamDef.IN"></ref></property>
	</bean>
	<bean id="pro_get_online_bcktbal_3" class="net.bcgi.util.db.ParamDef" scope="singleton">
		<property name="name"><value>PI_MSISDN_NO</value></property>
		<property name="mapTo"><value>pi_msisdn</value></property>
		<property name="type"><ref bean="java.sql.Types.BIGINT"></ref></property>
		<property name="position"><value>3</value></property>
		<property name="parameterType"><ref bean="net.bcgi.util.db.ParamDef.IN"></ref></property>
	</bean>
	
	<bean id="pro_get_online_bcktbal_4" class="net.bcgi.util.db.ParamDef" scope="singleton">
		<property name="name"><value>PI_ONLINE_BKT_APPLICABLE_ARR</value></property>
		<property name="mapTo"><value>bucketKeys</value></property>
		<property name="type"><ref bean="java.sql.Types.ARRAY"></ref></property>
		<property name="position"><value>4</value></property>
		<property name="arrayName"><value>ARR_VARCHAR</value></property>
		<property name="parameterType"><ref bean="net.bcgi.util.db.ParamDef.IN"></ref></property>
	</bean>
	
	<bean id="pro_get_online_bcktbal_5" class="net.bcgi.util.db.ParamDef" scope="singleton">
		<property name="name"><value>PI_ONLINE_BKT_VALUE_ARR</value></property>
		<property name="mapTo"><value>grantedUnits</value></property>
		<property name="type"><ref bean="java.sql.Types.ARRAY"></ref></property>
		<property name="position"><value>5</value></property>
		<property name="arrayName"><value>ARR_FLOAT</value></property>
		<property name="parameterType"><ref bean="net.bcgi.util.db.ParamDef.IN"></ref></property>
	</bean>
	<bean id="pro_get_online_bcktbal_6" class="net.bcgi.util.db.ParamDef" scope="singleton">
		<property name="name"><value>PI_BKT_LOADED_DATE</value></property>
		<property name="mapTo"><value>loadedDates</value></property>
		<property name="type"><ref bean="java.sql.Types.ARRAY"></ref></property>
		<property name="arrayName"><value>ARR_VARCHAR</value></property>
		<property name="position"><value>6</value></property>
		<property name="parameterType"><ref bean="net.bcgi.util.db.ParamDef.IN"></ref></property>
	</bean>	
	<bean id="pro_get_online_bcktbal_7" class="net.bcgi.util.db.ParamDef" scope="singleton">
		<property name="name"><value>PO_BKT_ID_ARR</value></property>
		<property name="mapTo"><value>bucketIDs</value></property>
		<property name="type"><ref bean="java.sql.Types.ARRAY"></ref></property>
		<property name="position"><value>7</value></property>
		<property name="arrayName"><value>ARR_VARCHAR</value></property>
		<property name="parameterType"><ref bean="net.bcgi.util.db.ParamDef.OUT"></ref></property>
	</bean>
	
	<bean id="pro_get_online_bcktbal_8" class="net.bcgi.util.db.ParamDef" scope="singleton">
		<property name="name"><value>PO_BKT_BALANCE_TYPE_ARR</value></property>
		<property name="mapTo"><value>bucketBalUnitTypes</value></property>
		<property name="type"><ref bean="java.sql.Types.ARRAY"></ref></property>
		<property name="position"><value>8</value></property>
		<property name="arrayName"><value>ARR_VARCHAR</value></property>
		<property name="parameterType"><ref bean="net.bcgi.util.db.ParamDef.OUT"></ref></property>
	</bean>
	<bean id="pro_get_online_bcktbal_9" class="net.bcgi.util.db.ParamDef" scope="singleton">
		<property name="name"><value>PO_BKT_UNIT_TYPE_ARR</value></property>
		<property name="mapTo"><value>bucketTypes</value></property>
		<property name="type"><ref bean="java.sql.Types.ARRAY"></ref></property>
		<property name="position"><value>9</value></property>
		<property name="arrayName"><value>ARR_VARCHAR</value></property>
		<property name="parameterType"><ref bean="net.bcgi.util.db.ParamDef.OUT"></ref></property>
	</bean>
	<bean id="pro_get_online_bcktbal_10" class="net.bcgi.util.db.ParamDef" scope="singleton">
		<property name="name"><value>PO_BKT_NAME_ARR</value></property>
		<property name="mapTo"><value>bucketNames</value></property>
		<property name="type"><ref bean="java.sql.Types.ARRAY"></ref></property>
		<property name="position"><value>10</value></property>
		<property name="arrayName"><value>ARR_VARCHAR</value></property>
		<property name="parameterType"><ref bean="net.bcgi.util.db.ParamDef.OUT"></ref></property>
	</bean>
	
	<bean id="pro_get_online_bcktbal_11" class="net.bcgi.util.db.ParamDef" scope="singleton">
		<property name="name"><value>PO_BKT_DURATION_ARR</value></property>
		<property name="mapTo"><value>durations</value></property>
		<property name="type"><ref bean="java.sql.Types.ARRAY"></ref></property>
		<property name="position"><value>11</value></property>
		<property name="arrayName"><value>ARR_VARCHAR</value></property>
		<property name="parameterType"><ref bean="net.bcgi.util.db.ParamDef.OUT"></ref></property>
	</bean>
	
	<bean id="pro_get_online_bcktbal_12" class="net.bcgi.util.db.ParamDef" scope="singleton">
		<property name="name"><value>PO_BKT_REMAINING_VALUE_ARR</value></property>
		<property name="mapTo"><value>bucketRemainingValues</value></property>
		<property name="type"><ref bean="java.sql.Types.ARRAY"></ref></property>
		<property name="position"><value>12</value></property>
		<property name="arrayName"><value>ARR_VARCHAR</value></property>
		<property name="parameterType"><ref bean="net.bcgi.util.db.ParamDef.OUT"></ref></property>
	</bean>
	
	<bean id="pro_get_online_bcktbal_13" class="net.bcgi.util.db.ParamDef" scope="singleton">
		<property name="name"><value>PO_BKT_EXPIRY_DATE</value></property>
		<property name="mapTo"><value>bucketExpiryDates</value></property>
		<property name="type"><ref bean="java.sql.Types.ARRAY"></ref></property>
		<property name="position"><value>13</value></property>
		<property name="arrayName"><value>ARR_VARCHAR</value></property>
		<property name="parameterType"><ref bean="net.bcgi.util.db.ParamDef.OUT"></ref></property>
	</bean>
	
	<bean id="pro_get_online_bcktbal_14" class="net.bcgi.util.db.ParamDef" scope="singleton">
		<property name="name"><value>PO_ARRAY_COUNT</value></property>
		<property name="mapTo"><value>arrayCount</value></property>
		<property name="type"><ref bean="java.sql.Types.INTEGER"></ref></property>
		<property name="position"><value>14</value></property>
		<property name="parameterType"><ref bean="net.bcgi.util.db.ParamDef.OUT"></ref></property>
	</bean>
	
 	<bean id="pro_get_online_bcktbal_15" class="net.bcgi.util.db.ParamDef" scope="singleton">
		<property name="name"><value>PO_ERROR_CODE</value></property>
		<property name="mapTo"><value>po_error_code</value></property>
		<property name="type"><ref bean="java.sql.Types.BIGINT"></ref></property>
		<property name="position"><value>15</value></property>
		<property name="parameterType"><ref bean="net.bcgi.util.db.ParamDef.OUT"></ref></property>
	</bean>
 
	<bean id="pro_get_online_bcktbal_16" class="net.bcgi.util.db.ParamDef" scope="singleton">
		<property name="name"><value>PO_ERROR_DESC</value></property>
		<property name="mapTo"><value>po_error_mesg</value></property>
		<property name="type"><ref bean="java.sql.Types.VARCHAR"></ref></property>
		<property name="position"><value>16</value></property>
		<property name="parameterType"><ref bean="net.bcgi.util.db.ParamDef.OUT"></ref></property>
	</bean>	
</beans>