<?xml version="1.0" encoding="UTF-8" ?>
<!-- ====================================================================== -->
<!--                                                                        -->
<!-- XIUS-bcgi SMSC Agent            -->
<!--                                                                       -->
<!-- $Id: //depot/xb/MSP1.0/MSP-AWS/agents/iba/main/config/configxmls/proc-config/submgmt/pro_subs_svc_plan_manage.xml#1 $     -->
<!-- This file  will maps the SP input parameters to java fields. -->
<!-- $Author: shashidhar.p $  $DateTime: 2023/08/04 15:19:58 $ $Change: 224525 $      -->
<!-- ====================================================================== -->

<!DOCTYPE beans PUBLIC "-//SPRING//DTD BEAN//EN" "http://www.springframework.org/dtd/spring-beans.dtd">

<beans>
	<!-- start pro_subs_svc_plan_manage -->
	
	<bean id="pro_subs_svc_plan_manage" class="net.bcgi.util.db.SPDefinition" scope="singleton">
		<property name="name"><value>CS_PKG_SEARCH_ACCOUNT.subs_add_svc_pack_manage</value></property>
		<property name="returnsResult"><value>false</value></property>
		<property name="parameters">
			<list>
				<ref bean="pro_subs_svc_plan_manage_param_1"></ref>
				<ref bean="pro_subs_svc_plan_manage_param_2"></ref>
				<ref bean="pro_subs_svc_plan_manage_param_3"></ref>
				<ref bean="pro_subs_svc_plan_manage_param_4"></ref>
				<ref bean="pro_subs_svc_plan_manage_param_5"></ref>
				<ref bean="pro_subs_svc_plan_manage_param_6"></ref>
				<ref bean="pro_subs_svc_plan_manage_param_7"></ref>
				<ref bean="pro_subs_svc_plan_manage_param_8"></ref>
				<ref bean="pro_subs_svc_plan_manage_param_9"></ref>
				<ref bean="pro_subs_svc_plan_manage_param_10"></ref>
				<ref bean="pro_subs_svc_plan_manage_param_11"></ref>				
				<ref bean="pro_subs_svc_plan_manage_param_12"></ref>				
				<ref bean="pro_subs_svc_plan_manage_param_13"></ref>
				<ref bean="pro_subs_svc_plan_manage_param_14"></ref>				
				<ref bean="pro_subs_svc_plan_manage_param_15"></ref>	
				<ref bean="pro_subs_svc_plan_manage_param_16"></ref>
				<ref bean="pro_subs_svc_plan_manage_param_17"></ref>
				<ref bean="pro_subs_svc_plan_manage_param_18"></ref>				
			</list>
		</property>
		
         <property name="refCursors">
				<map>
				<entry key="16">
					<ref bean="po_account_date_cur"/>
				</entry>
			</map>		
		</property>
			
	</bean>
	
	<bean id="po_account_date_cur"
		class="net.bcgi.util.db.ResultSetDef" scope="prototype">
		<property name="resultSetParams">
			<list>
				<ref bean="po_account_date_cur_param_1"></ref>
				<ref bean="po_account_date_cur_param_2"></ref>
				<ref bean="po_account_date_cur_param_3"></ref>
				<ref bean="po_account_date_cur_param_4"></ref>
				<ref bean="po_account_date_cur_param_5"></ref>
			</list>
		</property>
		<property name="className" value="com.xius.billing.agent.domaindata.impl.submgmt.GetAccountDatesByATPSCusorData"/>
	</bean>
	
	<bean id="po_account_date_cur_param_1" class="net.bcgi.util.db.ResultSetParam" scope="singleton">
	  <property name="procedureColumnName"><value>validity_date</value></property>
	  <property name="mapTo"><value>validity_date</value></property>
	  <property name="columnType"><ref bean="java.sql.Types.VARCHAR"></ref></property>
	  <property name="position"><value>1</value></property>
	</bean>
	<bean id="po_account_date_cur_param_2" class="net.bcgi.util.db.ResultSetParam" scope="singleton">
	  <property name="procedureColumnName"><value>g1_end_date</value></property>
	  <property name="mapTo"><value>g1_end_date</value></property>
	  <property name="columnType"><ref bean="java.sql.Types.VARCHAR"></ref></property>
	  <property name="position"><value>2</value></property>
	</bean>
	<bean id="po_account_date_cur_param_3" class="net.bcgi.util.db.ResultSetParam" scope="singleton">
	  <property name="procedureColumnName"><value>g2_end_date</value></property>
	  <property name="mapTo"><value>g2_end_date</value></property>
	  <property name="columnType"><ref bean="java.sql.Types.VARCHAR"></ref></property>
	  <property name="position"><value>3</value></property>
	</bean>
	<bean id="po_account_date_cur_param_4" class="net.bcgi.util.db.ResultSetParam" scope="singleton">
	  <property name="procedureColumnName"><value>g3_end_date</value></property>
	  <property name="mapTo"><value>g3_end_date</value></property>
	  <property name="columnType"><ref bean="java.sql.Types.VARCHAR"></ref></property>
	  <property name="position"><value>4</value></property>
	</bean>
	<bean id="po_account_date_cur_param_5" class="net.bcgi.util.db.ResultSetParam" scope="singleton">
	  <property name="procedureColumnName"><value>expiration_date</value></property>
	  <property name="mapTo"><value>expiration_date</value></property>
	  <property name="columnType"><ref bean="java.sql.Types.VARCHAR"></ref></property>
	  <property name="position"><value>5</value></property>
	</bean>
	
	
	
	
	<bean id="pro_subs_svc_plan_manage_param_1" class="net.bcgi.util.db.ParamDef" scope="singleton">
			<property name="name"><value>pi_network_id</value></property>
			<property name="mapTo"><value>pi_network_id</value></property>
			<property name="type"><ref bean="java.sql.Types.BIGINT"></ref></property>
			<property name="position"><value>1</value></property>
			<property name="parameterType"><ref bean="net.bcgi.util.db.ParamDef.IN"></ref></property>
	</bean>

	<bean id="pro_subs_svc_plan_manage_param_2" class="net.bcgi.util.db.ParamDef" scope="singleton">
			<property name="name"><value>pi_account_id</value></property>
			<property name="mapTo"><value>pi_account_id</value></property>
			<property name="type"><ref bean="java.sql.Types.BIGINT"></ref></property>
			<property name="position"><value>2</value></property>
			<property name="parameterType"><ref bean="net.bcgi.util.db.ParamDef.IN"></ref></property>
	</bean>

	<bean id="pro_subs_svc_plan_manage_param_3" class="net.bcgi.util.db.ParamDef" scope="singleton">
			<property name="name"><value>pi_svc_plan_id</value></property>
			<property name="mapTo"><value>pi_svc_plan_id</value></property>
			<property name="type"><ref bean="java.sql.Types.ARRAY"></ref></property>
			<property name="arrayName"><value>ARR_NUMB</value></property>
			<property name="position"><value>3</value></property>
			<property name="parameterType"><ref bean="net.bcgi.util.db.ParamDef.IN"></ref></property>
	</bean>

	<bean id="pro_subs_svc_plan_manage_param_4" class="net.bcgi.util.db.ParamDef" scope="singleton">
			<property name="name"><value>pi_type_of_service</value></property>
			<property name="mapTo"><value>pi_type_of_service</value></property>
			<property name="type"><ref bean="java.sql.Types.ARRAY"></ref></property>
			<property name="arrayName"><value>ARR_NUMB</value></property>
			<property name="position"><value>4</value></property>
			<property name="parameterType"><ref bean="net.bcgi.util.db.ParamDef.IN"></ref></property>
	</bean>
	<bean id="pro_subs_svc_plan_manage_param_5" class="net.bcgi.util.db.ParamDef" scope="singleton">
			<property name="name"><value>pi_charge_id</value></property>
			<property name="mapTo"><value>pi_charge_id</value></property>
			<property name="type"><ref bean="java.sql.Types.ARRAY"></ref></property>
			<property name="arrayName"><value>ARR_VARCHAR</value></property>
			<property name="position"><value>5</value></property>
			<property name="parameterType"><ref bean="net.bcgi.util.db.ParamDef.IN"></ref></property>
	</bean>
	<bean id="pro_subs_svc_plan_manage_param_6" class="net.bcgi.util.db.ParamDef" scope="singleton">
			<property name="name"><value>pi_svc_start_date</value></property>
			<property name="mapTo"><value>pi_svc_start_date</value></property>
			<property name="type"><ref bean="java.sql.Types.ARRAY"></ref></property>
			<property name="arrayName"><value>ARR_VARCHAR</value></property>
			<property name="position"><value>6</value></property>
			<property name="parameterType"><ref bean="net.bcgi.util.db.ParamDef.IN"></ref></property>
	</bean>
	<bean id="pro_subs_svc_plan_manage_param_7" class="net.bcgi.util.db.ParamDef" scope="singleton">
			<property name="name"><value>pi_svc_end_date</value></property>
			<property name="mapTo"><value>pi_svc_end_date</value></property>
			<property name="type"><ref bean="java.sql.Types.ARRAY"></ref></property>
			<property name="arrayName"><value>ARR_VARCHAR</value></property>
			<property name="position"><value>7</value></property>
			<property name="parameterType"><ref bean="net.bcgi.util.db.ParamDef.IN"></ref></property>
	</bean>
	<bean id="pro_subs_svc_plan_manage_param_8" class="net.bcgi.util.db.ParamDef" scope="singleton">
			<property name="name"><value>pi_act_deact_flag</value></property>
			<property name="mapTo"><value>pi_act_deact_flag</value></property>
			<property name="type"><ref bean="java.sql.Types.ARRAY"></ref></property>
			<property name="arrayName"><value>ARR_VARCHAR</value></property>
			<property name="position"><value>8</value></property>
			<property name="parameterType"><ref bean="net.bcgi.util.db.ParamDef.IN"></ref></property>
	</bean>
	<bean id="pro_subs_svc_plan_manage_param_9" class="net.bcgi.util.db.ParamDef" scope="singleton">
			<property name="name"><value>pi_service_flag</value></property>
			<property name="mapTo"><value>pi_service_flag</value></property>
			<property name="type"><ref bean="java.sql.Types.ARRAY"></ref></property>
			<property name="arrayName"><value>ARR_VARCHAR</value></property>
			<property name="position"><value>9</value></property>
			<property name="parameterType"><ref bean="net.bcgi.util.db.ParamDef.IN"></ref></property>
	</bean>	
	<bean id="pro_subs_svc_plan_manage_param_10" class="net.bcgi.util.db.ParamDef" scope="singleton">
			<property name="name"><value>pi_msisdn</value></property>
			<property name="mapTo"><value>pi_msisdn</value></property>
			<property name="type"><ref bean="java.sql.Types.BIGINT"></ref></property>
			<property name="position"><value>10</value></property>
			<property name="parameterType"><ref bean="net.bcgi.util.db.ParamDef.IN"></ref></property>
	</bean>
	<bean id="pro_subs_svc_plan_manage_param_11" class="net.bcgi.util.db.ParamDef" scope="singleton">
			<property name="name"><value>pi_user_id</value></property>
			<property name="mapTo"><value>pi_user_id</value></property>
			<property name="type"><ref bean="java.sql.Types.VARCHAR"></ref></property>
			<property name="position"><value>11</value></property>
			<property name="parameterType"><ref bean="net.bcgi.util.db.ParamDef.IN"></ref></property>
	</bean>
    <bean id="pro_subs_svc_plan_manage_param_12" class="net.bcgi.util.db.ParamDef" scope="singleton">
			<property name="name"><value>pi_internal_transaction_id</value></property>
			<property name="mapTo"><value>pi_internal_transaction_id</value></property>
			<property name="type"><ref bean="java.sql.Types.VARCHAR"></ref></property>
			<property name="position"><value>12</value></property>
			<property name="parameterType"><ref bean="net.bcgi.util.db.ParamDef.IN"></ref></property>
	</bean>
    	<bean id="pro_subs_svc_plan_manage_param_13" class="net.bcgi.util.db.ParamDef" scope="singleton">
			<property name="name"><value>pi_external_transaction_id</value></property>
			<property name="mapTo"><value>pi_external_transaction_id</value></property>
			<property name="type"><ref bean="java.sql.Types.VARCHAR"></ref></property>
			<property name="position"><value>13</value></property>
			<property name="parameterType"><ref bean="net.bcgi.util.db.ParamDef.IN"></ref></property>
	</bean>

    	<bean id="pro_subs_svc_plan_manage_param_14" class="net.bcgi.util.db.ParamDef" scope="singleton">
			<property name="name"><value>pi_atp_unique_id</value></property>
			<property name="mapTo"><value>pi_atp_unique_id</value></property>
			<property name="type"><ref bean="java.sql.Types.ARRAY"></ref></property>
			<property name="arrayName"><value>ARR_NUMB</value></property>
			<property name="position"><value>14</value></property>
			<property name="parameterType"><ref bean="net.bcgi.util.db.ParamDef.IN"></ref></property>
	</bean>
	
	<bean id="pro_subs_svc_plan_manage_param_15" class="net.bcgi.util.db.ParamDef" scope="singleton">
			<property name="name"><value>po_acct_validity_extend_yn</value></property>
			<property name="mapTo"><value>po_acct_validity_extend_yn</value></property>
			<property name="type"><ref bean="java.sql.Types.VARCHAR"></ref></property>
			<property name="position"><value>15</value></property>
			<property name="parameterType"><ref bean="net.bcgi.util.db.ParamDef.OUT"></ref></property>
	</bean>
	
	<bean id="pro_subs_svc_plan_manage_param_16" class="net.bcgi.util.db.ParamDef" scope="singleton">
			<property name="name"><value>po_account_dates_cur</value></property>
			<property name="mapTo"><value>cusorData</value></property>
			<property name="type"><ref bean="oracle.jdbc.driver.OracleTypes.CURSOR"></ref></property>
			<property name="position"><value>16</value></property>
			<property name="parameterType"><ref bean="net.bcgi.util.db.ParamDef.OUT"></ref></property>
	</bean>
	
	<bean id="pro_subs_svc_plan_manage_param_17" class="net.bcgi.util.db.ParamDef" scope="singleton">
			<property name="name"><value>po_error_code</value></property>
			<property name="mapTo"><value>po_error_code</value></property>
			<property name="type"><ref bean="java.sql.Types.BIGINT"></ref></property>
			<property name="position"><value>17</value></property>
			<property name="parameterType"><ref bean="net.bcgi.util.db.ParamDef.OUT"></ref></property>
	</bean>
	<bean id="pro_subs_svc_plan_manage_param_18" class="net.bcgi.util.db.ParamDef" scope="singleton">
			<property name="name"><value>po_error_desc</value></property>
			<property name="mapTo"><value>po_error_mesg</value></property>
			<property name="type"><ref bean="java.sql.Types.VARCHAR"></ref></property>
			<property name="position"><value>18</value></property>
			<property name="parameterType"><ref bean="net.bcgi.util.db.ParamDef.OUT"></ref></property>
	</bean>
 </beans>