<!DOCTYPE beans PUBLIC "-//SPRING//DTD BEAN//EN" "http://www.springframework.org/dtd/spring-beans.dtd">
<beans>
<bean id="pro_update_sub_id" class="net.bcgi.util.db.SPDefinition" scope="prototype">
	<property name="name"><value>CS_SUBSCRIBER_MANAGEMENT.pro_update_sub_id</value></property>
	<property name="returnsResult"><value>false</value></property>
	<property name="parameters">
		<list> <!--  parameter list -->
			<ref bean="pro_update_sub_id_data_param_1"></ref>
			<ref bean="pro_update_sub_id_data_param_2"></ref>
			<ref bean="pro_update_sub_id_data_param_3"></ref>
			<ref bean="pro_update_sub_id_data_param_4"></ref>
			<ref bean="pro_update_sub_id_data_param_5"></ref>
			<ref bean="pro_update_sub_id_data_param_6"></ref>
			<ref bean="pro_update_sub_id_data_param_7"></ref>			
			<ref bean="pro_update_sub_id_data_param_8"></ref>			
			<ref bean="pro_update_sub_id_data_param_9"></ref>			
		</list>
	</property>	
</bean>

<bean id="pro_update_sub_id_data_param_1" class="net.bcgi.util.db.ParamDef" scope="singleton">
	<property name="name"><value>pi_network_id</value></property>
	<property name="mapTo"><value>pi_network_id</value></property>
	<property name="type"><ref bean="java.sql.Types.BIGINT"></ref></property>
	<property name="position"><value>1</value></property>
	<property name="parameterType"><ref bean="net.bcgi.util.db.ParamDef.IN"></ref></property>
</bean>

<bean id="pro_update_sub_id_data_param_2" class="net.bcgi.util.db.ParamDef" scope="singleton">
	<property name="name"><value>pi_id_no</value></property>
	<property name="mapTo"><value>pi_id_no</value></property>
	<property name="type"><ref bean="java.sql.Types.VARCHAR"></ref></property>
	<property name="position"><value>2</value></property>
	<property name="parameterType"><ref bean="net.bcgi.util.db.ParamDef.IN"></ref></property>
</bean>

<bean id="pro_update_sub_id_data_param_3" class="net.bcgi.util.db.ParamDef" scope="singleton">
	<property name="name"><value>pi_id_type</value></property>
	<property name="mapTo"><value>pi_id_type</value></property>
	<property name="type"><ref bean="java.sql.Types.VARCHAR"></ref></property>
	<property name="position"><value>3</value></property>
	<property name="parameterType"><ref bean="net.bcgi.util.db.ParamDef.IN"></ref></property>
</bean>
<bean id="pro_update_sub_id_data_param_4" class="net.bcgi.util.db.ParamDef" scope="singleton">
	<property name="name"><value>pi_new_id_no</value></property>
	<property name="mapTo"><value>pi_new_id_no</value></property>
	<property name="type"><ref bean="java.sql.Types.VARCHAR"></ref></property>
	<property name="position"><value>4</value></property>
	<property name="parameterType"><ref bean="net.bcgi.util.db.ParamDef.IN"></ref></property>
</bean>
<bean id="pro_update_sub_id_data_param_5" class="net.bcgi.util.db.ParamDef" scope="singleton">
	<property name="name"><value>pi_new_id_type</value></property>
	<property name="mapTo"><value>pi_new_id_type</value></property>
	<property name="type"><ref bean="java.sql.Types.VARCHAR"></ref></property>
	<property name="position"><value>5</value></property>
	<property name="parameterType"><ref bean="net.bcgi.util.db.ParamDef.IN"></ref></property>
</bean>
<bean id="pro_update_sub_id_data_param_6" class="net.bcgi.util.db.ParamDef" scope="singleton">
	<property name="name"><value>pi_user_id</value></property>
	<property name="mapTo"><value>pi_user_id</value></property>
	<property name="type"><ref bean="java.sql.Types.VARCHAR"></ref></property>
	<property name="position"><value>6</value></property>
	<property name="parameterType"><ref bean="net.bcgi.util.db.ParamDef.IN"></ref></property>
</bean>
<bean id="pro_update_sub_id_data_param_7" class="net.bcgi.util.db.ParamDef" scope="singleton">
	<property name="name"><value>pi_account_id</value></property>
	<property name="mapTo"><value>pi_account_id</value></property>
	<property name="type"><ref bean="java.sql.Types.BIGINT"></ref></property>
	<property name="position"><value>7</value></property>
	<property name="parameterType"><ref bean="net.bcgi.util.db.ParamDef.IN"></ref></property>
</bean>
<bean id="pro_update_sub_id_data_param_8" class="net.bcgi.util.db.ParamDef" scope="singleton">
  <property name="name"><value>po_error_code</value></property>
  <property name="mapTo"><value>po_error_code</value></property>
  <property name="type"><ref bean="java.sql.Types.BIGINT"></ref></property>
  <property name="position"><value>8</value></property>
  <property name="parameterType"><ref bean="net.bcgi.util.db.ParamDef.OUT"></ref></property>
</bean> 
<bean id="pro_update_sub_id_data_param_9" class="net.bcgi.util.db.ParamDef" scope="singleton">
	<property name="name"><value>po_error_mesg</value></property>
	<property name="mapTo"><value>po_error_mesg</value></property>
	<property name="type"><ref bean="java.sql.Types.VARCHAR"></ref></property>
	<property name="position"><value>9</value></property>
	<property name="parameterType"><ref bean="net.bcgi.util.db.ParamDef.OUT"></ref></property>
</bean>
</beans>