<?xml version="1.0" encoding="UTF-8" ?>
<!-- ====================================================================== -->
<!--                                                                        -->
<!-- XIUS-bcgi SMSC Agent            -->
<!--                                                                       -->
<!-- $Id: //depot/xb/MSP1.0/MSP-AWS/agents/iba/main/config/configxmls/proc-config/submgmt/pro_get_subs_data_plan_status.xml#1 $     -->
<!-- This file  will maps the SP input parameters to java fields. -->
<!-- $Author: shashidhar.p $  $DateTime: 2023/08/04 15:19:58 $ $Change: 224525 $      -->
<!-- ====================================================================== -->

<!DOCTYPE beans PUBLIC "-//SPRING//DTD BEAN//EN" "http://www.springframework.org/dtd/spring-beans.dtd">

<beans>
	<!-- start pro_get_subs_data_plan_status -->
	
	<bean id="pro_get_subs_data_plan_status" class="net.bcgi.util.db.SPDefinition" scope="singleton">
		<property name="name"><value>CS_PKG_DATA_PLAN_MANAGEMENT.PRO_GET_SUBS_DATA_PLAN_STATUS</value></property>
		<property name="returnsResult"><value>false</value></property>
		<property name="parameters">
			<list>
				<ref bean="pro_get_subs_data_plan_status_param_1"></ref>
				<ref bean="pro_get_subs_data_plan_status_param_2"></ref>
				<ref bean="pro_get_subs_data_plan_status_param_3"></ref>
				<ref bean="pro_get_subs_data_plan_status_param_4"></ref>
				<ref bean="pro_get_subs_data_plan_status_param_5"></ref>
				<ref bean="pro_get_subs_data_plan_status_param_6"></ref>
				<ref bean="pro_get_subs_data_plan_status_param_7"></ref>
				<ref bean="pro_get_subs_data_plan_status_param_8"></ref>
				<ref bean="pro_get_subs_data_plan_status_param_9"></ref>
			</list>
		</property>
		<property name="refCursors">
			<map>
				<entry key="7">
					<ref bean="pro_get_subs_assigned_payas_go_plans"/>
				</entry>
				<entry key="8">
					<ref bean="pro_get_subs_assigned_volume_plans"/>
				</entry>
			</map>
		</property>
	</bean>
	
	<bean id="pro_get_subs_assigned_payas_go_plans" class="net.bcgi.util.db.ResultSetDef" scope="prototype">
		<property name="resultSetParams">
			<list>
				<ref bean="pro_get_subs_assigned_payas_go_plans_param_1"></ref>
				<ref bean="pro_get_subs_assigned_payas_go_plans_param_2"></ref>
				<ref bean="pro_get_subs_assigned_payas_go_plans_param_3"></ref>	
				<ref bean="pro_get_subs_assigned_payas_go_plans_param_4"></ref>
			</list>
		</property>
		<property name="className" value="com.xius.billing.agent.domaindata.impl.submgmt.GetDataPlanCursorData"/>
	</bean>
	
	<bean id="pro_get_subs_assigned_payas_go_plans_param_1" class="net.bcgi.util.db.ResultSetParam" scope="singleton">
	  <property name="procedureColumnName"><value>publicity_id</value></property>
	  <property name="mapTo"><value>publicityId</value></property>
	  <property name="columnType"><ref bean="java.sql.Types.VARCHAR"></ref></property>
	  <property name="position"><value>1</value></property>
	</bean>
	
	<bean id="pro_get_subs_assigned_payas_go_plans_param_2" class="net.bcgi.util.db.ResultSetParam" scope="singleton">
	  <property name="procedureColumnName"><value>data_plan_name</value></property>
	  <property name="mapTo"><value>planName</value></property>
	  <property name="columnType"><ref bean="java.sql.Types.VARCHAR"></ref></property>
	  <property name="position"><value>2</value></property>
	</bean>
	
	<bean id="pro_get_subs_assigned_payas_go_plans_param_3" class="net.bcgi.util.db.ResultSetParam" scope="singleton">
	  <property name="procedureColumnName"><value>expiryDate</value></property>
	  <property name="mapTo"><value>expiryDate</value></property>
	  <property name="columnType"><ref bean="java.sql.Types.VARCHAR"></ref></property>
	  <property name="position"><value>3</value></property>
	</bean>
	
	<bean id="pro_get_subs_assigned_payas_go_plans_param_4" class="net.bcgi.util.db.ResultSetParam" scope="singleton">
	  <property name="procedureColumnName"><value>remainingBalance</value></property>
	  <property name="mapTo"><value>remainingBalance</value></property>
	  <property name="columnType"><ref bean="java.sql.Types.DECIMAL"></ref></property>
	  <property name="position"><value>4</value></property>
	</bean>
	
	<bean id="pro_get_subs_assigned_volume_plans" class="net.bcgi.util.db.ResultSetDef" scope="prototype">
		<property name="resultSetParams">
			<list>
				<ref bean="pro_get_subs_assigned_volume_plans_param_1"></ref>
				<ref bean="pro_get_subs_assigned_volume_plans_param_2"></ref>
				<ref bean="pro_get_subs_assigned_volume_plans_param_3"></ref>
				<ref bean="pro_get_subs_assigned_volume_plans_param_4"></ref>
			</list>
		</property>
		<property name="className" value="com.xius.billing.agent.domaindata.impl.submgmt.GetDataPlanCursorData"/>
	</bean>
	
	<bean id="pro_get_subs_assigned_volume_plans_param_1" class="net.bcgi.util.db.ResultSetParam" scope="singleton">
	  <property name="procedureColumnName"><value>publicity_id</value></property>
	  <property name="mapTo"><value>publicityId</value></property>
	  <property name="columnType"><ref bean="java.sql.Types.VARCHAR"></ref></property>
	  <property name="position"><value>1</value></property>
	</bean>
	
	<bean id="pro_get_subs_assigned_volume_plans_param_2" class="net.bcgi.util.db.ResultSetParam" scope="singleton">
	  <property name="procedureColumnName"><value>data_plan_name</value></property>
	  <property name="mapTo"><value>planName</value></property>
	  <property name="columnType"><ref bean="java.sql.Types.VARCHAR"></ref></property>
	  <property name="position"><value>2</value></property>
	</bean>
	
	<bean id="pro_get_subs_assigned_volume_plans_param_3" class="net.bcgi.util.db.ResultSetParam" scope="singleton">
	  <property name="procedureColumnName"><value>expiryDate</value></property>
	  <property name="mapTo"><value>expiryDate</value></property>
	  <property name="columnType"><ref bean="java.sql.Types.VARCHAR"></ref></property>
	  <property name="position"><value>3</value></property>
	</bean>
	
	<bean id="pro_get_subs_assigned_volume_plans_param_4" class="net.bcgi.util.db.ResultSetParam" scope="singleton">
	  <property name="procedureColumnName"><value>remainingBalance</value></property>
	  <property name="mapTo"><value>remainingBalance</value></property>
	  <property name="columnType"><ref bean="java.sql.Types.DECIMAL"></ref></property>
	  <property name="position"><value>4</value></property>
	</bean>
	
	<bean id="pro_get_subs_data_plan_status_param_1" class="net.bcgi.util.db.ParamDef" scope="singleton">
			<property name="name"><value>pi_network_id</value></property>
			<property name="mapTo"><value>pi_network_id</value></property>
			<property name="type"><ref bean="java.sql.Types.BIGINT"></ref></property>
			<property name="position"><value>1</value></property>
			<property name="parameterType"><ref bean="net.bcgi.util.db.ParamDef.IN"></ref></property>
	</bean>
	
	<bean id="pro_get_subs_data_plan_status_param_2" class="net.bcgi.util.db.ParamDef" scope="singleton">
			<property name="name"><value>pi_publicity_id</value></property>
			<property name="mapTo"><value>pi_publicity_id</value></property>
			<property name="type"><ref bean="java.sql.Types.VARCHAR"></ref></property>
			<property name="position"><value>2</value></property>
			<property name="parameterType"><ref bean="net.bcgi.util.db.ParamDef.IN"></ref></property>
	</bean>
	
	<bean id="pro_get_subs_data_plan_status_param_3" class="net.bcgi.util.db.ParamDef" scope="singleton">
			<property name="name"><value>pi_account_id</value></property>
			<property name="mapTo"><value>pi_account_id</value></property>
			<property name="type"><ref bean="java.sql.Types.BIGINT"></ref></property>
			<property name="position"><value>3</value></property>
			<property name="parameterType"><ref bean="net.bcgi.util.db.ParamDef.IN"></ref></property>
	</bean>
	<bean id="pro_get_subs_data_plan_status_param_4" class="net.bcgi.util.db.ParamDef" scope="singleton">
			<property name="name"><value>pi_msisdn</value></property>
			<property name="mapTo"><value>pi_msisdn</value></property>
			<property name="type"><ref bean="java.sql.Types.BIGINT"></ref></property>
			<property name="position"><value>4</value></property>
			<property name="parameterType"><ref bean="net.bcgi.util.db.ParamDef.IN"></ref></property>
	</bean>
	
	<bean id="pro_get_subs_data_plan_status_param_5" class="net.bcgi.util.db.ParamDef" scope="singleton">
			<property name="name"><value>pi_imsi</value></property>
			<property name="mapTo"><value>pi_imsi</value></property>
			<property name="type"><ref bean="java.sql.Types.BIGINT"></ref></property>
			<property name="position"><value>5</value></property>
			<property name="parameterType"><ref bean="net.bcgi.util.db.ParamDef.IN"></ref></property>
	</bean>
	
	<bean id="pro_get_subs_data_plan_status_param_6" class="net.bcgi.util.db.ParamDef" scope="singleton">
			<property name="name"><value>pi_sim</value></property>
			<property name="mapTo"><value>pi_sim</value></property>
			<property name="type"><ref bean="java.sql.Types.VARCHAR"></ref></property>
			<property name="position"><value>6</value></property>
			<property name="parameterType"><ref bean="net.bcgi.util.db.ParamDef.IN"></ref></property>
	</bean>
	
	<bean id="pro_get_subs_data_plan_status_param_7" class="net.bcgi.util.db.ParamDef" scope="singleton">
			<property name="name"><value>assignedPayAsGoPlans</value></property>
			<property name="mapTo"><value>assignedPayAsGoPlans</value></property>
			<property name="type"><ref bean="oracle.jdbc.driver.OracleTypes.CURSOR"></ref></property>
			<property name="position"><value>7</value></property>
			<property name="parameterType"><ref bean="net.bcgi.util.db.ParamDef.OUT"></ref></property>
	</bean>
	
	<bean id="pro_get_subs_data_plan_status_param_8" class="net.bcgi.util.db.ParamDef" scope="singleton">
			<property name="name"><value>assignedVolumePlans</value></property>
			<property name="mapTo"><value>assignedVolumePlans</value></property>
			<property name="type"><ref bean="oracle.jdbc.driver.OracleTypes.CURSOR"></ref></property>
			<property name="position"><value>8</value></property>
			<property name="parameterType"><ref bean="net.bcgi.util.db.ParamDef.OUT"></ref></property>
	</bean>
	
	<bean id="pro_get_subs_data_plan_status_param_9" class="net.bcgi.util.db.ParamDef" scope="singleton">
			<property name="name"><value>po_error_code</value></property>
			<property name="mapTo"><value>po_error_code</value></property>
			<property name="type"><ref bean="java.sql.Types.BIGINT"></ref></property>
			<property name="position"><value>9</value></property>
			<property name="parameterType"><ref bean="net.bcgi.util.db.ParamDef.OUT"></ref></property>
	</bean>
	
 </beans>