<!DOCTYPE beans PUBLIC "-//SPRING//DTD BEAN//EN" "http://www.springframework.org/dtd/spring-beans.dtd">
<beans>
	<bean id="pro_get_online_data_plan_info" class="net.bcgi.util.db.SPDefinition" scope="prototype">
		<property name="name"><value>pro_get_online_data_plan_info</value></property>
		<property name="returnsResult"><value>false</value></property>
		<property name="parameters">
		<list> <!--  parameter list -->
			<ref bean="pro_get_online_data_plan_info_1"/>
			<ref bean="pro_get_online_data_plan_info_2"/>	
			<ref bean="pro_get_online_data_plan_info_3"/>
			<ref bean="pro_get_online_data_plan_info_4"/>
			<ref bean="pro_get_online_data_plan_info_5"/>
			<ref bean="pro_get_online_data_plan_info_6"/>			
			<ref bean="pro_get_online_data_plan_info_7"/>
			<ref bean="pro_get_online_data_plan_info_8"/>
			<ref bean="pro_get_online_data_plan_info_9"/>
			<ref bean="pro_get_online_data_plan_info_10"/>
			<ref bean="pro_get_online_data_plan_info_11"/>
			<ref bean="pro_get_online_data_plan_info_12"/>
			<ref bean="pro_get_online_data_plan_info_13"/>	
			<ref bean="pro_get_online_data_plan_info_14"/>
			<ref bean="pro_get_online_data_plan_info_15"/>			
			<ref bean="pro_get_online_data_plan_info_16"/>
		</list>
		</property>
	</bean>
	
	<bean id="pro_get_online_data_plan_info_1" class="net.bcgi.util.db.ParamDef" scope="singleton">
		<property name="name"><value>pi_network_id</value></property>
		<property name="mapTo"><value>pi_network_id</value></property>
		<property name="type"><ref bean="java.sql.Types.BIGINT"></ref></property>
		<property name="position"><value>1</value></property>
		<property name="parameterType"><ref bean="net.bcgi.util.db.ParamDef.IN"></ref></property>
	</bean>
	<bean id="pro_get_online_data_plan_info_2" class="net.bcgi.util.db.ParamDef" scope="singleton">
		<property name="name"><value>pi_account_id</value></property>
		<property name="mapTo"><value>pi_account_id</value></property>
		<property name="type"><ref bean="java.sql.Types.BIGINT"></ref></property>
		<property name="position"><value>2</value></property>
		<property name="parameterType"><ref bean="net.bcgi.util.db.ParamDef.IN"></ref></property>
	</bean>
	<bean id="pro_get_online_data_plan_info_3" class="net.bcgi.util.db.ParamDef" scope="singleton">
		<property name="name"><value>pi_msisdn</value></property>
		<property name="mapTo"><value>pi_msisdn</value></property>
		<property name="type"><ref bean="java.sql.Types.BIGINT"></ref></property>
		<property name="position"><value>3</value></property>
		<property name="parameterType"><ref bean="net.bcgi.util.db.ParamDef.IN"></ref></property>
	</bean>
	
	<bean id="pro_get_online_data_plan_info_4" class="net.bcgi.util.db.ParamDef" scope="singleton">
		<property name="name"><value>bucketKeys</value></property>
		<property name="mapTo"><value>bucketKeys</value></property>
		<property name="type"><ref bean="java.sql.Types.ARRAY"></ref></property>
		<property name="position"><value>4</value></property>
		<property name="arrayName"><value>ARR_VARCHAR</value></property>
		<property name="parameterType"><ref bean="net.bcgi.util.db.ParamDef.IN"></ref></property>
	</bean>
	
	<bean id="pro_get_online_data_plan_info_5" class="net.bcgi.util.db.ParamDef" scope="singleton">
		<property name="name"><value>grantedUnits</value></property>
		<property name="mapTo"><value>grantedUnits</value></property>
		<property name="type"><ref bean="java.sql.Types.ARRAY"></ref></property>
		<property name="position"><value>5</value></property>
		<property name="arrayName"><value>ARR_FLOAT</value></property>
		<property name="parameterType"><ref bean="net.bcgi.util.db.ParamDef.IN"></ref></property>
	</bean>
		
	<bean id="pro_get_online_data_plan_info_6" class="net.bcgi.util.db.ParamDef" scope="singleton">
		<property name="name"><value>loadedDates</value></property>
		<property name="mapTo"><value>loadedDates</value></property>
		<property name="type"><ref bean="java.sql.Types.ARRAY"></ref></property>
		<property name="position"><value>6</value></property>
		<property name="arrayName"><value>ARR_VARCHAR</value></property>
		<property name="parameterType"><ref bean="net.bcgi.util.db.ParamDef.IN"></ref></property>
	</bean>
	 
	<bean id="pro_get_online_data_plan_info_7" class="net.bcgi.util.db.ParamDef" scope="singleton">
		<property name="name"><value>publicityIDs</value></property>
		<property name="mapTo"><value>publicityIDs</value></property>
		<property name="type"><ref bean="java.sql.Types.ARRAY"></ref></property>
		<property name="position"><value>7</value></property>
		<property name="arrayName"><value>ARR_VARCHAR</value></property>
		<property name="parameterType"><ref bean="net.bcgi.util.db.ParamDef.OUT"></ref></property>
	</bean>
	
	<bean id="pro_get_online_data_plan_info_8" class="net.bcgi.util.db.ParamDef" scope="singleton">
		<property name="name"><value>planId</value></property>
		<property name="mapTo"><value>planId</value></property>
		<property name="type"><ref bean="java.sql.Types.ARRAY"></ref></property>
		<property name="position"><value>8</value></property>
		<property name="arrayName"><value>ARR_VARCHAR</value></property>
		<property name="parameterType"><ref bean="net.bcgi.util.db.ParamDef.OUT"></ref></property>
	</bean>
	
	<bean id="pro_get_online_data_plan_info_9" class="net.bcgi.util.db.ParamDef" scope="singleton">
		<property name="name"><value>planName</value></property>
		<property name="mapTo"><value>planName</value></property>
		<property name="type"><ref bean="java.sql.Types.ARRAY"></ref></property>
		<property name="position"><value>9</value></property>
		<property name="arrayName"><value>ARR_VARCHAR</value></property>
		<property name="parameterType"><ref bean="net.bcgi.util.db.ParamDef.OUT"></ref></property>
	</bean>
	
	<bean id="pro_get_online_data_plan_info_10" class="net.bcgi.util.db.ParamDef" scope="singleton">
		<property name="name"><value>planActualValue</value></property>
		<property name="mapTo"><value>planActualValue</value></property>
		<property name="type"><ref bean="java.sql.Types.ARRAY"></ref></property>
		<property name="position"><value>10</value></property>
		<property name="arrayName"><value>ARR_VARCHAR</value></property>
		<property name="parameterType"><ref bean="net.bcgi.util.db.ParamDef.OUT"></ref></property>
	</bean>
	
	<bean id="pro_get_online_data_plan_info_11" class="net.bcgi.util.db.ParamDef" scope="singleton">
		<property name="name"><value>planRemainingValue</value></property>
		<property name="mapTo"><value>planRemainingValue</value></property>
		<property name="type"><ref bean="java.sql.Types.ARRAY"></ref></property>
		<property name="position"><value>11</value></property>
		<property name="arrayName"><value>ARR_VARCHAR</value></property>
		<property name="parameterType"><ref bean="net.bcgi.util.db.ParamDef.OUT"></ref></property>
	</bean>
	
	<bean id="pro_get_online_data_plan_info_12" class="net.bcgi.util.db.ParamDef" scope="singleton">
		<property name="name"><value>planUsedValue</value></property>
		<property name="mapTo"><value>planUsedValue</value></property>
		<property name="type"><ref bean="java.sql.Types.ARRAY"></ref></property>
		<property name="position"><value>12</value></property>
		<property name="arrayName"><value>ARR_VARCHAR</value></property>
		<property name="parameterType"><ref bean="net.bcgi.util.db.ParamDef.OUT"></ref></property>
	</bean>
	
	<bean id="pro_get_online_data_plan_info_13" class="net.bcgi.util.db.ParamDef" scope="singleton">
		<property name="name"><value>planExpiryDate</value></property>
		<property name="mapTo"><value>planExpiryDate</value></property>
		<property name="type"><ref bean="java.sql.Types.ARRAY"></ref></property>
		<property name="position"><value>13</value></property>
		<property name="arrayName"><value>ARR_VARCHAR</value></property>
		<property name="parameterType"><ref bean="net.bcgi.util.db.ParamDef.OUT"></ref></property>
	</bean>
	
	<bean id="pro_get_online_data_plan_info_14" class="net.bcgi.util.db.ParamDef" scope="singleton">
		<property name="name"><value>arrayCount</value></property>
		<property name="mapTo"><value>arrayCount</value></property>
		<property name="type"><ref bean="java.sql.Types.BIGINT"></ref></property>
		<property name="position"><value>14</value></property>
		<property name="parameterType"><ref bean="net.bcgi.util.db.ParamDef.OUT"></ref></property>
	</bean>
	
 	<bean id="pro_get_online_data_plan_info_15" class="net.bcgi.util.db.ParamDef" scope="singleton">
		<property name="name"><value>po_error_code</value></property>
		<property name="mapTo"><value>po_error_code</value></property>
		<property name="type"><ref bean="java.sql.Types.BIGINT"></ref></property>
		<property name="position"><value>15</value></property>
		<property name="parameterType"><ref bean="net.bcgi.util.db.ParamDef.OUT"></ref></property>
	</bean>
 
	<bean id="pro_get_online_data_plan_info_16" class="net.bcgi.util.db.ParamDef" scope="singleton">
		<property name="name"><value>po_error_mesg</value></property>
		<property name="mapTo"><value>po_error_mesg</value></property>
		<property name="type"><ref bean="java.sql.Types.VARCHAR"></ref></property>
		<property name="position"><value>16</value></property>
		<property name="parameterType"><ref bean="net.bcgi.util.db.ParamDef.OUT"></ref></property>
	</bean>	
</beans>