<?xml version="1.0" encoding="UTF-8" ?>
<!-- ====================================================================== -->
<!--                                                                        -->
<!-- XIUS-bcgi SMSC Agent            -->
<!--                                                                       -->
<!-- $Id: //depot/xb/MSP1.0/MSP-AWS/agents/iba/main/config/configxmls/proc-config/submgmt/sub_optional_services_pre_info.xml#1 $     -->
<!-- This file  will maps the SP input parameters to java fields. -->
<!-- $Author: shashidhar.p $  $DateTime: 2023/08/04 15:19:58 $ $Change: 224525 $      -->
<!-- ====================================================================== -->

<!DOCTYPE beans PUBLIC "-//SPRING//DTD BEAN//EN" "http://www.springframework.org/dtd/spring-beans.dtd">

<beans>
	<!-- start sp_bos_add_device -->
	
	<bean id="sub_optional_services_pre_info" class="net.bcgi.util.db.SPDefinition" scope="singleton">
		<property name="name"><value>CS_PKG_SEARCH_ACCOUNT.sub_optional_services_pre_info</value></property>
		<property name="returnsResult"><value>false</value></property>
		<property name="parameters">
			<list>
				<ref bean="sub_optional_services_pre_info_param_1"></ref>
				<ref bean="sub_optional_services_pre_info_param_2"></ref>
				<ref bean="sub_optional_services_pre_info_param_3"></ref>
				<ref bean="sub_optional_services_pre_info_param_4"></ref>
				<ref bean="sub_optional_services_pre_info_param_5"></ref>
				<ref bean="sub_optional_services_pre_info_param_6"></ref>
				<ref bean="sub_optional_services_pre_info_param_7"></ref>
				<ref bean="sub_optional_services_pre_info_param_8"></ref>
				<!--
					Modified for 	:   1.	Moving infinet agent (PA)  calls to Billing Agent
					REQ#xxx			: 
					Added Fields	: 9, 10 
					Date			: 13 Dec, 2012,
					Done By			: Phani.Chavala
				 -->
				<ref bean="sub_optional_services_pre_info_param_9"></ref>				
				<ref bean="sub_optional_services_pre_info_param_10"></ref>
				<ref bean="sub_optional_services_pre_info_param_11"></ref>
				<ref bean="sub_optional_services_pre_info_param_12"></ref>
				<ref bean="sub_optional_services_pre_info_param_13"></ref>
				<ref bean="sub_optional_services_pre_info_param_14"></ref>
				<ref bean="sub_optional_services_pre_info_param_15"></ref>
			</list>
		</property>
	</bean>
	
	<bean id="sub_optional_services_pre_info_param_1" class="net.bcgi.util.db.ParamDef" scope="singleton">
			<property name="name"><value>pi_network_id</value></property>
			<property name="mapTo"><value>pi_network_id</value></property>
			<property name="type"><ref bean="java.sql.Types.BIGINT"></ref></property>
			<property name="position"><value>1</value></property>
			<property name="parameterType"><ref bean="net.bcgi.util.db.ParamDef.IN"></ref></property>
	</bean>

	<bean id="sub_optional_services_pre_info_param_2" class="net.bcgi.util.db.ParamDef" scope="singleton">
			<property name="name"><value>pi_account_id</value></property>
			<property name="mapTo"><value>pi_account_id</value></property>
			<property name="type"><ref bean="java.sql.Types.BIGINT"></ref></property>
			<property name="position"><value>2</value></property>
			<property name="parameterType"><ref bean="net.bcgi.util.db.ParamDef.IN"></ref></property>
	</bean>

	<bean id="sub_optional_services_pre_info_param_3" class="net.bcgi.util.db.ParamDef" scope="singleton">
			<property name="name"><value>pi_msisdn</value></property>
			<property name="mapTo"><value>pi_msisdn</value></property>
			<property name="type"><ref bean="java.sql.Types.BIGINT"></ref></property>
			<property name="position"><value>3</value></property>
			<property name="parameterType"><ref bean="net.bcgi.util.db.ParamDef.IN"></ref></property>
	</bean>

	<bean id="sub_optional_services_pre_info_param_4" class="net.bcgi.util.db.ParamDef" scope="singleton">
			<property name="name"><value>po_service_id</value></property>
			<property name="mapTo"><value>po_service_id</value></property>
			<property name="type"><ref bean="java.sql.Types.ARRAY"></ref></property>
			<property name="arrayName"><value>ARR_NUMB</value></property>
			<property name="position"><value>4</value></property>
			<property name="parameterType"><ref bean="net.bcgi.util.db.ParamDef.OUT"></ref></property>
	</bean>
	<bean id="sub_optional_services_pre_info_param_5" class="net.bcgi.util.db.ParamDef" scope="singleton">
			<property name="name"><value>po_service_name</value></property>
			<property name="mapTo"><value>po_service_name</value></property>
			<property name="type"><ref bean="java.sql.Types.ARRAY"></ref></property>
			<property name="arrayName"><value>ARR_VARCHAR</value></property>
			<property name="position"><value>5</value></property>
			<property name="parameterType"><ref bean="net.bcgi.util.db.ParamDef.OUT"></ref></property>
	</bean>
	<bean id="sub_optional_services_pre_info_param_6" class="net.bcgi.util.db.ParamDef" scope="singleton">
			<property name="name"><value>po_service_status</value></property>
			<property name="mapTo"><value>po_service_status</value></property>
			<property name="type"><ref bean="java.sql.Types.ARRAY"></ref></property>
			<property name="arrayName"><value>ARR_VARCHAR</value></property>
			<property name="position"><value>6</value></property>
			<property name="parameterType"><ref bean="net.bcgi.util.db.ParamDef.OUT"></ref></property>
	</bean>
	<bean id="sub_optional_services_pre_info_param_7" class="net.bcgi.util.db.ParamDef" scope="singleton">
			<property name="name"><value>po_rental_period</value></property>
			<property name="mapTo"><value>po_rental_period</value></property>
			<property name="type"><ref bean="java.sql.Types.ARRAY"></ref></property>
			<property name="arrayName"><value>ARR_NUMB</value></property>
			<property name="position"><value>7</value></property>
			<property name="parameterType"><ref bean="net.bcgi.util.db.ParamDef.OUT"></ref></property>
	</bean>
	<bean id="sub_optional_services_pre_info_param_8" class="net.bcgi.util.db.ParamDef" scope="singleton">
			<property name="name"><value>po_rental_amount</value></property>
			<property name="mapTo"><value>po_rental_amount</value></property>
			<property name="type"><ref bean="java.sql.Types.ARRAY"></ref></property>
			<property name="arrayName"><value>ARR_NUMB</value></property>
			<property name="position"><value>8</value></property>
			<property name="parameterType"><ref bean="net.bcgi.util.db.ParamDef.OUT"></ref></property>
	</bean>
	<bean id="sub_optional_services_pre_info_param_9" class="net.bcgi.util.db.ParamDef" scope="singleton">
			<property name="name"><value>po_type_of_service</value></property>
			<property name="mapTo"><value>po_type_of_service</value></property>
			<property name="type"><ref bean="java.sql.Types.ARRAY"></ref></property>
			<property name="arrayName"><value>ARR_VARCHAR</value></property>
			<property name="position"><value>9</value></property>
			<property name="parameterType"><ref bean="net.bcgi.util.db.ParamDef.OUT"></ref></property>
	</bean>
	<bean id="sub_optional_services_pre_info_param_10" class="net.bcgi.util.db.ParamDef" scope="singleton">
			<property name="name"><value>po_account_id</value></property>
			<property name="mapTo"><value>po_account_id</value></property>
			<property name="type"><ref bean="java.sql.Types.BIGINT"></ref></property>
			<property name="position"><value>10</value></property>
			<property name="parameterType"><ref bean="net.bcgi.util.db.ParamDef.OUT"></ref></property>
	</bean>
	<bean id="sub_optional_services_pre_info_param_11" class="net.bcgi.util.db.ParamDef" scope="singleton">
			<property name="name"><value>po_tarriff_plan</value></property>
			<property name="mapTo"><value>po_tarriff_plan</value></property>
			<property name="type"><ref bean="java.sql.Types.VARCHAR"></ref></property>
			<property name="position"><value>11</value></property>
			<property name="parameterType"><ref bean="net.bcgi.util.db.ParamDef.OUT"></ref></property>
	</bean>
	<bean id="sub_optional_services_pre_info_param_12" class="net.bcgi.util.db.ParamDef" scope="singleton">
			<property name="name"><value>po_charge_id</value></property>
			<property name="mapTo"><value>po_charge_id</value></property>
			<property name="type"><ref bean="java.sql.Types.ARRAY"></ref></property>
			<property name="arrayName"><value>ARR_VARCHAR</value></property>
			<property name="position"><value>12</value></property>
			<property name="parameterType"><ref bean="net.bcgi.util.db.ParamDef.OUT"></ref></property>
	</bean>
	<bean id="sub_optional_services_pre_info_param_13" class="net.bcgi.util.db.ParamDef" scope="singleton">
			<property name="name"><value>po_service_flag</value></property>
			<property name="mapTo"><value>po_service_flag</value></property>
			<property name="type"><ref bean="java.sql.Types.ARRAY"></ref></property>
			<property name="arrayName"><value>ARR_VARCHAR</value></property>
			<property name="position"><value>13</value></property>
			<property name="parameterType"><ref bean="net.bcgi.util.db.ParamDef.OUT"></ref></property>
	</bean>
	<bean id="sub_optional_services_pre_info_param_14" class="net.bcgi.util.db.ParamDef" scope="singleton">
			<property name="name"><value>po_activation_fee</value></property>
			<property name="mapTo"><value>po_activation_fee</value></property>
			<property name="type"><ref bean="java.sql.Types.ARRAY"></ref></property>
			<property name="arrayName"><value>ARR_NUMB</value></property>
			<property name="position"><value>14</value></property>
			<property name="parameterType"><ref bean="net.bcgi.util.db.ParamDef.OUT"></ref></property>
	</bean>
	<bean id="sub_optional_services_pre_info_param_15" class="net.bcgi.util.db.ParamDef" scope="singleton">
			<property name="name"><value>po_error_code</value></property>
			<property name="mapTo"><value>po_error_code</value></property>
			<property name="type"><ref bean="java.sql.Types.BIGINT"></ref></property>
			<property name="position"><value>15</value></property>
			<property name="parameterType"><ref bean="net.bcgi.util.db.ParamDef.OUT"></ref></property>
	</bean>
	
 </beans>