<?xml version="1.0" encoding="UTF-8" ?>
<!-- ====================================================================== -->
<!--                                                                        -->
<!-- XIUS-bcgi SMSC Agent            -->
<!--                                                                       -->
<!-- $Id: //depot/xb/MSP1.0/MSP-AWS/agents/iba/main/config/configxmls/proc-config/submgmt/sub_additional_svcpack_pre_info.xml#1 $     -->
<!-- This file  will maps the SP input parameters to java fields. -->
<!-- $Author: shashidhar.p $  $DateTime: 2023/08/04 15:19:58 $ $Change: 224525 $      -->
<!-- ====================================================================== -->

<!DOCTYPE beans PUBLIC "-//SPRING//DTD BEAN//EN" "http://www.springframework.org/dtd/spring-beans.dtd">

<beans>
	<!-- start sp_bos_add_device -->
	
	<bean id="sub_additional_svcpack_pre_info" class="net.bcgi.util.db.SPDefinition" scope="singleton">
		<property name="name"><value>CS_PKG_SEARCH_ACCOUNT.sub_add_svcpack_pre_info</value></property>
		<property name="returnsResult"><value>false</value></property>
		<property name="parameters">
			<list>
				<ref bean="sub_add_svcpack_pre_info_param_1"></ref>
				<ref bean="sub_add_svcpack_pre_info_param_2"></ref>
				<ref bean="sub_add_svcpack_pre_info_param_3"></ref>
				<ref bean="sub_add_svcpack_pre_info_param_4"></ref>
				<ref bean="sub_add_svcpack_pre_info_param_5"></ref>
				<ref bean="sub_add_svcpack_pre_info_param_6"></ref>
				<ref bean="sub_add_svcpack_pre_info_param_7"></ref>
				<ref bean="sub_add_svcpack_pre_info_param_8"></ref>
				<ref bean="sub_add_svcpack_pre_info_param_9"></ref>
				<ref bean="sub_add_svcpack_pre_info_param_10"></ref>
				<ref bean="sub_add_svcpack_pre_info_param_11"></ref>				
				<ref bean="sub_add_svcpack_pre_info_param_12"></ref>				
				<ref bean="sub_add_svcpack_pre_info_param_13"></ref>				
				<ref bean="sub_add_svcpack_pre_info_param_14"></ref>				
				<ref bean="sub_add_svcpack_pre_info_param_15"></ref>	
				<ref bean="sub_add_svcpack_pre_info_param_16"></ref>				
				<ref bean="sub_add_svcpack_pre_info_param_17"></ref>	
				<ref bean="sub_add_svcpack_pre_info_param_18"></ref>	
				<ref bean="sub_add_svcpack_pre_info_param_19"></ref>
				<ref bean="sub_add_svcpack_pre_info_param_20"></ref>	
				<ref bean="sub_add_svcpack_pre_info_param_21"></ref>	
				<ref bean="sub_add_svcpack_pre_info_param_22"></ref>				
			</list>
		</property>
	</bean>
	 
	<bean id="sub_add_svcpack_pre_info_param_1" class="net.bcgi.util.db.ParamDef" scope="singleton">
			<property name="name"><value>pi_network_id</value></property>
			<property name="mapTo"><value>pi_network_id</value></property>
			<property name="type"><ref bean="java.sql.Types.BIGINT"></ref></property>
			<property name="position"><value>1</value></property>
			<property name="parameterType"><ref bean="net.bcgi.util.db.ParamDef.IN"></ref></property>
	</bean>

	<bean id="sub_add_svcpack_pre_info_param_2" class="net.bcgi.util.db.ParamDef" scope="singleton">
			<property name="name"><value>pi_account_id</value></property>
			<property name="mapTo"><value>pi_account_id</value></property>
			<property name="type"><ref bean="java.sql.Types.BIGINT"></ref></property>
			<property name="position"><value>2</value></property>
			<property name="parameterType"><ref bean="net.bcgi.util.db.ParamDef.IN"></ref></property>
	</bean>

	<bean id="sub_add_svcpack_pre_info_param_3" class="net.bcgi.util.db.ParamDef" scope="singleton">
			<property name="name"><value>pi_msisdn</value></property>
			<property name="mapTo"><value>pi_msisdn</value></property>
			<property name="type"><ref bean="java.sql.Types.BIGINT"></ref></property>
			<property name="position"><value>3</value></property>
			<property name="parameterType"><ref bean="net.bcgi.util.db.ParamDef.IN"></ref></property>
	</bean>
	<bean id="sub_add_svcpack_pre_info_param_4" class="net.bcgi.util.db.ParamDef" scope="singleton">
			<property name="name"><value>pi_ca_svcpkg_flag</value></property>
			<property name="mapTo"><value>pi_ca_svcpkg_flag</value></property>
			<property name="type"><ref bean="java.sql.Types.VARCHAR"></ref></property>
			<property name="position"><value>4</value></property>
			<property name="parameterType"><ref bean="net.bcgi.util.db.ParamDef.IN"></ref></property>
	</bean>
	<bean id="sub_add_svcpack_pre_info_param_5" class="net.bcgi.util.db.ParamDef" scope="singleton">
			<property name="name"><value>pi_atp_category_by_offer</value></property>
			<property name="mapTo"><value>pi_atp_category_by_offer</value></property>
			<property name="type"><ref bean="java.sql.Types.VARCHAR"></ref></property>
			<property name="position"><value>5</value></property>
			<property name="parameterType"><ref bean="net.bcgi.util.db.ParamDef.IN"></ref></property>
	</bean>

	<bean id="sub_add_svcpack_pre_info_param_6" class="net.bcgi.util.db.ParamDef" scope="singleton">
			<property name="name"><value>po_add_svcpack_id</value></property>
			<property name="mapTo"><value>po_add_svcpack_id</value></property>
			<property name="type"><ref bean="java.sql.Types.ARRAY"></ref></property>
			<property name="arrayName"><value>ARR_NUMB</value></property>
			<property name="position"><value>6</value></property>
			<property name="parameterType"><ref bean="net.bcgi.util.db.ParamDef.OUT"></ref></property>
	</bean>
	<bean id="sub_add_svcpack_pre_info_param_7" class="net.bcgi.util.db.ParamDef" scope="singleton">
			<property name="name"><value>po_add_svcpack_name</value></property>
			<property name="mapTo"><value>po_add_svcpack_name</value></property>
			<property name="type"><ref bean="java.sql.Types.ARRAY"></ref></property>
			<property name="arrayName"><value>ARR_VARCHAR</value></property>
			<property name="position"><value>7</value></property>
			<property name="parameterType"><ref bean="net.bcgi.util.db.ParamDef.OUT"></ref></property>
	</bean>
	<bean id="sub_add_svcpack_pre_info_param_8" class="net.bcgi.util.db.ParamDef" scope="singleton">
			<property name="name"><value>po_add_svcpack_status</value></property>
			<property name="mapTo"><value>po_add_svcpack_status</value></property>
			<property name="type"><ref bean="java.sql.Types.ARRAY"></ref></property>
			<property name="arrayName"><value>ARR_VARCHAR</value></property>
			<property name="position"><value>8</value></property>
			<property name="parameterType"><ref bean="net.bcgi.util.db.ParamDef.OUT"></ref></property>
	</bean>
	<bean id="sub_add_svcpack_pre_info_param_9" class="net.bcgi.util.db.ParamDef" scope="singleton">
			<property name="name"><value>po_rental_period</value></property>
			<property name="mapTo"><value>po_rental_period</value></property>
			<property name="type"><ref bean="java.sql.Types.ARRAY"></ref></property>
			<property name="arrayName"><value>ARR_NUMB</value></property>
			<property name="position"><value>9</value></property>
			<property name="parameterType"><ref bean="net.bcgi.util.db.ParamDef.OUT"></ref></property>
	</bean>
	<bean id="sub_add_svcpack_pre_info_param_10" class="net.bcgi.util.db.ParamDef" scope="singleton">
			<property name="name"><value>po_rental_amount</value></property>
			<property name="mapTo"><value>po_rental_amount</value></property>
			<property name="type"><ref bean="java.sql.Types.ARRAY"></ref></property>
			<property name="arrayName"><value>ARR_NUMB</value></property>
			<property name="position"><value>10</value></property>
			<property name="parameterType"><ref bean="net.bcgi.util.db.ParamDef.OUT"></ref></property>
	</bean>
	<bean id="sub_add_svcpack_pre_info_param_11" class="net.bcgi.util.db.ParamDef" scope="singleton">
			<property name="name"><value>po_charge_id</value></property>
			<property name="mapTo"><value>po_charge_id</value></property>
			<property name="type"><ref bean="java.sql.Types.ARRAY"></ref></property>
			<property name="arrayName"><value>ARR_VARCHAR</value></property>
			<property name="position"><value>11</value></property>
			<property name="parameterType"><ref bean="net.bcgi.util.db.ParamDef.OUT"></ref></property>
	</bean>	
	<bean id="sub_add_svcpack_pre_info_param_12" class="net.bcgi.util.db.ParamDef" scope="singleton">
			<property name="name"><value>po_activation_fee</value></property>
			<property name="mapTo"><value>po_activation_fee</value></property>
			<property name="type"><ref bean="java.sql.Types.ARRAY"></ref></property>
			<property name="arrayName"><value>ARR_NUMB</value></property>
			<property name="position"><value>12</value></property>
			<property name="parameterType"><ref bean="net.bcgi.util.db.ParamDef.OUT"></ref></property>
	</bean>
	<bean id="sub_add_svcpack_pre_info_param_13" class="net.bcgi.util.db.ParamDef" scope="singleton">
			<property name="name"><value>po_start_date</value></property>
			<property name="mapTo"><value>po_start_date</value></property>
			<property name="type"><ref bean="java.sql.Types.ARRAY"></ref></property>
			<property name="arrayName"><value>ARR_VARCHAR</value></property>
			<property name="position"><value>13</value></property>
			<property name="parameterType"><ref bean="net.bcgi.util.db.ParamDef.OUT"></ref></property>
	</bean>
	<bean id="sub_add_svcpack_pre_info_param_14" class="net.bcgi.util.db.ParamDef" scope="singleton">
			<property name="name"><value>po_end_date</value></property>
			<property name="mapTo"><value>po_end_date</value></property>
			<property name="type"><ref bean="java.sql.Types.ARRAY"></ref></property>
			<property name="arrayName"><value>ARR_VARCHAR</value></property>
			<property name="position"><value>14</value></property>
			<property name="parameterType"><ref bean="net.bcgi.util.db.ParamDef.OUT"></ref></property>
	</bean>
	<bean id="sub_add_svcpack_pre_info_param_15" class="net.bcgi.util.db.ParamDef" scope="singleton">
			<property name="name"><value>po_ca_svcpkg_flag</value></property>
			<property name="mapTo"><value>po_ca_svcpkg_flag</value></property>
			<property name="type"><ref bean="java.sql.Types.ARRAY"></ref></property>
			<property name="arrayName"><value>ARR_VARCHAR</value></property>
			<property name="position"><value>15</value></property>
			<property name="parameterType"><ref bean="net.bcgi.util.db.ParamDef.OUT"></ref></property>
	</bean>
	
	<!-- added by samba -->
	
	<bean id="sub_add_svcpack_pre_info_param_16" class="net.bcgi.util.db.ParamDef" scope="singleton">
			<property name="name"><value>po_publicity_id</value></property>
			<property name="mapTo"><value>po_publicity_id</value></property>
			<property name="type"><ref bean="java.sql.Types.ARRAY"></ref></property>
			<property name="arrayName"><value>ARR_VARCHAR</value></property>
			<property name="position"><value>16</value></property>
			<property name="parameterType"><ref bean="net.bcgi.util.db.ParamDef.OUT"></ref></property>
	</bean>
	            
	<bean id="sub_add_svcpack_pre_info_param_17" class="net.bcgi.util.db.ParamDef" scope="singleton">
			<property name="name"><value>po_atp_unique_id</value></property>
			<property name="mapTo"><value>po_atp_unique_id</value></property>
			<property name="type"><ref bean="java.sql.Types.ARRAY"></ref></property>
			<property name="arrayName"><value>ARR_NUMB</value></property>
			<property name="position"><value>17</value></property>
			<property name="parameterType"><ref bean="net.bcgi.util.db.ParamDef.OUT"></ref></property>
			
	 
	</bean>
	
		<bean id="sub_add_svcpack_pre_info_param_18" class="net.bcgi.util.db.ParamDef" scope="singleton">
			<property name="name"><value>po_description</value></property>
			<property name="mapTo"><value>po_description</value></property>
			<property name="type"><ref bean="java.sql.Types.ARRAY"></ref></property>
			<property name="arrayName"><value>ARR_VARCHAR</value></property>
			<property name="position"><value>18</value></property>
			<property name="parameterType"><ref bean="net.bcgi.util.db.ParamDef.OUT"></ref></property>
	</bean>
	
	
		<bean id="sub_add_svcpack_pre_info_param_19" class="net.bcgi.util.db.ParamDef" scope="singleton">
			<property name="name"><value>po_auto_renewal</value></property>
			<property name="mapTo"><value>po_auto_renewal</value></property>
			<property name="type"><ref bean="java.sql.Types.ARRAY"></ref></property>
			<property name="arrayName"><value>ARR_VARCHAR</value></property>
			<property name="position"><value>19</value></property>
			<property name="parameterType"><ref bean="net.bcgi.util.db.ParamDef.OUT"></ref></property>
	</bean>
	
	
		<bean id="sub_add_svcpack_pre_info_param_20" class="net.bcgi.util.db.ParamDef" scope="singleton">
			<property name="name"><value>po_max_renewal_count</value></property>
			<property name="mapTo"><value>po_max_renewal_count</value></property>
			<property name="type"><ref bean="java.sql.Types.ARRAY"></ref></property>
			<property name="arrayName"><value>ARR_NUMB</value></property>
			<property name="position"><value>20</value></property>
			<property name="parameterType"><ref bean="net.bcgi.util.db.ParamDef.OUT"></ref></property>
	</bean>
	
	
	<bean id="sub_add_svcpack_pre_info_param_21" class="net.bcgi.util.db.ParamDef" scope="singleton">
			<property name="name"><value>po_error_code</value></property>
			<property name="mapTo"><value>po_error_code</value></property>
			<property name="type"><ref bean="java.sql.Types.BIGINT"></ref></property>
			<property name="position"><value>21</value></property>
			<property name="parameterType"><ref bean="net.bcgi.util.db.ParamDef.OUT"></ref></property>
	</bean>
	<bean id="sub_add_svcpack_pre_info_param_22" class="net.bcgi.util.db.ParamDef" scope="singleton">
			<property name="name"><value>po_error_mesg</value></property>
			<property name="mapTo"><value>po_error_mesg</value></property>
			<property name="type"><ref bean="java.sql.Types.VARCHAR"></ref></property>
			<property name="position"><value>22</value></property>
			<property name="parameterType"><ref bean="net.bcgi.util.db.ParamDef.OUT"></ref></property>
	</bean>
 </beans>