<!DOCTYPE beans PUBLIC "-//SPRING//DTD BEAN//EN" "http://www.springframework.org/dtd/spring-beans.dtd">
<beans>

	<!-- get_exp_msisdns Stored Procedure -->
	<bean id="get_gst_zero_rated_info" class="net.bcgi.util.db.SPDefinition" scope="prototype">
	<property name="name"><value>pkg_gst_zero_rated_serv_sched.get_gst_zero_rated_info</value></property>
		<property name="returnsResult"><value>false</value></property>
		<property name="parameters">
			<list> <!--  parameter list -->
				<ref bean="get_gst_zero_rated_info_param_1"></ref>
				<ref bean="get_gst_zero_rated_info_param_2"></ref>
				<ref bean="get_gst_zero_rated_info_param_3"></ref>
				<ref bean="get_gst_zero_rated_info_param_4"></ref>
				<ref bean="get_gst_zero_rated_info_param_5"></ref>
				<ref bean="get_gst_zero_rated_info_param_6"></ref>
				<ref bean="get_gst_zero_rated_info_param_7"></ref>
			</list>
		</property>
		<property name="refCursors">
			<map>
				<entry key="5">
					<ref bean="get_gst_zero_rated_info_ref_bean"/>
				</entry>
			</map>
		</property>
	</bean>
	<bean id="get_gst_zero_rated_info_ref_bean" class="net.bcgi.util.db.ResultSetDef" scope="prototype">
		<property name="resultSetParams">
			<list>
				<ref bean="get_gst_zero_rated_info_ref_bean_param_1"></ref>
				<ref bean="get_gst_zero_rated_info_ref_bean_param_2"></ref>
				<ref bean="get_gst_zero_rated_info_ref_bean_param_3"></ref>
				<ref bean="get_gst_zero_rated_info_ref_bean_param_4"></ref>
				<ref bean="get_gst_zero_rated_info_ref_bean_param_5"></ref>
			</list>
		</property>
		<property name="className" value="com.xius.billing.agent.domaindata.impl.job.gstcredit.GSTCreditData"/>
	</bean>
	<bean id="get_gst_zero_rated_info_ref_bean_param_1" class="net.bcgi.util.db.ResultSetParam" scope="singleton">
	  <property name="procedureColumnName"><value>total_gst_amount</value></property>
	  <property name="mapTo"><value>totalGSTAmount</value></property>
	  <property name="columnType"><ref bean="java.sql.Types.DECIMAL"></ref></property>
	  <property name="position"><value>1</value></property>
	</bean>
	<bean id="get_gst_zero_rated_info_ref_bean_param_2" class="net.bcgi.util.db.ResultSetParam" scope="singleton">
	  <property name="procedureColumnName"><value>row_num</value></property>
	  <property name="mapTo"><value>rowNum</value></property>
	  <property name="columnType"><ref bean="java.sql.Types.INTEGER"></ref></property>
	  <property name="position"><value>2</value></property>
	</bean>
	<bean id="get_gst_zero_rated_info_ref_bean_param_3" class="net.bcgi.util.db.ResultSetParam" scope="singleton">
	  <property name="procedureColumnName"><value>pi_month</value></property>
	  <property name="mapTo"><value>pi_month</value></property>
	  <property name="columnType"><ref bean="java.sql.Types.VARCHAR"></ref></property>
	  <property name="position"><value>3</value></property>
	</bean>
	<bean id="get_gst_zero_rated_info_ref_bean_param_4" class="net.bcgi.util.db.ResultSetParam" scope="singleton">
	  <property name="procedureColumnName"><value>accountId</value></property>
	  <property name="mapTo"><value>accountId</value></property>
	  <property name="columnType"><ref bean="java.sql.Types.BIGINT"></ref></property>
	  <property name="position"><value>4</value></property>
	</bean>
	<bean id="get_gst_zero_rated_info_ref_bean_param_5" class="net.bcgi.util.db.ResultSetParam" scope="singleton">
	  <property name="procedureColumnName"><value>pi_network_id</value></property>
	  <property name="mapTo"><value>pi_network_id</value></property>
	  <property name="columnType"><ref bean="java.sql.Types.VARCHAR"></ref></property>
	  <property name="position"><value>5</value></property>
	</bean>
	
	<bean id="get_gst_zero_rated_info_param_1" class="net.bcgi.util.db.ParamDef" scope="singleton">
		<property name="name"><value>pi_max_row_count</value></property>
		<property name="mapTo"><value>maxRowCount</value></property>
		<property name="type"><ref bean="java.sql.Types.BIGINT"></ref></property>
		<property name="position"><value>1</value></property>
		<property name="parameterType">	<ref bean="net.bcgi.util.db.ParamDef.IN"></ref></property>
	</bean>
	<bean id="get_gst_zero_rated_info_param_2" class="net.bcgi.util.db.ParamDef" scope="singleton">
		<property name="name"><value>pi_network_id</value></property>
		<property name="mapTo"><value>network_id</value></property>
		<property name="type"><ref bean="java.sql.Types.ARRAY"></ref></property>
		<property name="arrayName"><value>ARR_NUMB</value></property>
		<property name="position"><value>2</value></property>
		<property name="parameterType">	<ref bean="net.bcgi.util.db.ParamDef.IN"></ref></property>
	</bean>
	<bean id="get_gst_zero_rated_info_param_3" class="net.bcgi.util.db.ParamDef" scope="singleton">
		<property name="name"><value>pi_instance_id</value></property>
		<property name="mapTo"><value>instanceId</value></property>
		<property name="type"><ref bean="java.sql.Types.VARCHAR"></ref></property>
		<property name="position"><value>3</value></property>
		<property name="parameterType">	<ref bean="net.bcgi.util.db.ParamDef.IN"></ref></property>
	</bean>
	<bean id="get_gst_zero_rated_info_param_4" class="net.bcgi.util.db.ParamDef" scope="singleton">
		<property name="name"><value>pi_retry_count</value></property>
		<property name="mapTo"><value>gstCreditUpdateRetry</value></property>
		<property name="type"><ref bean="java.sql.Types.BIGINT"></ref></property>
		<property name="position"><value>4</value></property>
		<property name="parameterType">	<ref bean="net.bcgi.util.db.ParamDef.IN"></ref></property>
	</bean>
	<bean id="get_gst_zero_rated_info_param_5" class="net.bcgi.util.db.ParamDef" scope="singleton">
		<property name="name"><value>po_zero_rated_info</value></property>
		<property name="mapTo"><value>po_zero_rated_info</value></property>
		<property name="type"><ref bean="oracle.jdbc.driver.OracleTypes.CURSOR"></ref></property>
		<property name="position"><value>5</value></property>
		<property name="parameterType">	<ref bean="net.bcgi.util.db.ParamDef.OUT"></ref></property>
	</bean>
	<bean id="get_gst_zero_rated_info_param_6" class="net.bcgi.util.db.ParamDef" scope="singleton">
		<property name="name"><value>po_error_code</value></property>
		<property name="mapTo"><value>po_error_code</value></property>
		<property name="type"><ref bean="java.sql.Types.BIGINT"></ref></property>
		<property name="position"><value>6</value></property>
		<property name="parameterType">	<ref bean="net.bcgi.util.db.ParamDef.OUT"></ref></property>
	</bean>
	<bean id="get_gst_zero_rated_info_param_7" class="net.bcgi.util.db.ParamDef" scope="singleton">
	  <property name="name"><value>po_error_mesg</value></property>
	  <property name="mapTo"><value>po_error_mesg</value></property>
	  <property name="type"><ref bean="java.sql.Types.VARCHAR"></ref></property>
	  <property name="position"><value>7</value></property>
	  <property name="parameterType"><ref bean="net.bcgi.util.db.ParamDef.OUT"></ref></property>
	</bean>
 </beans>