<!DOCTYPE beans PUBLIC "-//SPRING//DTD BEAN//EN" "http://www.springframework.org/dtd/spring-beans.dtd">
<beans>

	<!-- get_exp_msisdns Stored Procedure -->
	<bean id="pro_gst_zero_rated_info_update" class="net.bcgi.util.db.SPDefinition" scope="prototype">
	<property name="name"><value>pkg_gst_zero_rated_serv_sched.pro_gst_zero_rated_info_update</value></property>
		<property name="returnsResult"><value>false</value></property>
		<property name="parameters">
			<list> <!--  parameter list -->
				<ref bean="pro_gst_zero_rated_info_update_param_1"></ref>
				<ref bean="pro_gst_zero_rated_info_update_param_2"></ref>
				<ref bean="pro_gst_zero_rated_info_update_param_3"></ref>
				<ref bean="pro_gst_zero_rated_info_update_param_4"></ref>
				<ref bean="pro_gst_zero_rated_info_update_param_5"></ref>
				<ref bean="pro_gst_zero_rated_info_update_param_6"></ref>
				<ref bean="pro_gst_zero_rated_info_update_param_7"></ref>
				<ref bean="pro_gst_zero_rated_info_update_param_8"></ref>
			</list>
		</property>
	</bean>
	 
	<bean id="pro_gst_zero_rated_info_update_param_1" class="net.bcgi.util.db.ParamDef" scope="singleton">
		<property name="name"><value>accountId</value></property>
		<property name="mapTo"><value>accountId</value></property>
		<property name="type"><ref bean="java.sql.Types.BIGINT"></ref></property>
		<property name="position"><value>1</value></property>
		<property name="parameterType">	<ref bean="net.bcgi.util.db.ParamDef.IN"></ref></property>
	</bean>
	<bean id="pro_gst_zero_rated_info_update_param_2" class="net.bcgi.util.db.ParamDef" scope="singleton">
		<property name="name"><value>pi_status</value></property>
		<property name="mapTo"><value>status</value></property>
		<property name="type"><ref bean="java.sql.Types.VARCHAR"></ref></property>
		<property name="position"><value>2</value></property>
		<property name="parameterType">	<ref bean="net.bcgi.util.db.ParamDef.IN"></ref></property>
	</bean>
	<bean id="pro_gst_zero_rated_info_update_param_3" class="net.bcgi.util.db.ParamDef" scope="singleton">
		<property name="name"><value>pi_failed_reason</value></property>
		<property name="mapTo"><value>failureReason</value></property>
		<property name="type"><ref bean="java.sql.Types.VARCHAR"></ref></property>
		<property name="position"><value>3</value></property>
		<property name="parameterType">	<ref bean="net.bcgi.util.db.ParamDef.IN"></ref></property>
	</bean>
	<bean id="pro_gst_zero_rated_info_update_param_4" class="net.bcgi.util.db.ParamDef" scope="singleton">
		<property name="name"><value>pi_retry_count</value></property>
		<property name="mapTo"><value>gstCreditUpdateRetry</value></property>
		<property name="type"><ref bean="java.sql.Types.BIGINT"></ref></property>
		<property name="position"><value>4</value></property>
		<property name="parameterType">	<ref bean="net.bcgi.util.db.ParamDef.IN"></ref></property>
	</bean>	
	<bean id="pro_gst_zero_rated_info_update_param_5" class="net.bcgi.util.db.ParamDef" scope="singleton">
		<property name="name"><value>pi_month</value></property>
		<property name="mapTo"><value>pi_month</value></property>
		<property name="type"><ref bean="java.sql.Types.VARCHAR"></ref></property>
		<property name="position"><value>5</value></property>
		<property name="parameterType">	<ref bean="net.bcgi.util.db.ParamDef.IN"></ref></property>
	</bean>
	<bean id="pro_gst_zero_rated_info_update_param_6" class="net.bcgi.util.db.ParamDef" scope="singleton">
		<property name="name"><value>pi_network_id</value></property>
		<property name="mapTo"><value>pi_network_id</value></property>
		<property name="type"><ref bean="java.sql.Types.BIGINT"></ref></property>
		<property name="position"><value>6</value></property>
		<property name="parameterType">	<ref bean="net.bcgi.util.db.ParamDef.IN"></ref></property>
	</bean>	
	<bean id="pro_gst_zero_rated_info_update_param_7" class="net.bcgi.util.db.ParamDef" scope="singleton">
		<property name="name"><value>po_error_code</value></property>
		<property name="mapTo"><value>po_error_code</value></property>
		<property name="type"><ref bean="java.sql.Types.BIGINT"></ref></property>
		<property name="position"><value>7</value></property>
		<property name="parameterType">	<ref bean="net.bcgi.util.db.ParamDef.OUT"></ref></property>
	</bean>
	<bean id="pro_gst_zero_rated_info_update_param_8" class="net.bcgi.util.db.ParamDef" scope="singleton">
	  <property name="name"><value>po_error_mesg</value></property>
	  <property name="mapTo"><value>po_error_mesg</value></property>
	  <property name="type"><ref bean="java.sql.Types.VARCHAR"></ref></property>
	  <property name="position"><value>8</value></property>
	  <property name="parameterType"><ref bean="net.bcgi.util.db.ParamDef.OUT"></ref></property>
	</bean>
 </beans>