<!DOCTYPE beans PUBLIC "-//SPRING//DTD BEAN//EN" "http://www.springframework.org/dtd/spring-beans.dtd">
<beans>
	<bean id="pro_slpn_redemption_update" class="net.bcgi.util.db.SPDefinition" scope="prototype">
	<property name="name"><value>pkg_subs_external_card_mgmt.pro_slpn_redemption_update</value></property>
	<property name="returnsResult"><value>false</value></property>
	<property name="parameters">
		<list> <!--  parameter list -->
			<ref bean="pro_slpn_redemption_update_1"></ref>
			<ref bean="pro_slpn_redemption_update_2"></ref>	
			<ref bean="pro_slpn_redemption_update_3"></ref>
			<ref bean="pro_slpn_redemption_update_4"></ref>
	 		<ref bean="pro_slpn_redemption_update_5"></ref>	 	
	 		<ref bean="pro_slpn_redemption_update_6"></ref>	
			<ref bean="pro_slpn_redemption_update_7"></ref>
		</list>
	</property>
	</bean>
	
	<bean id="pro_slpn_redemption_update_1" class="net.bcgi.util.db.ParamDef" scope="singleton">
	  <property name="name"><value>pi_network_id</value></property>
	  <property name="mapTo"><value>pi_network_id</value></property>
	  <property name="type"><ref bean="java.sql.Types.BIGINT"></ref></property>
	  <property name="position"><value>1</value></property>
	  <property name="parameterType"><ref bean="net.bcgi.util.db.ParamDef.IN"></ref></property>
	</bean>
	<bean id="pro_slpn_redemption_update_2" class="net.bcgi.util.db.ParamDef" scope="singleton">
	  <property name="name"><value>pi_transaction_id</value></property>
	  <property name="mapTo"><value>pi_transaction_id</value></property>
	  <property name="type"><ref bean="java.sql.Types.VARCHAR"></ref></property>
	  <property name="position"><value>2</value></property>
	  <property name="parameterType"><ref bean="net.bcgi.util.db.ParamDef.IN"></ref></property>
	</bean>
	
	<bean id="pro_slpn_redemption_update_3" class="net.bcgi.util.db.ParamDef" scope="singleton">
		<property name="name"><value>pi_ext_error_code</value></property>
		<property name="mapTo"><value>pi_ext_error_code</value></property>
		<property name="type"><ref bean="java.sql.Types.BIGINT"></ref></property>
		<property name="position"><value>3</value></property>
		<property name="parameterType"><ref bean="net.bcgi.util.db.ParamDef.IN"></ref></property>
	</bean>
	
	<bean id="pro_slpn_redemption_update_4" class="net.bcgi.util.db.ParamDef" scope="singleton">
		<property name="name"><value>pi_status</value></property>
		<property name="mapTo"><value>pi_status</value></property>
		<property name="type"><ref bean="java.sql.Types.VARCHAR"></ref></property>
		<property name="position"><value>4</value></property>
		<property name="parameterType"><ref bean="net.bcgi.util.db.ParamDef.IN"></ref></property>
	</bean>
	
		<bean id="pro_slpn_redemption_update_5" class="net.bcgi.util.db.ParamDef" scope="singleton">
	  <property name="name"><value>pi_remarks</value></property>
	  <property name="mapTo"><value>pi_remarks</value></property>
	  <property name="type"><ref bean="java.sql.Types.VARCHAR"></ref></property>
	  <property name="position"><value>5</value></property>
	  <property name="parameterType"><ref bean="net.bcgi.util.db.ParamDef.IN"></ref></property>
	</bean>
	<bean id="pro_slpn_redemption_update_6" class="net.bcgi.util.db.ParamDef" scope="singleton">
		<property name="name"><value>po_error_code</value></property>
		<property name="mapTo"><value>po_error_code</value></property>
		<property name="type"><ref bean="java.sql.Types.BIGINT"></ref></property>
		<property name="position"><value>6</value></property>
		<property name="parameterType"><ref bean="net.bcgi.util.db.ParamDef.OUT"></ref></property>
	</bean>
	
	<bean id="pro_slpn_redemption_update_7" class="net.bcgi.util.db.ParamDef" scope="singleton">
	  <property name="name"><value>po_error_desc</value></property>
	  <property name="mapTo"><value>po_error_mesg</value></property>
	  <property name="type"><ref bean="java.sql.Types.VARCHAR"></ref></property>
	  <property name="position"><value>7</value></property>
	  <property name="parameterType"><ref bean="net.bcgi.util.db.ParamDef.OUT"></ref></property>
	</bean> 	
</beans>