<?xml version="1.0" encoding="UTF-8" ?>
<!DOCTYPE beans PUBLIC "-//SPRING//DTD BEAN//EN" "http://www.springframework.org/dtd/spring-beans.dtd">

<beans>
	
	<bean id="pro_slpn_msisdn_update"
		class="net.bcgi.util.db.SPDefinition" scope="singleton">
		<property name="name"><value>pkg_subs_external_card_mgmt.pro_slpn_msisdn_update</value></property>
		<property name="returnsResult"><value>false</value></property>
		<property name="parameters">
			<list>
				<ref bean="pro_slpn_msisdn_update_1"></ref>
				<ref bean="pro_slpn_msisdn_update_2"></ref>
				<ref bean="pro_slpn_msisdn_update_3"></ref>
				<ref bean="pro_slpn_msisdn_update_4"></ref>	
				<ref bean="pro_slpn_msisdn_update_5"></ref>	
				<ref bean="pro_slpn_msisdn_update_6"></ref>	
				<ref bean="pro_slpn_msisdn_update_7"></ref>	
				<ref bean="pro_slpn_msisdn_update_8"></ref>
				<ref bean="pro_slpn_msisdn_update_9"></ref>
					
					
			</list>
		</property>
		<property name="refCursors">
			<map>
				<entry key="6">
					<ref bean="po_slpn_msisdn_details2"/>
				</entry>
			</map>
		</property>
	</bean>
	<bean id="po_slpn_msisdn_details2"
		class="net.bcgi.util.db.ResultSetDef" scope="prototype">
		<property name="resultSetParams">
			<list>
				<ref bean="po_slpn_msisdn_details2_cursor_param_1"></ref>
				<ref bean="po_slpn_msisdn_details2_cursor_param_2"></ref>
				<ref bean="po_slpn_msisdn_details2_cursor_param_3"></ref>
				<ref bean="po_slpn_msisdn_details2_cursor_param_4"></ref>
				<ref bean="po_slpn_msisdn_details2_cursor_param_5"></ref>	
				<ref bean="po_slpn_msisdn_details2_cursor_param_6"></ref>				
			</list>
		</property>		
		<property name="className" value="com.xius.billing.agent.domaindata.impl.card.SLPNMsisdnUpdateCursorData"/>
	</bean>
	<bean id="po_slpn_msisdn_details2_cursor_param_1" class="net.bcgi.util.db.ResultSetParam" scope="singleton">
	  <property name="procedureColumnName"><value>new_msisdn</value></property>
	  <property name="mapTo"><value>msisdn_no</value></property>
	  <property name="columnType"><ref bean="java.sql.Types.BIGINT"></ref></property>
	  <property name="position"><value>1</value></property>
	</bean>
	<bean id="po_slpn_msisdn_details2_cursor_param_2" class="net.bcgi.util.db.ResultSetParam" scope="singleton">
	  <property name="procedureColumnName"><value>slpn_no</value></property>
	  <property name="mapTo"><value>slpn_no</value></property>
	  <property name="columnType"><ref bean="java.sql.Types.VARCHAR"></ref></property>
	  <property name="position"><value>2</value></property>
	</bean>
	<bean id="po_slpn_msisdn_details2_cursor_param_3" class="net.bcgi.util.db.ResultSetParam" scope="singleton">
	  <property name="procedureColumnName"><value>is_principle_contact_yn</value></property>
	  <property name="mapTo"><value>is_principle_contact_yn</value></property>
	  <property name="columnType"><ref bean="java.sql.Types.VARCHAR"></ref></property>
	  <property name="position"><value>3</value></property>
	</bean>
	<bean id="po_slpn_msisdn_details2_cursor_param_4" class="net.bcgi.util.db.ResultSetParam" scope="singleton">
	  <property name="procedureColumnName"><value>trans_id_d</value></property>
	  <property name="mapTo"><value>trannsaction_id</value></property>
	  <property name="columnType"><ref bean="java.sql.Types.VARCHAR"></ref></property>
	  <property name="position"><value>4</value></property>
	</bean>
	<bean id="po_slpn_msisdn_details2_cursor_param_5" class="net.bcgi.util.db.ResultSetParam" scope="singleton">
	  <property name="procedureColumnName"><value>trans_id_a</value></property>
	  <property name="mapTo"><value>trans_id_a</value></property>
	  <property name="columnType"><ref bean="java.sql.Types.VARCHAR"></ref></property>
	  <property name="position"><value>5</value></property>
	</bean>
	<bean id="po_slpn_msisdn_details2_cursor_param_6" class="net.bcgi.util.db.ResultSetParam" scope="singleton">
	  <property name="procedureColumnName"><value>trans_id_m</value></property>
	  <property name="mapTo"><value>trans_id_m</value></property>
	  <property name="columnType"><ref bean="java.sql.Types.VARCHAR"></ref></property>
	  <property name="position"><value>6</value></property>
	</bean>
	
	<!-- End of cursor mapping -->
	
	<bean id="pro_slpn_msisdn_update_1" class="net.bcgi.util.db.ParamDef" scope="singleton">
			<property name="name"><value>pi_network_id</value></property>
			<property name="mapTo"><value>pi_network_id</value></property>
			<property name="type"><ref bean="java.sql.Types.BIGINT"></ref></property>
			<property name="position"><value>1</value></property>
			<property name="parameterType"><ref bean="net.bcgi.util.db.ParamDef.IN"></ref></property>
	</bean>
	<bean id="pro_slpn_msisdn_update_2" class="net.bcgi.util.db.ParamDef" scope="singleton">
		<property name="name"><value>pi_old_msisdn_no</value></property>
		<property name="mapTo"><value>pi_old_msisdn_no</value></property>
		<property name="type"><ref bean="java.sql.Types.BIGINT"></ref></property>
		<property name="position"><value>2</value></property>
		<property name="parameterType">	<ref bean="net.bcgi.util.db.ParamDef.IN"></ref></property>
	</bean>
	<bean id="pro_slpn_msisdn_update_3" class="net.bcgi.util.db.ParamDef" scope="singleton">
			<property name="name"><value>pi_new_msisdn_no</value></property>
			<property name="mapTo"><value>pi_new_msisdn_no</value></property>
			<property name="type"><ref bean="java.sql.Types.BIGINT"></ref></property>
			<property name="position"><value>3</value></property>
			<property name="parameterType"><ref bean="net.bcgi.util.db.ParamDef.IN"></ref></property>
	</bean>	
	
	<bean id="pro_slpn_msisdn_update_4" class="net.bcgi.util.db.ParamDef" scope="singleton">
			<property name="name"><value>pi_slpn_no</value></property>
			<property name="mapTo"><value>pi_slpn_no</value></property>
			<property name="type"><ref bean="java.sql.Types.VARCHAR"></ref></property>
			<property name="position"><value>4</value></property>
			<property name="parameterType"><ref bean="net.bcgi.util.db.ParamDef.IN"></ref></property>
	</bean>

	<bean id="pro_slpn_msisdn_update_5" class="net.bcgi.util.db.ParamDef" scope="singleton">
  		<property name="name"><value>pi_user_id</value></property>
  		<property name="mapTo"><value>pi_user_id</value></property>
  		<property name="type"><ref bean="java.sql.Types.VARCHAR"></ref></property>
  		<property name="position"><value>5</value></property>
  		<property name="parameterType"><ref bean="net.bcgi.util.db.ParamDef.IN"></ref></property>
	</bean>
	
	<bean id="pro_slpn_msisdn_update_6" class="net.bcgi.util.db.ParamDef" scope="singleton">
  		<property name="name"><value>po_slpn_msisdn_details</value></property>
  		<property name="mapTo"><value>po_slpn_msisdn_details</value></property>
  		<property name="type"><ref bean="oracle.jdbc.driver.OracleTypes.CURSOR"></ref></property>
  		<property name="position"><value>6</value></property>
  		<property name="parameterType"><ref bean="net.bcgi.util.db.ParamDef.OUT"></ref></property>
	</bean>
	<bean id="pro_slpn_msisdn_update_7" class="net.bcgi.util.db.ParamDef" scope="singleton">
			<property name="name"><value>po_slpn_exist_yn</value></property>
			<property name="mapTo"><value>po_slpn_exist_yn</value></property>
			<property name="type"><ref bean="java.sql.Types.VARCHAR"></ref></property>
			<property name="position"><value>7</value></property>
			<property name="parameterType"><ref bean="net.bcgi.util.db.ParamDef.OUT"></ref></property>
	</bean>
	
	<bean id="pro_slpn_msisdn_update_8" class="net.bcgi.util.db.ParamDef" scope="singleton">
			<property name="name"><value>po_error_code</value></property>
			<property name="mapTo"><value>po_error_code</value></property>
			<property name="type"><ref bean="java.sql.Types.BIGINT"></ref></property>
			<property name="position"><value>8</value></property>
			<property name="parameterType"><ref bean="net.bcgi.util.db.ParamDef.OUT"></ref></property>
	</bean>
	<bean id="pro_slpn_msisdn_update_9" class="net.bcgi.util.db.ParamDef" scope="singleton">
			<property name="name"><value>po_error_desc</value></property>
			<property name="mapTo"><value>po_error_mesg</value></property>
			<property name="type"><ref bean="java.sql.Types.VARCHAR"></ref></property>
			<property name="position"><value>9</value></property>
			<property name="parameterType"><ref bean="net.bcgi.util.db.ParamDef.OUT"></ref></property>
	</bean>	
 
 </beans>