<!DOCTYPE beans PUBLIC "-//SPRING//DTD BEAN//EN" "http://www.springframework.org/dtd/spring-beans.dtd">
<beans>
	<bean id="pro_slpnpoints_redem_denom_map" class="net.bcgi.util.db.SPDefinition" scope="prototype">
	<property name="name"><value>pkg_subs_external_card_mgmt.pro_slpnpoints_redem_denom_map</value></property>
	<property name="returnsResult"><value>false</value></property>
	<property name="parameters">
		<list> <!--  parameter list -->
			<ref bean="pro_slpnpoints_redem_denom_map_1"></ref>
			<ref bean="pro_slpnpoints_redem_denom_map_2"></ref>	
			<ref bean="pro_slpnpoints_redem_denom_map_3"></ref>
			<ref bean="pro_slpnpoints_redem_denom_map_4"></ref>
	 		<ref bean="pro_slpnpoints_redem_denom_map_5"></ref>	 	
	 		<ref bean="pro_slpnpoints_redem_denom_map_6"></ref>	
			<ref bean="pro_slpnpoints_redem_denom_map_7"></ref>
			<ref bean="pro_slpnpoints_redem_denom_map_8"></ref>	 	
	 		<ref bean="pro_slpnpoints_redem_denom_map_9"></ref>
			<ref bean="pro_slpnpoints_redem_denom_map_10"></ref>
			<ref bean="pro_slpnpoints_redem_denom_map_11"></ref>
		</list>
	</property>
	
	<property name="refCursors">
			<map>
				<entry key="7">
					<ref bean="po_redem_denom_details_ref_bean"/>
				</entry>
			</map>
	</property>
	</bean>
		
	<bean id="po_redem_denom_details_ref_bean"
		class="net.bcgi.util.db.ResultSetDef" scope="prototype">
		<property name="resultSetParams">
			<list>
				<ref bean="po_redem_denom_details_cursor_param_1"></ref>
				<ref bean="po_redem_denom_details_cursor_param_2"></ref>
				<ref bean="po_redem_denom_details_cursor_param_3"></ref>
				<ref bean="po_redem_denom_details_cursor_param_4"></ref>
			</list>
		</property>
		<property name="className" value="com.xius.billing.agent.domaindata.impl.card.SlpnpointsRedemDenomMapCursorData"/>
	</bean>
	
	<bean id="po_redem_denom_details_cursor_param_1" class="net.bcgi.util.db.ResultSetParam" scope="singleton">
	  <property name="procedureColumnName"><value>slpn_points</value></property>
	  <property name="mapTo"><value>slpn_points</value></property>
	  <property name="columnType"><ref bean="java.sql.Types.BIGINT"></ref></property>
	  <property name="position"><value>1</value></property>
	</bean>
	<bean id="po_redem_denom_details_cursor_param_2" class="net.bcgi.util.db.ResultSetParam" scope="singleton">
	  <property name="procedureColumnName"><value>redemption_denomination</value></property>
	  <property name="mapTo"><value>redemption_denomination</value></property>
	  <property name="columnType"><ref bean="java.sql.Types.BIGINT"></ref></property>
	  <property name="position"><value>2</value></property>
	</bean>
	<bean id="po_redem_denom_details_cursor_param_3" class="net.bcgi.util.db.ResultSetParam" scope="singleton">
	  <property name="procedureColumnName"><value>seq_id</value></property>
	  <property name="mapTo"><value>seq_id</value></property>
	  <property name="columnType"><ref bean="java.sql.Types.BIGINT"></ref></property>
	  <property name="position"><value>3</value></property>
	</bean>
	<bean id="po_redem_denom_details_cursor_param_4" class="net.bcgi.util.db.ResultSetParam" scope="singleton">
	  <property name="procedureColumnName"><value>applicable_channel</value></property>
	  <property name="mapTo"><value>applicable_channel</value></property>
	  <property name="columnType"><ref bean="java.sql.Types.VARCHAR"></ref></property>
	  <property name="position"><value>4</value></property>
	</bean>
	<!--  End of cursor mapping -->
	
	
	<bean id="pro_slpnpoints_redem_denom_map_1" class="net.bcgi.util.db.ParamDef" scope="singleton">
	  <property name="name"><value>pi_network_id</value></property>
	  <property name="mapTo"><value>pi_network_id</value></property>
	  <property name="type"><ref bean="java.sql.Types.BIGINT"></ref></property>
	  <property name="position"><value>1</value></property>
	  <property name="parameterType"><ref bean="net.bcgi.util.db.ParamDef.IN"></ref></property>
	</bean>
	
	<bean id="pro_slpnpoints_redem_denom_map_2" class="net.bcgi.util.db.ParamDef" scope="singleton">
	  <property name="name"><value>pi_action_flag</value></property>
	  <property name="mapTo"><value>pi_action_flag</value></property>
	  <property name="type"><ref bean="java.sql.Types.VARCHAR"></ref></property>
	  <property name="position"><value>2</value></property>
	  <property name="parameterType"><ref bean="net.bcgi.util.db.ParamDef.IN"></ref></property>
	</bean>
	
	<bean id="pro_slpnpoints_redem_denom_map_3" class="net.bcgi.util.db.ParamDef" scope="singleton">
		<property name="name"><value>pi_slpn_points</value></property>
		<property name="mapTo"><value>pi_slpn_points</value></property>
		<property name="type"><ref bean="java.sql.Types.ARRAY"></ref></property>
		<property name="position"><value>3</value></property>
		<property name="arrayName"><value>ARR_NUMB</value></property>
		<property name="parameterType"><ref bean="net.bcgi.util.db.ParamDef.IN"></ref></property>
	</bean>
	
	<bean id="pro_slpnpoints_redem_denom_map_4" class="net.bcgi.util.db.ParamDef" scope="singleton">
		<property name="name"><value>pi_redemption_denomination</value></property>
		<property name="mapTo"><value>pi_redemption_denomination</value></property>
		<property name="type"><ref bean="java.sql.Types.ARRAY"></ref></property>
		<property name="position"><value>4</value></property>
		<property name="arrayName"><value>ARR_NUMB</value></property>
		<property name="parameterType"><ref bean="net.bcgi.util.db.ParamDef.IN"></ref></property>
	</bean>
	
	<bean id="pro_slpnpoints_redem_denom_map_5" class="net.bcgi.util.db.ParamDef" scope="singleton">
	  <property name="name"><value>pi_seq_id</value></property>
	  <property name="mapTo"><value>pi_seq_id</value></property>
	  <property name="type"><ref bean="java.sql.Types.BIGINT"></ref></property>
	  <property name="position"><value>5</value></property>
	  <property name="parameterType"><ref bean="net.bcgi.util.db.ParamDef.IN"></ref></property>
	</bean>
	
	<bean id="pro_slpnpoints_redem_denom_map_6" class="net.bcgi.util.db.ParamDef" scope="singleton">
	  <property name="name"><value>pi_applicable_channel</value></property>
	  <property name="mapTo"><value>pi_applicable_channel</value></property>
	  <property name="type"><ref bean="java.sql.Types.VARCHAR"></ref></property>
	  <property name="position"><value>6</value></property>
	  <property name="parameterType"><ref bean="net.bcgi.util.db.ParamDef.IN"></ref></property>
	</bean>
	
	<bean id="pro_slpnpoints_redem_denom_map_7" class="net.bcgi.util.db.ParamDef" scope="singleton">
		<property name="name"><value>po_redemption_denom_dtls</value></property>
		<property name="mapTo"><value>cursor</value></property>
		<property name="type"><ref bean="oracle.jdbc.driver.OracleTypes.CURSOR"></ref></property>
		<property name="position"><value>7</value></property>
		<property name="parameterType"><ref bean="net.bcgi.util.db.ParamDef.OUT"></ref></property>
	</bean>
	
	<bean id="pro_slpnpoints_redem_denom_map_8" class="net.bcgi.util.db.ParamDef" scope="singleton">
		<property name="name"><value>po_error_list</value></property>
		<property name="mapTo"><value>po_error_list</value></property>
		<property name="type"><ref bean="java.sql.Types.ARRAY"></ref></property>
		<property name="position"><value>8</value></property>
		<property name="arrayName"><value>ARR_VARCHAR</value></property>
		<property name="parameterType"><ref bean="net.bcgi.util.db.ParamDef.OUT"></ref></property>
	</bean>
	
	<bean id="pro_slpnpoints_redem_denom_map_9" class="net.bcgi.util.db.ParamDef" scope="singleton">
	  <property name="name"><value>po_success_list</value></property>
	  <property name="mapTo"><value>po_success_list</value></property>
	  <property name="type"><ref bean="java.sql.Types.ARRAY"></ref></property>
	  <property name="position"><value>9</value></property>
	  <property name="arrayName"><value>ARR_VARCHAR</value></property>
	  <property name="parameterType"><ref bean="net.bcgi.util.db.ParamDef.OUT"></ref></property>
	</bean>
	
	<bean id="pro_slpnpoints_redem_denom_map_10" class="net.bcgi.util.db.ParamDef" scope="singleton">
		<property name="name"><value>po_error_code</value></property>
		<property name="mapTo"><value>po_error_code</value></property>
		<property name="type"><ref bean="java.sql.Types.BIGINT"></ref></property>
		<property name="position"><value>10</value></property>
		<property name="parameterType"><ref bean="net.bcgi.util.db.ParamDef.OUT"></ref></property>
	</bean>
	
	<bean id="pro_slpnpoints_redem_denom_map_11" class="net.bcgi.util.db.ParamDef" scope="singleton">
	  <property name="name"><value>po_error_desc</value></property>
	  <property name="mapTo"><value>po_error_mesg</value></property>
	  <property name="type"><ref bean="java.sql.Types.VARCHAR"></ref></property>
	  <property name="position"><value>11</value></property>
	  <property name="parameterType"><ref bean="net.bcgi.util.db.ParamDef.OUT"></ref></property>
	</bean> 	
	
	
</beans>