<!DOCTYPE beans PUBLIC "-//SPRING//DTD BEAN//EN" "http://www.springframework.org/dtd/spring-beans.dtd">
<beans>
	<bean id="pro_get_slpn_redemption" class="net.bcgi.util.db.SPDefinition" scope="prototype">
	<property name="name"><value>pkg_subs_external_card_mgmt.pro_get_slpn_redemption</value></property>
	<property name="returnsResult"><value>false</value></property>
	<property name="parameters">
		<list> <!--  parameter list -->
			<ref bean="pro_get_slpn_redemption_1"></ref>
			<ref bean="pro_get_slpn_redemption_2"></ref>	
			<ref bean="pro_get_slpn_redemption_3"></ref>
			<ref bean="pro_get_slpn_redemption_4"></ref>
	 		<ref bean="pro_get_slpn_redemption_5"></ref>	 	
	 		<ref bean="pro_get_slpn_redemption_6"></ref>	
			<ref bean="pro_get_slpn_redemption_7"></ref>
			<ref bean="pro_get_slpn_redemption_8"></ref>
	 		<ref bean="pro_get_slpn_redemption_9"></ref>	 
	 		<ref bean="pro_get_slpn_redemption_10"></ref>	 	
		</list>
	</property>
	</bean>
	
	<bean id="pro_get_slpn_redemption_1" class="net.bcgi.util.db.ParamDef" scope="singleton">
	  <property name="name"><value>pi_network_id</value></property>
	  <property name="mapTo"><value>pi_network_id</value></property>
	  <property name="type"><ref bean="java.sql.Types.BIGINT"></ref></property>
	  <property name="position"><value>1</value></property>
	  <property name="parameterType"><ref bean="net.bcgi.util.db.ParamDef.IN"></ref></property>
	</bean>
	<bean id="pro_get_slpn_redemption_2" class="net.bcgi.util.db.ParamDef" scope="singleton">
	  <property name="name"><value>pi_msisdn_no</value></property>
	  <property name="mapTo"><value>pi_msisdn_no</value></property>
	  <property name="type"><ref bean="java.sql.Types.BIGINT"></ref></property>
	  <property name="position"><value>2</value></property>
	  <property name="parameterType"><ref bean="net.bcgi.util.db.ParamDef.IN"></ref></property>
	</bean>
	
	<bean id="pro_get_slpn_redemption_3" class="net.bcgi.util.db.ParamDef" scope="singleton">
		<property name="name"><value>pi_recharge_denom</value></property>
		<property name="mapTo"><value>pi_recharge_denom</value></property>
		<property name="type"><ref bean="java.sql.Types.DECIMAL"></ref></property>
		<property name="position"><value>3</value></property>
		<property name="parameterType"><ref bean="net.bcgi.util.db.ParamDef.IN"></ref></property>
	</bean>
	
	<bean id="pro_get_slpn_redemption_4" class="net.bcgi.util.db.ParamDef" scope="singleton">
		<property name="name"><value>pi_reversal_ref_no</value></property>
		<property name="mapTo"><value>pi_reversal_ref_no</value></property>
		<property name="type"><ref bean="java.sql.Types.VARCHAR"></ref></property>
		<property name="position"><value>4</value></property>
		<property name="parameterType"><ref bean="net.bcgi.util.db.ParamDef.IN"></ref></property>
	</bean>
	
	<bean id="pro_get_slpn_redemption_5" class="net.bcgi.util.db.ParamDef" scope="singleton">
		<property name="name"><value>pi_applicable_channel</value></property>
		<property name="mapTo"><value>pi_applicable_channel</value></property>
		<property name="type"><ref bean="java.sql.Types.VARCHAR"></ref></property>
		<property name="position"><value>5</value></property>
		<property name="parameterType"><ref bean="net.bcgi.util.db.ParamDef.IN"></ref></property>
	</bean>
	
	<bean id="pro_get_slpn_redemption_6" class="net.bcgi.util.db.ParamDef" scope="singleton">
	  <property name="name"><value>po_slpn_points</value></property>
	  <property name="mapTo"><value>po_slpn_points</value></property>
	  <property name="type"><ref bean="java.sql.Types.BIGINT"></ref></property>
	  <property name="position"><value>6</value></property>
	  <property name="parameterType"><ref bean="net.bcgi.util.db.ParamDef.OUT"></ref></property>
	</bean>
	<bean id="pro_get_slpn_redemption_7" class="net.bcgi.util.db.ParamDef" scope="singleton">
	  <property name="name"><value>po_transaction_id</value></property>
	  <property name="mapTo"><value>po_transaction_id</value></property>
	  <property name="type"><ref bean="java.sql.Types.VARCHAR"></ref></property>
	  <property name="position"><value>7</value></property>
	  <property name="parameterType"><ref bean="net.bcgi.util.db.ParamDef.OUT"></ref></property>
	</bean>
	
	<bean id="pro_get_slpn_redemption_8" class="net.bcgi.util.db.ParamDef" scope="singleton">
		<property name="name"><value>po_client_id</value></property>
		<property name="mapTo"><value>po_client_id</value></property>
		<property name="type"><ref bean="java.sql.Types.VARCHAR"></ref></property>
		<property name="position"><value>8</value></property>
		<property name="parameterType"><ref bean="net.bcgi.util.db.ParamDef.OUT"></ref></property>
	</bean>
	
	<bean id="pro_get_slpn_redemption_9" class="net.bcgi.util.db.ParamDef" scope="singleton">
		<property name="name"><value>po_error_code</value></property>
		<property name="mapTo"><value>po_error_code</value></property>
		<property name="type"><ref bean="java.sql.Types.BIGINT"></ref></property>
		<property name="position"><value>9</value></property>
		<property name="parameterType"><ref bean="net.bcgi.util.db.ParamDef.OUT"></ref></property>
	</bean>
	
	<bean id="pro_get_slpn_redemption_10" class="net.bcgi.util.db.ParamDef" scope="singleton">
	  <property name="name"><value>po_error_desc</value></property>
	  <property name="mapTo"><value>po_error_mesg</value></property>
	  <property name="type"><ref bean="java.sql.Types.VARCHAR"></ref></property>
	  <property name="position"><value>10</value></property>
	  <property name="parameterType"><ref bean="net.bcgi.util.db.ParamDef.OUT"></ref></property>
	</bean> 	
</beans>