<?xml version="1.0" encoding="UTF-8" ?>
<!-- ====================================================================== -->
<!--                                                                        -->
<!-- XIUS-bcgi SMSC Agent            -->
<!--                                                                       -->
<!-- $Id: //depot/xb/MSP1.0/MSP-AWS/agents/iba/main/config/configxmls/proc-config/login/activity_insert.xml#1 $     -->
<!-- This file  will maps the SP input parameters to java fields. -->
<!-- $Author: shashidhar.p $  $DateTime: 2023/08/04 15:19:58 $ $Change: 224525 $      -->
<!-- ====================================================================== -->

<!DOCTYPE beans PUBLIC "-//SPRING//DTD BEAN//EN" "http://www.springframework.org/dtd/spring-beans.dtd">

<beans>
	<!-- start sp_bos_add_device -->
	<bean id="activity_insert"
		class="net.bcgi.util.db.SPDefinition" scope="singleton">
		<property name="name"><value>common.activity_insert</value></property>
		<property name="returnsResult"><value>false</value></property>
		<property name="parameters">
			<list>
				<ref bean="login_activity_insert_param_1"></ref>
				<ref bean="login_activity_insert_param_2"></ref>
				<ref bean="login_activity_insert_param_3"></ref>
				<ref bean="login_activity_insert_param_4"></ref>
				<ref bean="login_activity_insert_param_5"></ref>
				<ref bean="login_activity_insert_param_6"></ref>
			</list>
		</property>
	</bean>
	
	<bean id="login_activity_insert_param_1" class="net.bcgi.util.db.ParamDef" scope="singleton">
			<property name="name"><value>pi_network_id</value></property>
			<property name="mapTo"><value>pi_network_id</value></property>
			<property name="type"><ref bean="java.sql.Types.BIGINT"></ref></property>
			<property name="position"><value>1</value></property>
			<property name="parameterType"><ref bean="net.bcgi.util.db.ParamDef.IN"></ref></property>
	</bean>
	
	<bean id="login_activity_insert_param_2" class="net.bcgi.util.db.ParamDef" scope="singleton">
			<property name="name"><value>pi_loginid</value></property>
			<property name="mapTo"><value>pi_loginid</value></property>
			<property name="type"><ref bean="java.sql.Types.VARCHAR"></ref></property>
			<property name="position"><value>2</value></property>
			<property name="parameterType"><ref bean="net.bcgi.util.db.ParamDef.IN"></ref></property>
	</bean>
	
	<bean id="login_activity_insert_param_3" class="net.bcgi.util.db.ParamDef" scope="singleton">
			<property name="name"><value>pi_sessionid</value></property>
			<property name="mapTo"><value>pi_sessionid</value></property>
			<property name="type"><ref bean="java.sql.Types.BIGINT"></ref></property>
			<property name="position"><value>3</value></property>
			<property name="parameterType"><ref bean="net.bcgi.util.db.ParamDef.IN"></ref></property>
	</bean>
	
	<bean id="login_activity_insert_param_4" class="net.bcgi.util.db.ParamDef" scope="singleton">
			<property name="name"><value>pi_activityid</value></property>
			<property name="mapTo"><value>pi_activityid</value></property>
			<property name="type"><ref bean="java.sql.Types.INTEGER"></ref></property>
			<property name="position"><value>4</value></property>
			<property name="parameterType"><ref bean="net.bcgi.util.db.ParamDef.IN"></ref></property>
	</bean>
	
	<bean id="login_activity_insert_param_5" class="net.bcgi.util.db.ParamDef" scope="singleton">
			<property name="name"><value>pi_inputparams</value></property>
			<property name="mapTo"><value>pi_inputparams</value></property>
			<property name="type"><ref bean="java.sql.Types.VARCHAR"></ref></property>
			<property name="position"><value>5</value></property>
			<property name="parameterType"><ref bean="net.bcgi.util.db.ParamDef.IN"></ref></property>
	</bean>
	
	<bean id="login_activity_insert_param_6" class="net.bcgi.util.db.ParamDef" scope="singleton">
			<property name="name"><value>po_error_code</value></property>
			<property name="mapTo"><value>po_error_code</value></property>
			<property name="type"><ref bean="java.sql.Types.BIGINT"></ref></property>
			<property name="position"><value>6</value></property>
			<property name="parameterType"><ref bean="net.bcgi.util.db.ParamDef.OUT"></ref></property>
	</bean>
 </beans>
