<?xml version="1.0" encoding="UTF-8" ?>
<!-- ======================================================================
-->
<!--                                                                        -->
<!-- XIUS-bcgi SMSC Agent            -->
<!--                                                                       -->
<!-- $Id: //depot/xb/MSP1.0/MSP-AWS/agents/iba/main/config/configxmls/proc-config/login/get_password_rules.xml#1 $     -->
<!-- This file  will maps the SP input parameters to java fields. -->
<!-- $Author: shashidhar.p $  $DateTime: 2016/01/29 19:16:19       -->

<!DOCTYPE beans PUBLIC "-//SPRING//DTD BEAN//EN" "http://www.springframework.org/dtd/spring-beans.dtd">

<beans>
	
	<bean id="pro_get_password_rules" class="net.bcgi.util.db.SPDefinition" scope="singleton">
		<property name="name"><value>cs_pkg_get_ui_configurations.pro_get_password_rules</value></property>
		<property name="returnsResult"><value>false</value></property>
		<property name="parameters">
			<list>
				<ref bean="pro_get_password_rules_1"></ref>
				<ref bean="pro_get_password_rules_2"></ref>
				<ref bean="pro_get_password_rules_3"></ref>
			    <ref bean="pro_get_password_rules_4"></ref>
				<ref bean="pro_get_password_rules_5"></ref>
			</list>
		</property>
		<property name="refCursors">
		<map>
			<entry key="3">
				<ref bean="pro_get_password_rules_cursor"/>
			</entry>
		</map>
	</property>
	</bean>
	<bean id="pro_get_password_rules_cursor"
		class="net.bcgi.util.db.ResultSetDef" scope="prototype">
		<property name="resultSetParams">
			<list>
				<ref bean="pro_get_password_rules_cursor_param_1"></ref>
				<ref bean="pro_get_password_rules_cursor_param_2"></ref>
				<ref bean="pro_get_password_rules_cursor_param_3"></ref>
				<ref bean="pro_get_password_rules_cursor_param_4"></ref>
				<ref bean="pro_get_password_rules_cursor_param_5"></ref>
				<ref bean="pro_get_password_rules_cursor_param_6"></ref>
				<ref bean="pro_get_password_rules_cursor_param_7"></ref>
				<ref bean="pro_get_password_rules_cursor_param_8"></ref>
				<ref bean="pro_get_password_rules_cursor_param_9"></ref>
				<ref bean="pro_get_password_rules_cursor_param_10"></ref>
			</list>
		</property>
		<property name="className" value="com.xius.billing.agent.domaindata.impl.login.PasswordRulesData"/>
	</bean>

	<bean id="pro_get_password_rules_cursor_param_1" class="net.bcgi.util.db.ResultSetParam" scope="singleton">
	  <property name="procedureColumnName"><value>network_id</value></property>
	  <property name="mapTo"><value>pi_network_id</value></property>
	  <property name="columnType"><ref bean="java.sql.Types.BIGINT"></ref></property>
	  <property name="position"><value>1</value></property>
	</bean> 
	<bean id="pro_get_password_rules_cursor_param_2" class="net.bcgi.util.db.ResultSetParam" scope="singleton">
	  <property name="procedureColumnName"><value>network_desc</value></property>
	  <property name="mapTo"><value>networkDesc</value></property>
	  <property name="columnType"><ref bean="java.sql.Types.VARCHAR"></ref></property>
	  <property name="position"><value>2</value></property>
	</bean>
	<bean id="pro_get_password_rules_cursor_param_3" class="net.bcgi.util.db.ResultSetParam" scope="singleton">
	  <property name="procedureColumnName"><value>min_length</value></property>
	  <property name="mapTo"><value>minLength</value></property>
	  <property name="columnType"><ref bean="java.sql.Types.BIGINT"></ref></property>
	  <property name="position"><value>3</value></property>
	</bean>
	<bean id="pro_get_password_rules_cursor_param_4" class="net.bcgi.util.db.ResultSetParam" scope="singleton">
	  <property name="procedureColumnName"><value>max_length</value></property>
	  <property name="mapTo"><value>maxLength</value></property>
	  <property name="columnType"><ref bean="java.sql.Types.BIGINT"></ref></property>
	  <property name="position"><value>4</value></property>
	</bean> 
	<bean id="pro_get_password_rules_cursor_param_5" class="net.bcgi.util.db.ResultSetParam" scope="singleton">
	  <property name="procedureColumnName"><value>reuse_restrict_days</value></property>
	  <property name="mapTo"><value>reuseRestrictDays</value></property>
	  <property name="columnType"><ref bean="java.sql.Types.BIGINT"></ref></property>
	  <property name="position"><value>5</value></property>
	</bean>
	<bean id="pro_get_password_rules_cursor_param_6" class="net.bcgi.util.db.ResultSetParam" scope="singleton">
	  <property name="procedureColumnName"><value>min_upper_chars</value></property>
	  <property name="mapTo"><value>minUpperChars</value></property>
	  <property name="columnType"><ref bean="java.sql.Types.BIGINT"></ref></property>
	  <property name="position"><value>6</value></property>
	</bean>
	<bean id="pro_get_password_rules_cursor_param_7" class="net.bcgi.util.db.ResultSetParam" scope="singleton">
	  <property name="procedureColumnName"><value>min_lower_chars</value></property>
	  <property name="mapTo"><value>minLowerChars</value></property>
	  <property name="columnType"><ref bean="java.sql.Types.BIGINT"></ref></property>
	  <property name="position"><value>7</value></property>
	</bean>
	<bean id="pro_get_password_rules_cursor_param_8" class="net.bcgi.util.db.ResultSetParam" scope="singleton">
	  <property name="procedureColumnName"><value>min_special_chars</value></property>
	  <property name="mapTo"><value>minSpecialChars</value></property>
	  <property name="columnType"><ref bean="java.sql.Types.BIGINT"></ref></property>
	  <property name="position"><value>8</value></property>
	</bean>
	<bean id="pro_get_password_rules_cursor_param_9" class="net.bcgi.util.db.ResultSetParam" scope="singleton">
	  <property name="procedureColumnName"><value>min_digits</value></property>
	  <property name="mapTo"><value>minDigits</value></property>
	  <property name="columnType"><ref bean="java.sql.Types.BIGINT"></ref></property>
	  <property name="position"><value>9</value></property>
	</bean> 
	<bean id="pro_get_password_rules_cursor_param_10" class="net.bcgi.util.db.ResultSetParam" scope="singleton">
	  <property name="procedureColumnName"><value>username_can_match_password</value></property>
	  <property name="mapTo"><value>usernameCanMatchPwd</value></property>
	  <property name="columnType"><ref bean="java.sql.Types.VARCHAR"></ref></property>
	  <property name="position"><value>10</value></property>
	</bean>
	
	
	<bean id="pro_get_password_rules_1" class="net.bcgi.util.db.ParamDef" scope="singleton">
			<property name="name"><value>po_network_id</value></property>
			<property name="mapTo"><value>pi_network_id</value></property>
			<property name="type"><ref bean="java.sql.Types.BIGINT"></ref></property>
			<property name="position"><value>1</value></property>
			<property name="parameterType"><ref bean="net.bcgi.util.db.ParamDef.IN"></ref></property>
	</bean>
	
	<bean id="pro_get_password_rules_2" class="net.bcgi.util.db.ParamDef" scope="singleton">
			<property name="name"><value>pi_network_name</value></property>
			<property name="mapTo"><value>networkName</value></property>
			<property name="type"><ref bean="java.sql.Types.VARCHAR"></ref></property>
			<property name="position"><value>2</value></property>
			<property name="parameterType"><ref bean="net.bcgi.util.db.ParamDef.IN"></ref></property>
	</bean>
	<bean id="pro_get_password_rules_3" class="net.bcgi.util.db.ParamDef" scope="singleton">
			<property name="name"><value>po_bill_cycle_day</value></property>
			<property name="mapTo"><value>pwdRulesCursor</value></property>
			<property name="type"><ref bean="oracle.jdbc.driver.OracleTypes.CURSOR"></ref></property>
			<property name="position"><value>3</value></property>
			<property name="parameterType"><ref bean="net.bcgi.util.db.ParamDef.OUT"></ref></property>
	</bean>
	<bean id="pro_get_password_rules_4" class="net.bcgi.util.db.ParamDef" scope="singleton">
			<property name="name"><value>po_error_code</value></property>
			<property name="mapTo"><value>po_error_code</value></property>
			<property name="type"><ref bean="java.sql.Types.BIGINT"></ref></property>
			<property name="position"><value>4</value></property>
			<property name="parameterType"><ref bean="net.bcgi.util.db.ParamDef.OUT"></ref></property>
	</bean>
	<bean id="pro_get_password_rules_5"	class="net.bcgi.util.db.ParamDef" scope="singleton">
			<property name="name"><value>po_error_msg</value></property>
			<property name="mapTo"><value>po_error_mesg</value></property>
			<property name="type"><ref bean="java.sql.Types.VARCHAR"></ref></property>
			<property name="position"><value>5</value></property>
			<property name="parameterType"><ref bean="net.bcgi.util.db.ParamDef.OUT"></ref></property>
	</bean>
	
 </beans>