<?xml version="1.0" encoding="UTF-8" ?>
<!-- $Id: //depot/xb/MSP1.0/MSP-AWS/agents/iba/main/config/configxmls/proc-config/login/get_bill_cycle_day.xml#1 $     -->
<!-- This file  will maps the SP input parameters to java fields. -->
<!-- $Author: shashidhar.p $  $DateTime: 2016/01/29 19:16:19       -->
<!-- ======================================================================-->

<!DOCTYPE beans PUBLIC "-//SPRING//DTD BEAN//EN" "http://www.springframework.org/dtd/spring-beans.dtd">

<beans>
	
	<bean id="pro_get_bill_cycle_day" class="net.bcgi.util.db.SPDefinition" scope="singleton">
		<property name="name"><value>cs_pkg_get_ui_configurations.pro_get_bill_cycle_day</value></property>
		<property name="returnsResult"><value>false</value></property>
		<property name="parameters">
			<list>
				<ref bean="pro_get_bill_cycle_day_1"></ref>
				<ref bean="pro_get_bill_cycle_day_2"></ref>
				<ref bean="pro_get_bill_cycle_day_3"></ref>
			    <ref bean="pro_get_bill_cycle_day_4"></ref>
				<ref bean="pro_get_bill_cycle_day_5"></ref>
			</list>
		</property>
		<property name="refCursors">
		<map>
			<entry key="3">
				<ref bean="po_get_bill_cycle_day_cursor"/>
			</entry>
		</map>
	</property>
	</bean>
	<bean id="po_get_bill_cycle_day_cursor"
		class="net.bcgi.util.db.ResultSetDef" scope="prototype">
		<property name="resultSetParams">
			<list>
				<ref bean="po_get_bill_cycle_day_cursor_param_1"></ref>
				<ref bean="po_get_bill_cycle_day_cursor_param_2"></ref>
				<ref bean="po_get_bill_cycle_day_cursor_param_3"></ref>
			</list>
		</property>
		<property name="className" value="com.xius.billing.agent.domaindata.impl.login.BillCycleData"/>
	</bean>
	<bean id="po_get_bill_cycle_day_cursor_param_1" class="net.bcgi.util.db.ResultSetParam" scope="singleton">
	  <property name="procedureColumnName"><value>network_id</value></property>
	  <property name="mapTo"><value>pi_network_id</value></property>
	  <property name="columnType"><ref bean="java.sql.Types.BIGINT"></ref></property>
	  <property name="position"><value>1</value></property>
	</bean> 
	<bean id="po_get_bill_cycle_day_cursor_param_2" class="net.bcgi.util.db.ResultSetParam" scope="singleton">
	  <property name="procedureColumnName"><value>bill_cycle_day</value></property>
	  <property name="mapTo"><value>billCycleDay</value></property>
	  <property name="columnType"><ref bean="java.sql.Types.BIGINT"></ref></property>
	  <property name="position"><value>2</value></property>
	</bean>
	<bean id="po_get_bill_cycle_day_cursor_param_3" class="net.bcgi.util.db.ResultSetParam" scope="singleton">
	  <property name="procedureColumnName"><value>network_desc</value></property>
	  <property name="mapTo"><value>networkDesc</value></property>
	  <property name="columnType"><ref bean="java.sql.Types.VARCHAR"></ref></property>
	  <property name="position"><value>3</value></property>
	</bean>
	<bean id="pro_get_bill_cycle_day_1" class="net.bcgi.util.db.ParamDef" scope="singleton">
			<property name="name"><value>po_network_id</value></property>
			<property name="mapTo"><value>pi_network_id</value></property>
			<property name="type"><ref bean="java.sql.Types.BIGINT"></ref></property>
			<property name="position"><value>1</value></property>
			<property name="parameterType"><ref bean="net.bcgi.util.db.ParamDef.IN"></ref></property>
	</bean>
	
	<bean id="pro_get_bill_cycle_day_2" class="net.bcgi.util.db.ParamDef" scope="singleton">
			<property name="name"><value>pi_network_name</value></property>
			<property name="mapTo"><value>networkName</value></property>
			<property name="type"><ref bean="java.sql.Types.VARCHAR"></ref></property>
			<property name="position"><value>2</value></property>
			<property name="parameterType"><ref bean="net.bcgi.util.db.ParamDef.IN"></ref></property>
	</bean>
	<bean id="pro_get_bill_cycle_day_3" class="net.bcgi.util.db.ParamDef" scope="singleton">
			<property name="name"><value>po_bill_cycle_day</value></property>
			<property name="mapTo"><value>billCycleData</value></property>
			<property name="type"><ref bean="oracle.jdbc.driver.OracleTypes.CURSOR"></ref></property>
			<property name="position"><value>3</value></property>
			<property name="parameterType"><ref bean="net.bcgi.util.db.ParamDef.OUT"></ref></property>
	</bean>
	<bean id="pro_get_bill_cycle_day_4" class="net.bcgi.util.db.ParamDef" scope="singleton">
			<property name="name"><value>po_error_code</value></property>
			<property name="mapTo"><value>po_error_code</value></property>
			<property name="type"><ref bean="java.sql.Types.BIGINT"></ref></property>
			<property name="position"><value>4</value></property>
			<property name="parameterType"><ref bean="net.bcgi.util.db.ParamDef.OUT"></ref></property>
	</bean>
	<bean id="pro_get_bill_cycle_day_5"	class="net.bcgi.util.db.ParamDef" scope="singleton">
			<property name="name"><value>po_error_msg</value></property>
			<property name="mapTo"><value>po_error_mesg</value></property>
			<property name="type"><ref bean="java.sql.Types.VARCHAR"></ref></property>
			<property name="position"><value>5</value></property>
			<property name="parameterType"><ref bean="net.bcgi.util.db.ParamDef.OUT"></ref></property>
	</bean>
	
 </beans>