<?xml version="1.0" encoding="UTF-8" ?>
<!-- ====================================================================== -->
<!--                                                                        -->
<!-- XIUS-bcgi Login Agent            -->
<!--                                                                       -->
<!-- $Id: //depot/xb/MSP1.0/MSP-AWS/agents/iba/main/config/configxmls/proc-config/login/getnetworkdetails.xml#1 $     -->
<!-- This file  will maps the SP input parameters to java fields. -->
<!-- $Author: shashidhar.p $  $DateTime: 2023/08/04 15:19:58 $ $Change: 224525 $      -->
<!-- ====================================================================== -->

<!DOCTYPE beans PUBLIC "-//SPRING//DTD BEAN//EN" "http://www.springframework.org/dtd/spring-beans.dtd">
<beans>
	<!--  import standard constants used in all bean files -->
	<!-- start sp_bos_add_device -->
	<bean id="read_network_details"
		class="net.bcgi.util.db.SPDefinition" scope="singleton">
		<property name="name"><value>CS_UMS_ADMIN.network_details_read</value></property>
		<property name="returnsResult"><value>false</value></property>
		<property name="parameters">
			<list>
				<ref bean="read_network_details_param_1"></ref>
				<ref bean="read_network_details_param_2"></ref>
				<ref bean="read_network_details_param_3"></ref>
				<ref bean="read_network_details_param_4"></ref>
				<ref bean="read_network_details_param_5"></ref>
			</list>

		</property>
		<property name="refCursors">
			<map>
				<entry key="2">
					<ref bean="po_ref_read_network_details"/>
				</entry>
				<entry key="3">
					<ref bean="po_ref_read_domain_details"/>
				</entry>
			</map>
		</property>
	</bean>

	<bean id="po_ref_read_network_details"
		class="net.bcgi.util.db.ResultSetDef" scope="prototype">
		<property name="resultSetParams">
			<list>
				<ref bean="po_network_read_ref_cursor_param_1"></ref>
				<ref bean="po_network_read_ref_cursor_param_2"></ref>
				<ref bean="po_network_read_ref_cursor_param_3"></ref>
				<ref bean="po_network_read_ref_cursor_param_4"></ref>
				<ref bean="po_network_read_ref_cursor_param_5"></ref>
				<ref bean="po_network_read_ref_cursor_param_6"></ref>
				<ref bean="po_network_read_ref_cursor_param_7"></ref>
				<ref bean="po_network_read_ref_cursor_param_8"></ref>
				<ref bean="po_network_read_ref_cursor_param_9"></ref>
				<ref bean="po_network_read_ref_cursor_param_10"></ref>
				<ref bean="po_network_read_ref_cursor_param_11"></ref>
				<ref bean="po_network_read_ref_cursor_param_12"></ref>
				<ref bean="po_network_read_ref_cursor_param_13"></ref>
				<ref bean="po_network_read_ref_cursor_param_14"></ref>
				<ref bean="po_network_read_ref_cursor_param_15"></ref>
				<ref bean="po_network_read_ref_cursor_param_16"></ref>
				<ref bean="po_network_read_ref_cursor_param_17"></ref>
				<ref bean="po_network_read_ref_cursor_param_18"></ref>
				<ref bean="po_network_read_ref_cursor_param_19"></ref>
				<ref bean="po_network_read_ref_cursor_param_20"></ref>
				<ref bean="po_network_read_ref_cursor_param_21"></ref>
				<ref bean="po_network_read_ref_cursor_param_22"></ref>
				<ref bean="po_network_read_ref_cursor_param_23"></ref>
				<ref bean="po_network_read_ref_cursor_param_24"></ref>
				<ref bean="po_network_read_ref_cursor_param_25"></ref>
				<ref bean="po_network_read_ref_cursor_param_26"></ref>
				<ref bean="po_network_read_ref_cursor_param_27"></ref>
				<ref bean="po_network_read_ref_cursor_param_28"></ref>
				<ref bean="po_network_read_ref_cursor_param_29"></ref>
				<ref bean="po_network_read_ref_cursor_param_30"></ref>
				<ref bean="po_network_read_ref_cursor_param_31"></ref>
				<ref bean="po_network_read_ref_cursor_param_32"></ref>
				<ref bean="po_network_read_ref_cursor_param_33"></ref>
				<ref bean="po_network_read_ref_cursor_param_34"></ref>
				<ref bean="po_network_read_ref_cursor_param_35"></ref>
				<ref bean="po_network_read_ref_cursor_param_36"></ref>
				<ref bean="po_network_read_ref_cursor_param_37"></ref>
				<ref bean="po_network_read_ref_cursor_param_38"></ref>
				<ref bean="po_network_read_ref_cursor_param_39"></ref>
				<ref bean="po_network_read_ref_cursor_param_40"></ref>
				<ref bean="po_network_read_ref_cursor_param_41"></ref>
				<ref bean="po_network_read_ref_cursor_param_42"></ref>
				
			</list>
		</property>
		<property name="className" value="com.xius.billing.agent.domaindata.impl.login.NetworkCursorData"/>
	</bean>
	<bean id="po_ref_read_domain_details"
		class="net.bcgi.util.db.ResultSetDef" scope="prototype">
		<property name="resultSetParams">
			<list>
				<ref bean="po_network_domain_ref_cursor_param_1"></ref>
			</list>
		</property>
		<property name="className" value="com.xius.billing.agent.domaindata.impl.login.DoaminCursorData"/>
	</bean>
    
	<bean id="po_network_read_ref_cursor_param_1" class="net.bcgi.util.db.ResultSetParam" scope="singleton">
	  <property name="procedureColumnName"><value>network_id</value></property>
	  <property name="mapTo"><value>network_id</value></property>
	  <property name="columnType"><ref bean="java.sql.Types.BIGINT"></ref></property>
	  <property name="position"><value>1</value></property>
	</bean>
	<bean id="po_network_read_ref_cursor_param_2" class="net.bcgi.util.db.ResultSetParam" scope="singleton">
	  <property name="procedureColumnName"><value>network_name</value></property>
	  <property name="mapTo"><value>network_name</value></property>
	  <property name="columnType"><ref bean="java.sql.Types.VARCHAR"></ref></property>
	  <property name="position"><value>2</value></property>
	</bean>
	<bean id="po_network_read_ref_cursor_param_3" class="net.bcgi.util.db.ResultSetParam" scope="singleton">
	  <property name="procedureColumnName"><value>network_desc</value></property>
	  <property name="mapTo"><value>network_desc</value></property>
	  <property name="columnType"><ref bean="java.sql.Types.VARCHAR"></ref></property>
	  <property name="position"><value>3</value></property>
	</bean>
	<bean id="po_network_read_ref_cursor_param_4" class="net.bcgi.util.db.ResultSetParam" scope="singleton">
	  <property name="procedureColumnName"><value>address</value></property>
	  <property name="mapTo"><value>address</value></property>
	  <property name="columnType"><ref bean="java.sql.Types.VARCHAR"></ref></property>
	  <property name="position"><value>4</value></property>
	</bean>
	<bean id="po_network_read_ref_cursor_param_5" class="net.bcgi.util.db.ResultSetParam" scope="singleton">
	  <property name="procedureColumnName"><value>city_name</value></property>
	  <property name="mapTo"><value>city_name</value></property>
	  <property name="columnType"><ref bean="java.sql.Types.VARCHAR"></ref></property>
	  <property name="position"><value>5</value></property>
	</bean>
	<bean id="po_network_read_ref_cursor_param_6" class="net.bcgi.util.db.ResultSetParam" scope="singleton">
	  <property name="procedureColumnName"><value>state_code</value></property>
	  <property name="mapTo"><value>state_code</value></property>
	  <property name="columnType"><ref bean="java.sql.Types.VARCHAR"></ref></property>
	  <property name="position"><value>6</value></property>
	</bean>
	<bean id="po_network_read_ref_cursor_param_7" class="net.bcgi.util.db.ResultSetParam" scope="singleton">
	  <property name="procedureColumnName"><value>state_desc</value></property>
	  <property name="mapTo"><value>state_desc</value></property>
	  <property name="columnType"><ref bean="java.sql.Types.VARCHAR"></ref></property>
	  <property name="position"><value>7</value></property>
	</bean>
	<bean id="po_network_read_ref_cursor_param_8" class="net.bcgi.util.db.ResultSetParam" scope="singleton">
	  <property name="procedureColumnName"><value>country_code</value></property>
	  <property name="mapTo"><value>country_code</value></property>
	  <property name="columnType"><ref bean="java.sql.Types.VARCHAR"></ref></property>
	  <property name="position"><value>8</value></property>
	</bean>
	<bean id="po_network_read_ref_cursor_param_9" class="net.bcgi.util.db.ResultSetParam" scope="singleton">
	  <property name="procedureColumnName"><value>country_desc</value></property>
	  <property name="mapTo"><value>country_desc</value></property>
	  <property name="columnType"><ref bean="java.sql.Types.VARCHAR"></ref></property>
	  <property name="position"><value>9</value></property>
	</bean>
	<bean id="po_network_read_ref_cursor_param_10" class="net.bcgi.util.db.ResultSetParam" scope="singleton">
	  <property name="procedureColumnName"><value>network_display</value></property>
	  <property name="mapTo"><value>network_display</value></property>
	  <property name="columnType"><ref bean="java.sql.Types.VARCHAR"></ref></property>
	  <property name="position"><value>10</value></property>
	</bean>
	<bean id="po_network_read_ref_cursor_param_11" class="net.bcgi.util.db.ResultSetParam" scope="singleton">
	  <property name="procedureColumnName"><value>creation_date</value></property>
	  <property name="mapTo"><value>creation_date</value></property>
	  <property name="columnType"><ref bean="java.sql.Types.DATE"></ref></property>
	  <property name="position"><value>11</value></property>
	</bean>
	<bean id="po_network_read_ref_cursor_param_12" class="net.bcgi.util.db.ResultSetParam" scope="singleton">
	  <property name="procedureColumnName"><value>status_code</value></property>
	  <property name="mapTo"><value>status_code</value></property>
	  <property name="columnType"><ref bean="java.sql.Types.VARCHAR"></ref></property>
	  <property name="position"><value>12</value></property>
	</bean>
	<bean id="po_network_read_ref_cursor_param_13" class="net.bcgi.util.db.ResultSetParam" scope="singleton">
	  <property name="procedureColumnName"><value>status_date</value></property>
	  <property name="mapTo"><value>status_date</value></property>
	  <property name="columnType"><ref bean="java.sql.Types.DATE"></ref></property>
	  <property name="position"><value>13</value></property>
	</bean>
	<bean id="po_network_read_ref_cursor_param_14" class="net.bcgi.util.db.ResultSetParam" scope="singleton">
	  <property name="procedureColumnName"><value>FAILED_LOGIN_ATTEMPTS</value></property>
	  <property name="mapTo"><value>FAILED_LOGIN_ATTEMPTS</value></property>
	  <property name="columnType"><ref bean="java.sql.Types.INTEGER"></ref></property>
	  <property name="position"><value>14</value></property>
	</bean>
	<bean id="po_network_read_ref_cursor_param_15" class="net.bcgi.util.db.ResultSetParam" scope="singleton">
	  <property name="procedureColumnName"><value>network_voucher_prefix</value></property>
	  <property name="mapTo"><value>network_voucher_prefix</value></property>
	  <property name="columnType"><ref bean="java.sql.Types.VARCHAR"></ref></property>
	  <property name="position"><value>15</value></property>
	</bean>
	<bean id="po_network_read_ref_cursor_param_16" class="net.bcgi.util.db.ResultSetParam" scope="singleton">
	  <property name="procedureColumnName"><value>sms_threshold</value></property>
	  <property name="mapTo"><value>sms_threshold</value></property>
	  <property name="columnType"><ref bean="java.sql.Types.INTEGER"></ref></property>
	  <property name="position"><value>16</value></property>
	</bean>
	<bean id="po_network_read_ref_cursor_param_17" class="net.bcgi.util.db.ResultSetParam" scope="singleton">
	  <property name="procedureColumnName"><value>supplementarycharge1_title</value></property>
	  <property name="mapTo"><value>supplementarycharge1_title</value></property>
	  <property name="columnType"><ref bean="java.sql.Types.VARCHAR"></ref></property>
	  <property name="position"><value>17</value></property>
	</bean>
	<bean id="po_network_read_ref_cursor_param_18" class="net.bcgi.util.db.ResultSetParam" scope="singleton">
	  <property name="procedureColumnName"><value>supplementarycharge2_title</value></property>
	  <property name="mapTo"><value>supplementarycharge2_title</value></property>
	  <property name="columnType"><ref bean="java.sql.Types.VARCHAR"></ref></property>
	  <property name="position"><value>18</value></property>
	</bean>
	<bean id="po_network_read_ref_cursor_param_19" class="net.bcgi.util.db.ResultSetParam" scope="singleton">
	  <property name="procedureColumnName"><value>supplementarycharge3_title</value></property>
	  <property name="mapTo"><value>supplementarycharge3_title</value></property>
	  <property name="columnType"><ref bean="java.sql.Types.VARCHAR"></ref></property>
	  <property name="position"><value>19</value></property>
	</bean>
	<bean id="po_network_read_ref_cursor_param_20" class="net.bcgi.util.db.ResultSetParam" scope="singleton">
	  <property name="procedureColumnName"><value>supplementarycharge4_title</value></property>
	  <property name="mapTo"><value>supplementarycharge4_title</value></property>
	  <property name="columnType"><ref bean="java.sql.Types.VARCHAR"></ref></property>
	  <property name="position"><value>20</value></property>
	</bean>
	<bean id="po_network_read_ref_cursor_param_21" class="net.bcgi.util.db.ResultSetParam" scope="singleton">
	  <property name="procedureColumnName"><value>max_pin_trials</value></property>
	  <property name="mapTo"><value>max_pin_trials</value></property>
	  <property name="columnType"><ref bean="java.sql.Types.INTEGER"></ref></property>
	  <property name="position"><value>21</value></property>
	</bean>
	<bean id="po_network_read_ref_cursor_param_22" class="net.bcgi.util.db.ResultSetParam" scope="singleton">
	  <property name="procedureColumnName"><value>default_pin</value></property>
	  <property name="mapTo"><value>default_pin</value></property>
	  <property name="columnType"><ref bean="java.sql.Types.INTEGER"></ref></property>
	  <property name="position"><value>22</value></property>
	</bean>
	<bean id="po_network_read_ref_cursor_param_23" class="net.bcgi.util.db.ResultSetParam" scope="singleton">
	  <property name="procedureColumnName"><value>network_code</value></property>
	  <property name="mapTo"><value>network_code</value></property>
	  <property name="columnType"><ref bean="java.sql.Types.INTEGER"></ref></property>
	  <property name="position"><value>23</value></property>
	</bean>
	<bean id="po_network_read_ref_cursor_param_24" class="net.bcgi.util.db.ResultSetParam" scope="singleton">
	  <property name="procedureColumnName"><value>node_id</value></property>
	  <property name="mapTo"><value>node_id</value></property>
	  <property name="columnType"><ref bean="java.sql.Types.INTEGER"></ref></property>
	  <property name="position"><value>24</value></property>
	</bean>
	<bean id="po_network_read_ref_cursor_param_25" class="net.bcgi.util.db.ResultSetParam" scope="singleton">
	  <property name="procedureColumnName"><value>g2_bal_retain_yn</value></property>
	  <property name="mapTo"><value>g2_bal_retain_yn</value></property>
	  <property name="columnType"><ref bean="java.sql.Types.VARCHAR"></ref></property>
	  <property name="position"><value>25</value></property>
	</bean>
	<bean id="po_network_read_ref_cursor_param_26" class="net.bcgi.util.db.ResultSetParam" scope="singleton">
	  <property name="procedureColumnName"><value>personal_emerg_calls_flag</value></property>
	  <property name="mapTo"><value>personal_emerg_calls_flag</value></property>
	  <property name="columnType"><ref bean="java.sql.Types.VARCHAR"></ref></property>
	  <property name="position"><value>26</value></property>
	</bean>
	<bean id="po_network_read_ref_cursor_param_27" class="net.bcgi.util.db.ResultSetParam" scope="singleton">
	  <property name="procedureColumnName"><value>personal_emerg_calls_cnt</value></property>
	  <property name="mapTo"><value>personal_emerg_calls_cnt</value></property>
	  <property name="columnType"><ref bean="java.sql.Types.INTEGER"></ref></property>
	  <property name="position"><value>27</value></property>
	</bean>
	<bean id="po_network_read_ref_cursor_param_28" class="net.bcgi.util.db.ResultSetParam" scope="singleton">
	  <property name="procedureColumnName"><value>promo_flag</value></property>
	  <property name="mapTo"><value>promo_flag</value></property>
	  <property name="columnType"><ref bean="java.sql.Types.VARCHAR"></ref></property>
	  <property name="position"><value>28</value></property>
	</bean>
	<bean id="po_network_read_ref_cursor_param_29" class="net.bcgi.util.db.ResultSetParam" scope="singleton">
	  <property name="procedureColumnName"><value>vcc_msisdn_series</value></property>
	  <property name="mapTo"><value>vcc_msisdn_series</value></property>
	  <property name="columnType"><ref bean="java.sql.Types.INTEGER"></ref></property>
	  <property name="position"><value>29</value></property>
	</bean>
	<bean id="po_network_read_ref_cursor_param_30" class="net.bcgi.util.db.ResultSetParam" scope="singleton">
	  <property name="procedureColumnName"><value>domain_name</value></property>
	  <property name="mapTo"><value>domain_name</value></property>
	  <property name="columnType"><ref bean="java.sql.Types.VARCHAR"></ref></property>
	  <property name="position"><value>30</value></property>
	</bean> 
	<bean id="po_network_read_ref_cursor_param_31" class="net.bcgi.util.db.ResultSetParam" scope="singleton">
	  <property name="procedureColumnName"><value>lrr_group_id</value></property>
	  <property name="mapTo"><value>lrr_group_id</value></property>
	  <property name="columnType"><ref bean="java.sql.Types.INTEGER"></ref></property>
	  <property name="position"><value>31</value></property>
	</bean>
	<bean id="po_network_read_ref_cursor_param_32" class="net.bcgi.util.db.ResultSetParam" scope="singleton">
	  <property name="procedureColumnName"><value>sip_as_group_id</value></property>
	  <property name="mapTo"><value>sip_as_group_id</value></property>
	  <property name="columnType"><ref bean="java.sql.Types.INTEGER"></ref></property>
	  <property name="position"><value>32</value></property>
	</bean>
	<bean id="po_network_read_ref_cursor_param_33" class="net.bcgi.util.db.ResultSetParam" scope="singleton">
	  <property name="procedureColumnName"><value>r_tone_alertinfo_url</value></property>
	  <property name="mapTo"><value>r_tone_alertinfo_url</value></property>
	  <property name="columnType"><ref bean="java.sql.Types.VARCHAR"></ref></property>
	  <property name="position"><value>33</value></property>
	</bean>
	<bean id="po_network_read_ref_cursor_param_34" class="net.bcgi.util.db.ResultSetParam" scope="singleton">
	  <property name="procedureColumnName"><value>rb_tone_alertinfo_url</value></property>
	  <property name="mapTo"><value>rb_tone_alertinfo_url</value></property>
	  <property name="columnType"><ref bean="java.sql.Types.VARCHAR"></ref></property>
	  <property name="position"><value>34</value></property>
	</bean>
	<bean id="po_network_read_ref_cursor_param_35" class="net.bcgi.util.db.ResultSetParam" scope="singleton">
	  <property name="procedureColumnName"><value>hlr_max_subs_count</value></property>
	  <property name="mapTo"><value>hlr_max_subs_count</value></property>
	  <property name="columnType"><ref bean="java.sql.Types.INTEGER"></ref></property>
	  <property name="position"><value>35</value></property>
	</bean>
	<bean id="po_network_read_ref_cursor_param_36" class="net.bcgi.util.db.ResultSetParam" scope="singleton">
	  <property name="procedureColumnName"><value>roam_across_home_country</value></property>
	  <property name="mapTo"><value>roam_across_home_country</value></property>
	  <property name="columnType"><ref bean="java.sql.Types.VARCHAR"></ref></property>
	  <property name="position"><value>36</value></property>
	</bean>
	<bean id="po_network_read_ref_cursor_param_37" class="net.bcgi.util.db.ResultSetParam" scope="singleton">
	  <property name="procedureColumnName"><value>vms_number</value></property>
	  <property name="mapTo"><value>vms_number</value></property>
	  <property name="columnType"><ref bean="java.sql.Types.INTEGER"></ref></property>
	  <property name="position"><value>37</value></property>
	</bean>
	<bean id="po_network_read_ref_cursor_param_38" class="net.bcgi.util.db.ResultSetParam" scope="singleton">
	  <property name="procedureColumnName"><value>low_bal_threshold1</value></property>
	  <property name="mapTo"><value>low_bal_threshold1</value></property>
	  <property name="columnType"><ref bean="java.sql.Types.INTEGER"></ref></property>
	  <property name="position"><value>38</value></property>
	</bean>
	<bean id="po_network_read_ref_cursor_param_39" class="net.bcgi.util.db.ResultSetParam" scope="singleton">
	  <property name="procedureColumnName"><value>low_bal_threshold2</value></property>
	  <property name="mapTo"><value>low_bal_threshold2</value></property>
	  <property name="columnType"><ref bean="java.sql.Types.INTEGER"></ref></property>
	  <property name="position"><value>39</value></property>
	</bean>
	<bean id="po_network_read_ref_cursor_param_40" class="net.bcgi.util.db.ResultSetParam" scope="singleton">
	  <property name="procedureColumnName"><value>status_transit_yn</value></property>
	  <property name="mapTo"><value>status_transit_yn</value></property>
	  <property name="columnType"><ref bean="java.sql.Types.VARCHAR"></ref></property>
	  <property name="position"><value>40</value></property>
	</bean>
	<bean id="po_network_read_ref_cursor_param_41" class="net.bcgi.util.db.ResultSetParam" scope="singleton">
	  <property name="procedureColumnName"><value>msisdn_length</value></property>
	  <property name="mapTo"><value>msisdn_length</value></property>
	  <property name="columnType"><ref bean="java.sql.Types.INTEGER"></ref></property>
	  <property name="position"><value>41</value></property>
	</bean>
	<bean id="po_network_read_ref_cursor_param_42" class="net.bcgi.util.db.ResultSetParam" scope="singleton">
	  <property name="procedureColumnName"><value>ndc_length</value></property>
	  <property name="mapTo"><value>ndc_length</value></property>
	  <property name="columnType"><ref bean="java.sql.Types.INTEGER"></ref></property>
	  <property name="position"><value>42</value></property>
	</bean>
	
	<!-- domain ref cursor  -->
	<bean id="po_network_domain_ref_cursor_param_1" class="net.bcgi.util.db.ResultSetParam" scope="singleton">
	  <property name="procedureColumnName"><value>ip_address</value></property>
	  <property name="mapTo"><value>ip_address</value></property>
	  <property name="columnType"><ref bean="java.sql.Types.VARCHAR"></ref></property>
	  <property name="position"><value>1</value></property>
	</bean>
	

	<bean id="read_network_details_param_1"
			class="net.bcgi.util.db.ParamDef" scope="singleton">
			<property name="name"><value>pi_network_id</value></property>
			<property name="mapTo"><value>pi_network_id</value></property>
			<property name="type"><ref bean="java.sql.Types.BIGINT"></ref></property>
			<property name="position"><value>1</value></property>
			<property name="parameterType"><ref bean="net.bcgi.util.db.ParamDef.IN"></ref></property>
	</bean>
	<bean id="read_network_details_param_2"
			class="net.bcgi.util.db.ParamDef" scope="singleton">
			<property name="name"><value>po_ref_network</value></property>
			<property name="mapTo"><value>po_ref_network</value></property>
			<property name="type"><ref bean="oracle.jdbc.driver.OracleTypes.CURSOR"></ref></property>
			<property name="position"><value>2</value></property>
			<property name="parameterType"><ref bean="net.bcgi.util.db.ParamDef.OUT"></ref></property>
	</bean>
	<bean id="read_network_details_param_3"
			class="net.bcgi.util.db.ParamDef" scope="singleton">
			<property name="name"><value>po_ref_domain</value></property>
			<property name="mapTo"><value>po_ref_domain</value></property>
			<property name="type"><ref bean="oracle.jdbc.driver.OracleTypes.CURSOR"></ref></property>
			<property name="position"><value>3</value></property>
			<property name="parameterType"><ref bean="net.bcgi.util.db.ParamDef.OUT"></ref></property>
	</bean>
	<bean id="read_network_details_param_4"
			class="net.bcgi.util.db.ParamDef" scope="singleton">
			<property name="name"><value>po_imsi_prefixes_arr</value></property>
			<property name="mapTo"><value>po_imsi_prefixes_arr</value></property>
			<property name="type"><ref bean="java.sql.Types.ARRAY"></ref></property>
			<property name="arrayName"><value>ARR_VARCHAR</value></property>
			<property name="position"><value>4</value></property>
			<property name="parameterType"><ref bean="net.bcgi.util.db.ParamDef.OUT"></ref></property>
	</bean>
	<bean id="read_network_details_param_5"
			class="net.bcgi.util.db.ParamDef" scope="singleton">
			<property name="name"><value>po_error_code</value></property>
			<property name="mapTo"><value>po_error_code</value></property>
			<property name="type"><ref bean="java.sql.Types.BIGINT"></ref></property>
			<property name="position"><value>5</value></property>
			<property name="parameterType"><ref bean="net.bcgi.util.db.ParamDef.OUT"></ref></property>
	</bean>
 </beans>
