<?xml version="1.0" encoding="UTF-8" ?>
<!-- ====================================================================== -->
<!--                                                                        -->
<!-- XIUS-bcgi SMSC Agent            -->
<!--                                                                       -->
<!-- $Id: //depot/xb/MSP1.0/MSP-AWS/agents/iba/main/config/configxmls/proc-config/login/privileges_read.xml#1 $     -->
<!-- This file  will maps the SP input parameters to java fields. -->
<!-- $Author: shashidhar.p $  $DateTime: 2023/08/04 15:19:58 $ $Change: 224525 $      -->
<!-- ====================================================================== -->

<!DOCTYPE beans PUBLIC "-//SPRING//DTD BEAN//EN" "http://www.springframework.org/dtd/spring-beans.dtd">

<beans>
	<!-- start sp_bos_add_device -->
	
	<bean id="get_loging_privileges" class="net.bcgi.util.db.SPDefinition" scope="singleton">
		<property name="name"><value>CS_UMS_COMMON.privileges_read</value></property>
		<property name="returnsResult"><value>false</value></property>
		<property name="parameters">
			<list>
				<ref bean="login_privileges_param_1"></ref>
				<ref bean="login_privileges_param_2"></ref>
				<ref bean="login_privileges_param_3"></ref>
			</list>
		</property>
		<property name="refCursors">
			<map>
				<entry key="1">
					<ref bean="po_modules_ref_bean"/>
				</entry>
				<entry key="2">
					<ref bean="po_privileges_ref_bean"/>
				</entry>
			</map>
		</property>
	</bean>
	
	<bean id="login_privileges_param_1" class="net.bcgi.util.db.ParamDef" scope="singleton">
			<property name="name"><value>po_modules</value></property>
			<property name="mapTo"><value>po_modules</value></property>
			<property name="type"><ref bean="oracle.jdbc.driver.OracleTypes.CURSOR"></ref></property>
			<property name="position"><value>1</value></property>
			<property name="parameterType"><ref bean="net.bcgi.util.db.ParamDef.OUT"></ref></property>
	</bean>
	
	<bean id="login_privileges_param_2" class="net.bcgi.util.db.ParamDef" scope="singleton">
			<property name="name"><value>po_privileges</value></property>
			<property name="mapTo"><value>po_privileges</value></property>
			<property name="type"><ref bean="oracle.jdbc.driver.OracleTypes.CURSOR"></ref></property>
			<property name="position"><value>2</value></property>
			<property name="parameterType"><ref bean="net.bcgi.util.db.ParamDef.OUT"></ref></property>
	</bean>
	
	<bean id="login_privileges_param_3" class="net.bcgi.util.db.ParamDef" scope="singleton">
			<property name="name"><value>po_error_code</value></property>
			<property name="mapTo"><value>po_error_code</value></property>
			<property name="type"><ref bean="java.sql.Types.BIGINT"></ref></property>
			<property name="position"><value>3</value></property>
			<property name="parameterType"><ref bean="net.bcgi.util.db.ParamDef.OUT"></ref></property>
	</bean>
	
	<bean id="po_modules_ref_bean"
		class="net.bcgi.util.db.ResultSetDef" scope="prototype">
		<property name="resultSetParams">
			<list>
				<ref bean="po_modules_ref_cursor_param_1"></ref>
				<ref bean="po_modules_ref_cursor_param_2"></ref>
				<ref bean="po_modules_ref_cursor_param_3"></ref>
			</list>
		</property>
		<property name="className" value="com.xius.billing.agent.domaindata.impl.login.LoginPrivilegesCursorData"/>
	</bean>
	
	<bean id="po_modules_ref_cursor_param_1" class="net.bcgi.util.db.ResultSetParam" scope="singleton">
	  <property name="procedureColumnName"><value>module_id</value></property>
	  <property name="mapTo"><value>id</value></property>
	  <property name="columnType"><ref bean="java.sql.Types.VARCHAR"></ref></property>
	  <property name="position"><value>1</value></property>
	</bean>
	<bean id="po_modules_ref_cursor_param_2" class="net.bcgi.util.db.ResultSetParam" scope="singleton">
	  <property name="procedureColumnName"><value>module_name</value></property>
	  <property name="mapTo"><value>name</value></property>
	  <property name="columnType"><ref bean="java.sql.Types.VARCHAR"></ref></property>
	  <property name="position"><value>2</value></property>
	</bean>
	<bean id="po_modules_ref_cursor_param_3" class="net.bcgi.util.db.ResultSetParam" scope="singleton">
	  <property name="procedureColumnName"><value>module_desc</value></property>
	  <property name="mapTo"><value>desc</value></property>
	  <property name="columnType"><ref bean="java.sql.Types.VARCHAR"></ref></property>
	  <property name="position"><value>3</value></property>
	</bean>
	
	<bean id="po_privileges_ref_bean"
		class="net.bcgi.util.db.ResultSetDef" scope="prototype">
		<property name="resultSetParams">
			<list>
				<ref bean="po_privileges_ref_cursor_param_1"></ref>
				<ref bean="po_privileges_ref_cursor_param_2"></ref>
				<ref bean="po_privileges_ref_cursor_param_3"></ref>
				<ref bean="po_privileges_ref_cursor_param_4"></ref>
			</list>
		</property>
		<property name="className" value="com.xius.billing.agent.domaindata.impl.login.LoginPrivilegesCursorData"/>
	</bean>
	
	<bean id="po_privileges_ref_cursor_param_1" class="net.bcgi.util.db.ResultSetParam" scope="singleton">
	  <property name="procedureColumnName"><value>privilege_id</value></property>
	  <property name="mapTo"><value>id</value></property>
	  <property name="columnType"><ref bean="java.sql.Types.VARCHAR"></ref></property>
	  <property name="position"><value>1</value></property>
	</bean>
	<bean id="po_privileges_ref_cursor_param_2" class="net.bcgi.util.db.ResultSetParam" scope="singleton">
	  <property name="procedureColumnName"><value>privilege_name</value></property>
	  <property name="mapTo"><value>name</value></property>
	  <property name="columnType"><ref bean="java.sql.Types.VARCHAR"></ref></property>
	  <property name="position"><value>2</value></property>
	</bean>
	<bean id="po_privileges_ref_cursor_param_3" class="net.bcgi.util.db.ResultSetParam" scope="singleton">
	  <property name="procedureColumnName"><value>privilege_desc</value></property>
	  <property name="mapTo"><value>desc</value></property>
	  <property name="columnType"><ref bean="java.sql.Types.VARCHAR"></ref></property>
	  <property name="position"><value>3</value></property>
	</bean>
	<bean id="po_privileges_ref_cursor_param_4" class="net.bcgi.util.db.ResultSetParam" scope="singleton">
	  <property name="procedureColumnName"><value>module_id</value></property>
	  <property name="mapTo"><value>moduleID</value></property>
	  <property name="columnType"><ref bean="java.sql.Types.VARCHAR"></ref></property>
	  <property name="position"><value>4</value></property>
	</bean>
 </beans>