<?xml version="1.0" encoding="UTF-8" ?>
<!DOCTYPE beans PUBLIC "-//SPRING//DTD BEAN//EN" "http://www.springframework.org/dtd/spring-beans.dtd">

<beans>
	
	<bean id="pro_imei_msisdn_map" class="net.bcgi.util.db.SPDefinition" scope="singleton">
		<property name="name"><value>pro_imei_msisdn_map</value></property>
		<property name="returnsResult"><value>false</value></property>
		<property name="parameters">
			<list>
				<ref bean="pro_imei_msisdn_map_1"></ref>
				<ref bean="pro_imei_msisdn_map_2"></ref>
				<ref bean="pro_imei_msisdn_map_3"></ref>
			    <ref bean="pro_imei_msisdn_map_4"></ref>
				<ref bean="pro_imei_msisdn_map_5"></ref>
				<ref bean="pro_imei_msisdn_map_6"></ref>
			    <ref bean="pro_imei_msisdn_map_7"></ref>
			</list>
		</property>
		<property name="refCursors">
		<map>
			<entry key="5">
				<ref bean="po_imei_dtls"/>
			</entry>
		</map>
	</property>
	</bean>
	<bean id="po_imei_dtls"
		class="net.bcgi.util.db.ResultSetDef" scope="prototype">
		<property name="resultSetParams">
			<list>
				<ref bean="po_imei_dtls_cursor_param_1"></ref>
				<ref bean="po_imei_dtls_cursor_param_2"></ref>
				<ref bean="po_imei_dtls_cursor_param_3"></ref>
			</list>
		</property>
		<property name="className" value="com.xius.billing.agent.domaindata.impl.login.GetMsidnToImeiCusorData"/>
	</bean>
	<bean id="po_imei_dtls_cursor_param_1" class="net.bcgi.util.db.ResultSetParam" scope="singleton">
	  <property name="procedureColumnName"><value>msisdn_no</value></property>
	  <property name="mapTo"><value>msisdn_no</value></property>
	  <property name="columnType"><ref bean="java.sql.Types.BIGINT"></ref></property>
	  <property name="position"><value>1</value></property>
	</bean> 
	<bean id="po_imei_dtls_cursor_param_2" class="net.bcgi.util.db.ResultSetParam" scope="singleton">
	  <property name="procedureColumnName"><value>sim_serial_no</value></property>
	  <property name="mapTo"><value>sim_serial_no</value></property>
	  <property name="columnType"><ref bean="java.sql.Types.BIGINT"></ref></property>
	  <property name="position"><value>2</value></property>
	</bean>
	<bean id="po_imei_dtls_cursor_param_3" class="net.bcgi.util.db.ResultSetParam" scope="singleton">
	  <property name="procedureColumnName"><value>imei</value></property>
	  <property name="mapTo"><value>imei</value></property>
	  <property name="columnType"><ref bean="java.sql.Types.VARCHAR"></ref></property>
	  <property name="position"><value>3</value></property>
	</bean>
	
	<bean id="pro_imei_msisdn_map_1" class="net.bcgi.util.db.ParamDef" scope="singleton">
			<property name="name"><value>pi_network_id</value></property>
			<property name="mapTo"><value>pi_network_id</value></property>
			<property name="type"><ref bean="java.sql.Types.BIGINT"></ref></property>
			<property name="position"><value>1</value></property>
			<property name="parameterType"><ref bean="net.bcgi.util.db.ParamDef.IN"></ref></property>
	</bean>
	
	<bean id="pro_imei_msisdn_map_2" class="net.bcgi.util.db.ParamDef" scope="singleton">
			<property name="name"><value>pi_msisdn</value></property>
			<property name="mapTo"><value>pi_msisdn</value></property>
			<property name="type"><ref bean="java.sql.Types.BIGINT"></ref></property>
			<property name="position"><value>2</value></property>
			<property name="parameterType"><ref bean="net.bcgi.util.db.ParamDef.IN"></ref></property>
	</bean>
	<bean id="pro_imei_msisdn_map_3" class="net.bcgi.util.db.ParamDef" scope="singleton">
			<property name="name"><value>pi_imei</value></property>
			<property name="mapTo"><value>pi_imei</value></property>
			<property name="type"><ref bean="java.sql.Types.VARCHAR"></ref></property>
			<property name="position"><value>3</value></property>
			<property name="parameterType"><ref bean="net.bcgi.util.db.ParamDef.IN"></ref></property>
	</bean>
	<bean id="pro_imei_msisdn_map_4" class="net.bcgi.util.db.ParamDef" scope="singleton">
			<property name="name"><value>pi_flag</value></property>
			<property name="mapTo"><value>pi_flag</value></property>
			<property name="type"><ref bean="java.sql.Types.VARCHAR"></ref></property>
			<property name="position"><value>4</value></property>
			<property name="parameterType"><ref bean="net.bcgi.util.db.ParamDef.IN"></ref></property>
	</bean>
	<bean id="pro_imei_msisdn_map_5" class="net.bcgi.util.db.ParamDef" scope="singleton">
			<property name="name"><value>po_imei_dtls</value></property>
			<property name="mapTo"><value>po_imei_dtls</value></property>
			<property name="type"><ref bean="oracle.jdbc.driver.OracleTypes.CURSOR"></ref></property>
			<property name="position"><value>5</value></property>
			<property name="parameterType"><ref bean="net.bcgi.util.db.ParamDef.OUT"></ref></property>
	</bean>
	<bean id="pro_imei_msisdn_map_6" class="net.bcgi.util.db.ParamDef" scope="singleton">
			<property name="name"><value>po_error_code</value></property>
			<property name="mapTo"><value>po_error_code</value></property>
			<property name="type"><ref bean="java.sql.Types.BIGINT"></ref></property>
			<property name="position"><value>6</value></property>
			<property name="parameterType"><ref bean="net.bcgi.util.db.ParamDef.OUT"></ref></property>
	</bean>
	<bean id="pro_imei_msisdn_map_7"	class="net.bcgi.util.db.ParamDef" scope="singleton">
			<property name="name"><value>po_error_desc</value></property>
			<property name="mapTo"><value>po_error_mesg</value></property>
			<property name="type"><ref bean="java.sql.Types.VARCHAR"></ref></property>
			<property name="position"><value>7</value></property>
			<property name="parameterType"><ref bean="net.bcgi.util.db.ParamDef.OUT"></ref></property>
	</bean>	
 </beans>