<?xml version="1.0" encoding="UTF-8" ?>
<!DOCTYPE beans PUBLIC "-//SPRING//DTD BEAN//EN" "http://www.springframework.org/dtd/spring-beans.dtd">
<beans>
	
	<bean id="pro_get_credit_profile_dtls" class="net.bcgi.util.db.SPDefinition" scope="singleton">
		<property name="name"><value>pro_get_credit_profile_dtls</value></property>
		<property name="returnsResult"><value>false</value></property>
		<property name="parameters">
			<list>
				<ref bean="pro_get_credit_profile_dtls_param_1"></ref>
				<ref bean="pro_get_credit_profile_dtls_param_2"></ref>
				<ref bean="pro_get_credit_profile_dtls_param_3"></ref>
			    <ref bean="pro_get_credit_profile_dtls_param_4"></ref>
			</list>
		</property>
		<property name="refCursors">
		<map>
			<entry key="2">
				<ref bean="pro_get_credit_profile_dtls_cursor"/>
			</entry>
		</map>
	</property>
	</bean>
	<bean id="pro_get_credit_profile_dtls_cursor"
		class="net.bcgi.util.db.ResultSetDef" scope="prototype">
		<property name="resultSetParams">
			<list>
				<ref bean="pro_get_credit_profile_dtls_cursor_param_1"></ref>
				<ref bean="pro_get_credit_profile_dtls_cursor_param_2"></ref>
				<ref bean="pro_get_credit_profile_dtls_cursor_param_3"></ref>
				<ref bean="pro_get_credit_profile_dtls_cursor_param_4"></ref>
				
			</list>
		</property>
		<property name="className" value="com.xius.billing.agent.domaindata.impl.login.CreditProfileDtlsCursorData"/>
	</bean>
	<bean id="pro_get_credit_profile_dtls_cursor_param_1" class="net.bcgi.util.db.ResultSetParam" scope="singleton">
	  <property name="procedureColumnName"><value>credit_profile_id</value></property>
	  <property name="mapTo"><value>creditProfileId</value></property>
	  <property name="columnType"><ref bean="java.sql.Types.BIGINT"></ref></property>
	  <property name="position"><value>1</value></property>
	</bean> 
	<bean id="pro_get_credit_profile_dtls_cursor_param_2" class="net.bcgi.util.db.ResultSetParam" scope="singleton">
	  <property name="procedureColumnName"><value>credit_profile_name</value></property>
	  <property name="mapTo"><value>creditProfileName</value></property>
	  <property name="columnType"><ref bean="java.sql.Types.VARCHAR"></ref></property>
	  <property name="position"><value>2</value></property>
	</bean>
	<bean id="pro_get_credit_profile_dtls_cursor_param_3" class="net.bcgi.util.db.ResultSetParam" scope="singleton">
	  <property name="procedureColumnName"><value>credit_limit</value></property>
	  <property name="mapTo"><value>creditLimit</value></property>
	  <property name="columnType"><ref bean="java.sql.Types.DECIMAL"></ref></property>
	  <property name="position"><value>3</value></property>
	</bean>
	<bean id="pro_get_credit_profile_dtls_cursor_param_4" class="net.bcgi.util.db.ResultSetParam" scope="singleton">
	  <property name="procedureColumnName"><value>max_credit_limit</value></property>
	  <property name="mapTo"><value>maxcreditLimit</value></property>
	  <property name="columnType"><ref bean="java.sql.Types.DECIMAL"></ref></property>
	  <property name="position"><value>4</value></property>
	</bean>
	
	
	<bean id="pro_get_credit_profile_dtls_param_1" class="net.bcgi.util.db.ParamDef" scope="singleton">
			<property name="name"><value>pi_network_id</value></property>
			<property name="mapTo"><value>pi_network_id</value></property>
			<property name="type"><ref bean="java.sql.Types.BIGINT"></ref></property>
			<property name="position"><value>1</value></property>
			<property name="parameterType"><ref bean="net.bcgi.util.db.ParamDef.IN"></ref></property>
	</bean>
	
	<bean id="pro_get_credit_profile_dtls_param_2" class="net.bcgi.util.db.ParamDef" scope="singleton">
			<property name="name"><value>po_credit_profile_dtls</value></property>
			<property name="mapTo"><value>creditProfileDtlsCursor</value></property>
			<property name="type"><ref bean="oracle.jdbc.driver.OracleTypes.CURSOR"></ref></property>
			<property name="position"><value>2</value></property>
			<property name="parameterType"><ref bean="net.bcgi.util.db.ParamDef.OUT"></ref></property>
	</bean>
	<bean id="pro_get_credit_profile_dtls_param_3" class="net.bcgi.util.db.ParamDef" scope="singleton">
			<property name="name"><value>po_error_code</value></property>
			<property name="mapTo"><value>po_error_code</value></property>
			<property name="type"><ref bean="java.sql.Types.BIGINT"></ref></property>
			<property name="position"><value>3</value></property>
			<property name="parameterType"><ref bean="net.bcgi.util.db.ParamDef.OUT"></ref></property>
	</bean>
	<bean id="pro_get_credit_profile_dtls_param_4"	class="net.bcgi.util.db.ParamDef" scope="singleton">
			<property name="name"><value>po_error_desc</value></property>
			<property name="mapTo"><value>po_error_mesg</value></property>
			<property name="type"><ref bean="java.sql.Types.VARCHAR"></ref></property>
			<property name="position"><value>4</value></property>
			<property name="parameterType"><ref bean="net.bcgi.util.db.ParamDef.OUT"></ref></property>
	</bean>
	
 </beans>

