<?xml version="1.0" encoding="UTF-8" ?>
<!-- ====================================================================== -->
<!--                                                                        -->
<!-- XIUS-bcgi SMSC Agent            -->
<!--                                                                       -->
<!-- $Id: //depot/xb/MSP1.0/MSP-AWS/agents/iba/main/config/configxmls/proc-config/login/pro_user_authentication.xml#1 $     -->
<!-- This file  will maps the SP input parameters to java fields. -->
<!-- $Author: shashidhar.p $  $DateTime: 2023/08/04 15:19:58 $ $Change: 224525 $      -->
<!-- ====================================================================== -->

<!DOCTYPE beans PUBLIC "-//SPRING//DTD BEAN//EN" "http://www.springframework.org/dtd/spring-beans.dtd">

<beans>
	<!-- start pro_user_authentication -->
	<bean id="pro_user_authentication"
		class="net.bcgi.util.db.SPDefinition" scope="singleton">
		<property name="name"><value>CS_SUBSCRIBER_MANAGEMENT.pro_user_authentication </value></property>
		<property name="returnsResult"><value>false</value></property>
		<property name="parameters">
			<list>
				<ref bean="pro_user_authentication_param_1"></ref>
				<ref bean="pro_user_authentication_param_2"></ref>
				<ref bean="pro_user_authentication_param_3"></ref>
				<ref bean="pro_user_authentication_param_4"></ref>
				<ref bean="pro_user_authentication_param_5"></ref>
				<ref bean="pro_user_authentication_param_6"></ref>
				<ref bean="pro_user_authentication_param_7"></ref>
				<ref bean="pro_user_authentication_param_8"></ref>
				<ref bean="pro_user_authentication_param_9"></ref>
				<ref bean="pro_user_authentication_param_10"></ref>
			</list>
		</property>
		<property name="refCursors">
			<map>
				<entry key="6">
					<ref bean="po_ref_role_list1"/>
				</entry>
				<entry key="7">
					<ref bean="po_ref_priv_list1"/>
				</entry>
				<entry key="8">
					<ref bean="po_ref_mod_list1"/>
				</entry>
			</map>
		</property>
	</bean>
	<bean id="po_ref_role_list1"
		class="net.bcgi.util.db.ResultSetDef" scope="prototype">
		<property name="resultSetParams">
			<list>
				<ref bean="po_role_list1_ref_cursor_param_1"></ref>
			</list>
		</property>
		<property name="className" value="com.xius.billing.agent.domaindata.impl.login.RolesListCursorData"/>
	</bean>
	<bean id="po_role_list1_ref_cursor_param_1" class="net.bcgi.util.db.ResultSetParam" scope="singleton">
	  <property name="procedureColumnName"><value>role_id</value></property>
	  <property name="mapTo"><value>role_id</value></property>
	  <property name="columnType"><ref bean="java.sql.Types.VARCHAR"></ref></property>
	  <property name="position"><value>1</value></property>
	</bean>
	
	<bean id="po_ref_priv_list1"
		class="net.bcgi.util.db.ResultSetDef" scope="prototype">
		<property name="resultSetParams">
			<list>
				<ref bean="po_priv_list1_ref_cursor_param_1"></ref>
				<ref bean="po_priv_list1_ref_cursor_param_2"></ref>
				<ref bean="po_priv_list1_ref_cursor_param_3"></ref>
				<ref bean="po_priv_list1_ref_cursor_param_4"></ref>
			</list>
		</property>
		<property name="className" value="com.xius.billing.agent.domaindata.impl.login.PrivListCursorData"/>
	</bean>

	<bean id="po_priv_list1_ref_cursor_param_1" class="net.bcgi.util.db.ResultSetParam" scope="singleton">
	  <property name="procedureColumnName"><value>privilege_id</value></property>
	  <property name="mapTo"><value>privilege_id</value></property>
	  <property name="columnType"><ref bean="java.sql.Types.VARCHAR"></ref></property>
	  <property name="position"><value>1</value></property>
	</bean>
	<bean id="po_priv_list1_ref_cursor_param_2" class="net.bcgi.util.db.ResultSetParam" scope="singleton">
	  <property name="procedureColumnName"><value>privilege_name</value></property>
	  <property name="mapTo"><value>privilege_name</value></property>
	  <property name="columnType"><ref bean="java.sql.Types.VARCHAR"></ref></property>
	  <property name="position"><value>2</value></property>
	</bean>
	<bean id="po_priv_list1_ref_cursor_param_3" class="net.bcgi.util.db.ResultSetParam" scope="singleton">
	  <property name="procedureColumnName"><value>privilege_desc</value></property>
	  <property name="mapTo"><value>privilege_desc</value></property>
	  <property name="columnType"><ref bean="java.sql.Types.VARCHAR"></ref></property>
	  <property name="position"><value>3</value></property>
	</bean>
	<bean id="po_priv_list1_ref_cursor_param_4" class="net.bcgi.util.db.ResultSetParam" scope="singleton">
	  <property name="procedureColumnName"><value>module_id</value></property>
	  <property name="mapTo"><value>module_id</value></property>
	  <property name="columnType"><ref bean="java.sql.Types.VARCHAR"></ref></property>
	  <property name="position"><value>4</value></property>
	</bean>

	<bean id="po_ref_mod_list1"
		class="net.bcgi.util.db.ResultSetDef" scope="prototype">
		<property name="resultSetParams">
			<list>
				<ref bean="po_mod_list1_ref_cursor_param_1"></ref>
				<ref bean="po_mod_list1_ref_cursor_param_2"></ref>
				<ref bean="po_mod_list1_ref_cursor_param_3"></ref>
			</list>
		</property>
		<property name="className" value="com.xius.billing.agent.domaindata.impl.login.ModListCursorData"/>
	</bean>

	<bean id="po_mod_list1_ref_cursor_param_1" class="net.bcgi.util.db.ResultSetParam" scope="singleton">
	  <property name="procedureColumnName"><value>module_id</value></property>
	  <property name="mapTo"><value>module_id</value></property>
	  <property name="columnType"><ref bean="java.sql.Types.VARCHAR"></ref></property>
	  <property name="position"><value>1</value></property>
	</bean>
	<bean id="po_mod_list1_ref_cursor_param_2" class="net.bcgi.util.db.ResultSetParam" scope="singleton">
	  <property name="procedureColumnName"><value>module_name</value></property>
	  <property name="mapTo"><value>module_name</value></property>
	  <property name="columnType"><ref bean="java.sql.Types.VARCHAR"></ref></property>
	  <property name="position"><value>2</value></property>
	</bean>
	<bean id="po_mod_list1_ref_cursor_param_3" class="net.bcgi.util.db.ResultSetParam" scope="singleton">
	  <property name="procedureColumnName"><value>module_desc</value></property>
	  <property name="mapTo"><value>module_desc</value></property>
	  <property name="columnType"><ref bean="java.sql.Types.VARCHAR"></ref></property>
	  <property name="position"><value>3</value></property>
	</bean>

	<bean id="pro_user_authentication_param_1" class="net.bcgi.util.db.ParamDef" scope="singleton">
			<property name="name"><value>pi_loginid</value></property>
			<property name="mapTo"><value>pi_loginid</value></property>
			<property name="type"><ref bean="java.sql.Types.VARCHAR"></ref></property>
			<property name="position"><value>1</value></property>
			<property name="parameterType"><ref bean="net.bcgi.util.db.ParamDef.IN"></ref></property>
	</bean>
	<bean id="pro_user_authentication_param_2" class="net.bcgi.util.db.ParamDef" scope="singleton">
			<property name="name"><value>pi_nw_login_name</value></property>
			<property name="mapTo"><value>pi_nw_login_name</value></property>
			<property name="type"><ref bean="java.sql.Types.VARCHAR"></ref></property>
			<property name="position"><value>2</value></property>
			<property name="parameterType"><ref bean="net.bcgi.util.db.ParamDef.IN"></ref></property>
	</bean>
	<bean id="pro_user_authentication_param_3" class="net.bcgi.util.db.ParamDef" scope="singleton">
			<property name="name"><value>pi_password</value></property>
			<property name="mapTo"><value>pi_password</value></property>
			<property name="type"><ref bean="java.sql.Types.VARCHAR"></ref></property>
			<property name="position"><value>3</value></property>
			<property name="parameterType"><ref bean="net.bcgi.util.db.ParamDef.IN"></ref></property>
	</bean>
	<bean id="pro_user_authentication_param_4" class="net.bcgi.util.db.ParamDef" scope="singleton">
			<property name="name"><value>po_force_change_pwd_yn</value></property>
			<property name="mapTo"><value>po_force_change_pwd_yn</value></property>
			<property name="type"><ref bean="java.sql.Types.VARCHAR"></ref></property>
			<property name="position"><value>4</value></property>
			<property name="parameterType"><ref bean="net.bcgi.util.db.ParamDef.OUT"></ref></property>
	</bean>
	<bean id="pro_user_authentication_param_5" class="net.bcgi.util.db.ParamDef" scope="singleton">
			<property name="name"><value>po_manager_id</value></property>
			<property name="mapTo"><value>po_manager_id</value></property>
			<property name="type"><ref bean="java.sql.Types.VARCHAR"></ref></property>
			<property name="position"><value>5</value></property>
			<property name="parameterType"><ref bean="net.bcgi.util.db.ParamDef.OUT"></ref></property>
	</bean>
	<bean id="pro_user_authentication_param_6" class="net.bcgi.util.db.ParamDef" scope="singleton">
			<property name="name"><value>po_ref_role_list</value></property>
			<property name="mapTo"><value>po_ref_role_list</value></property>
			<property name="type"><ref bean="oracle.jdbc.driver.OracleTypes.CURSOR"></ref></property>
			<property name="position"><value>6</value></property>
			<property name="parameterType"><ref bean="net.bcgi.util.db.ParamDef.OUT"></ref></property>
	</bean>
	<bean id="pro_user_authentication_param_7" class="net.bcgi.util.db.ParamDef" scope="singleton">
			<property name="name"><value>po_ref_priv_list</value></property>
			<property name="mapTo"><value>po_ref_priv_list</value></property>
			<property name="type"><ref bean="oracle.jdbc.driver.OracleTypes.CURSOR"></ref></property>
			<property name="position"><value>7</value></property>
			<property name="parameterType"><ref bean="net.bcgi.util.db.ParamDef.OUT"></ref></property>
	</bean>
	<bean id="pro_user_authentication_param_8" class="net.bcgi.util.db.ParamDef" scope="singleton">
			<property name="name"><value>po_ref_mod_list</value></property>
			<property name="mapTo"><value>po_ref_mod_list</value></property>
			<property name="type"><ref bean="oracle.jdbc.driver.OracleTypes.CURSOR"></ref></property>
			<property name="position"><value>8</value></property>
			<property name="parameterType"><ref bean="net.bcgi.util.db.ParamDef.OUT"></ref></property>
	</bean>
	<bean id="pro_user_authentication_param_9" class="net.bcgi.util.db.ParamDef" scope="singleton">
			<property name="name"><value>po_network_id</value></property>
			<property name="mapTo"><value>po_network_id</value></property>
			<property name="type"><ref bean="java.sql.Types.BIGINT"></ref></property>
			<property name="position"><value>9</value></property>
			<property name="parameterType"><ref bean="net.bcgi.util.db.ParamDef.OUT"></ref></property>
	</bean>
	<bean id="pro_user_authentication_param_10" class="net.bcgi.util.db.ParamDef" scope="singleton">
			<property name="name"><value>po_error_code</value></property>
			<property name="mapTo"><value>po_error_code</value></property>
			<property name="type"><ref bean="java.sql.Types.BIGINT"></ref></property>
			<property name="position"><value>10</value></property>
			<property name="parameterType"><ref bean="net.bcgi.util.db.ParamDef.OUT"></ref></property>
	</bean>

 </beans>
