<!DOCTYPE beans PUBLIC "-//SPRING//DTD BEAN//EN" "http://www.springframework.org/dtd/spring-beans.dtd">
<beans>
	<bean id="pro_expire_portin_msisnds" class="net.bcgi.util.db.SPDefinition" scope="prototype">
		<property name="name"><value>Rat_number_portability.pro_expire_portin_msisnds</value></property>
		<property name="returnsResult"><value>false</value></property>
		<property name="parameters">
			<list> <!--  parameter list -->
				<ref bean="pro_expire_portin_msisnds_1"></ref>
				<ref bean="pro_expire_portin_msisnds_2"></ref>	
			</list>
		</property>
	</bean>
	
	<bean id="pro_expire_portin_msisnds_1" class="net.bcgi.util.db.ParamDef" scope="singleton">
	  <property name="name"><value>get_exp_portin_details_cursor</value></property>
	  <property name="mapTo"><value>po_get_exp_portin_details</value></property>
	 <property name="type"><ref bean="java.sql.Types.ARRAY"></ref></property>
		<property name="position"><value>1</value></property>
		<property name="arrayName"><value>ARR_VARCHAR</value></property>
	  <property name="parameterType"><ref bean="net.bcgi.util.db.ParamDef.OUT"></ref></property>
	</bean>
	<bean id="pro_expire_portin_msisnds_2" class="net.bcgi.util.db.ParamDef" scope="singleton">
		<property name="name"><value>po_error_code</value></property>
		<property name="mapTo"><value>po_error_code</value></property>
		<property name="type"><ref bean="java.sql.Types.BIGINT"></ref></property>
		<property name="position"><value>2</value></property>
		<property name="parameterType"><ref bean="net.bcgi.util.db.ParamDef.OUT"></ref></property>
	</bean>	
</beans>