<!DOCTYPE beans PUBLIC "-//SPRING//DTD BEAN//EN" "http://www.springframework.org/dtd/spring-beans.dtd">
<beans>
	<bean id="pro_ams_change_msisdn_bulk_mnp" class="net.bcgi.util.db.SPDefinition" scope="prototype">
	<property name="name"><value>Rat_number_portability.pro_ams_change_msisdn_bulk</value></property>
	<property name="returnsResult"><value>false</value></property>
	<property name="parameters">
		<list> <!--  parameter list -->
			<ref bean="pro_ams_change_msisdn_bulk_mnp_1"></ref>
			<ref bean="pro_ams_change_msisdn_bulk_mnp_2"></ref>	
			<ref bean="pro_ams_change_msisdn_bulk_mnp_3"></ref>
			<ref bean="pro_ams_change_msisdn_bulk_mnp_4"></ref>
			<ref bean="pro_ams_change_msisdn_bulk_mnp_5"></ref>
			<ref bean="pro_ams_change_msisdn_bulk_mnp_6"></ref>			
			<ref bean="pro_ams_change_msisdn_bulk_mnp_7"></ref>
			<ref bean="pro_ams_change_msisdn_bulk_mnp_8"></ref>
			<ref bean="pro_ams_change_msisdn_bulk_mnp_9"></ref>
			<ref bean="pro_ams_change_msisdn_bulk_mnp_10"></ref>
			<ref bean="pro_ams_change_msisdn_bulk_mnp_11"></ref>
			<ref bean="pro_ams_change_msisdn_bulk_mnp_12"></ref>
			<ref bean="pro_ams_change_msisdn_bulk_mnp_13"></ref>
		</list>
	</property>
	</bean>
	
	<bean id="pro_ams_change_msisdn_bulk_mnp_1" class="net.bcgi.util.db.ParamDef" scope="singleton">
		<property name="name"><value>pi_sim</value></property>
		<property name="mapTo"><value>simSerialNos</value></property>
		<property name="type"><ref bean="java.sql.Types.ARRAY"></ref></property>
		<property name="position"><value>1</value></property>
		<property name="arrayName"><value>ARR_NUMB</value></property>
		<property name="parameterType"><ref bean="net.bcgi.util.db.ParamDef.IN"></ref></property>
	</bean>
	<bean id="pro_ams_change_msisdn_bulk_mnp_2" class="net.bcgi.util.db.ParamDef" scope="singleton">
		<property name="name"><value>pi_new_msisdn</value></property>
		<property name="mapTo"><value>portInMSISDNs</value></property>
		<property name="type"><ref bean="java.sql.Types.ARRAY"></ref></property>
		<property name="position"><value>2</value></property>
		<property name="arrayName"><value>ARR_NUMB</value></property>
		<property name="parameterType"><ref bean="net.bcgi.util.db.ParamDef.IN"></ref></property>
	</bean>
	<bean id="pro_ams_change_msisdn_bulk_mnp_3" class="net.bcgi.util.db.ParamDef" scope="singleton">
		<property name="name"><value>pi_charges</value></property>
		<property name="mapTo"><value>UNUSED</value></property>
		<property name="type"><ref bean="java.sql.Types.BIGINT"></ref></property>
		<property name="position"><value>3</value></property>
		<property name="parameterType"><ref bean="net.bcgi.util.db.ParamDef.IN"></ref></property>
	</bean>
	<bean id="pro_ams_change_msisdn_bulk_mnp_4" class="net.bcgi.util.db.ParamDef" scope="singleton">
		<property name="name"><value>pi_zipcode</value></property>
		<property name="mapTo"><value>UNUSED</value></property>
		<property name="type"><ref bean="java.sql.Types.BIGINT"></ref></property>
		<property name="position"><value>4</value></property>
		<property name="parameterType"><ref bean="net.bcgi.util.db.ParamDef.IN"></ref></property>
	</bean>
	<bean id="pro_ams_change_msisdn_bulk_mnp_5" class="net.bcgi.util.db.ParamDef" scope="singleton">
		<property name="name"><value>pi_charge_type</value></property>
		<property name="mapTo"><value>UNUSED</value></property>
		<property name="type"><ref bean="java.sql.Types.VARCHAR"></ref></property>
		<property name="position"><value>5</value></property>
		<property name="parameterType"><ref bean="net.bcgi.util.db.ParamDef.IN"></ref></property>
	</bean>		
	<bean id="pro_ams_change_msisdn_bulk_mnp_6" class="net.bcgi.util.db.ParamDef" scope="singleton">
		<property name="name"><value>pi_network_id</value></property>
		<property name="mapTo"><value>pi_network_id</value></property>
		<property name="type"><ref bean="java.sql.Types.BIGINT"></ref></property>
		<property name="position"><value>6</value></property>		
		<property name="parameterType"><ref bean="net.bcgi.util.db.ParamDef.IN"></ref></property>
	</bean>
	<bean id="pro_ams_change_msisdn_bulk_mnp_7" class="net.bcgi.util.db.ParamDef" scope="singleton">
		<property name="name"><value>pi_user_id</value></property>
		<property name="mapTo"><value>pi_user_id</value></property>
		<property name="type"><ref bean="java.sql.Types.VARCHAR"></ref></property>
		<property name="position"><value>7</value></property>
		<property name="parameterType"><ref bean="net.bcgi.util.db.ParamDef.IN"></ref></property>
	</bean>		
	<bean id="pro_ams_change_msisdn_bulk_mnp_8" class="net.bcgi.util.db.ParamDef" scope="singleton">
		<property name="name"><value>pi_newroute</value></property>
		<property name="mapTo"><value>newRoutes</value></property>
		<property name="type"><ref bean="java.sql.Types.ARRAY"></ref></property>
		<property name="position"><value>8</value></property>
		<property name="arrayName"><value>ARR_VARCHAR</value></property>
		<property name="parameterType"><ref bean="net.bcgi.util.db.ParamDef.IN"></ref></property>
	</bean>
	<bean id="pro_ams_change_msisdn_bulk_mnp_9" class="net.bcgi.util.db.ParamDef" scope="singleton">
		<property name="name"><value>po_transaction_no</value></property>
		<property name="mapTo"><value>transactionNos</value></property>
		<property name="type"><ref bean="java.sql.Types.ARRAY"></ref></property>
		<property name="position"><value>9</value></property>
		<property name="arrayName"><value>ARR_NUMB</value></property>
		<property name="parameterType"><ref bean="net.bcgi.util.db.ParamDef.OUT"></ref></property>
	</bean>
	
	<bean id="pro_ams_change_msisdn_bulk_mnp_10" class="net.bcgi.util.db.ParamDef" scope="singleton">
		<property name="name"><value>po_msisdn_imsi_msisdntype</value></property>
		<property name="mapTo"><value>msisdnImsiMsisdnTypeCSV</value></property>
		<property name="type"><ref bean="java.sql.Types.ARRAY"></ref></property>
		<property name="position"><value>10</value></property>
		<property name="arrayName"><value>ARR_VARCHAR</value></property>
		<property name="parameterType"><ref bean="net.bcgi.util.db.ParamDef.OUT"></ref></property>
	</bean>
	<bean id="pro_ams_change_msisdn_bulk_mnp_11" class="net.bcgi.util.db.ParamDef" scope="singleton">
		<property name="name"><value>po_cc_network_id</value></property>
		<property name="mapTo"><value>countryCode</value></property>
		<property name="type"><ref bean="java.sql.Types.VARCHAR"></ref></property>
		<property name="position"><value>11</value></property>
		<property name="parameterType"><ref bean="net.bcgi.util.db.ParamDef.OUT"></ref></property>
	</bean>	
<!-- <bean id="pro_ams_change_msisdn_bulk_12" class="net.bcgi.util.db.ParamDef" scope="singleton">
		<property name="name"><value>po_errorcode</value></property>
		<property name="mapTo"><value>errorCodes</value></property>
		<property name="type"><ref bean="java.sql.Types.ARRAY"></ref></property>
		<property name="position"><value>12</value></property>
		<property name="arrayName"><value>ARR_NUMB</value></property>
		<property name="parameterType"><ref bean="net.bcgi.util.db.ParamDef.OUT"></ref></property>
	</bean>
 -->
 	<bean id="pro_ams_change_msisdn_bulk_mnp_12" class="net.bcgi.util.db.ParamDef" scope="singleton">
		<property name="name"><value>po_errorcode</value></property>
		<property name="mapTo"><value>po_error_code</value></property>
		<property name="type"><ref bean="java.sql.Types.BIGINT"></ref></property>
		<property name="position"><value>12</value></property>
		<property name="parameterType"><ref bean="net.bcgi.util.db.ParamDef.OUT"></ref></property>
	</bean>
 
	<bean id="pro_ams_change_msisdn_bulk_mnp_13" class="net.bcgi.util.db.ParamDef" scope="singleton">
		<property name="name"><value>po_errormsg</value></property>
		<property name="mapTo"><value>errorMessage</value></property>
		<property name="type"><ref bean="java.sql.Types.VARCHAR"></ref></property>
		<property name="position"><value>13</value></property>
		<property name="parameterType"><ref bean="net.bcgi.util.db.ParamDef.OUT"></ref></property>
	</bean>	
</beans>