<!--
	Requirement: REQ1208# TT: MNP functionality changes for corporate GUI 
	Usage	   : upload bulk port in msisdns
	Author	   : Phani.Chavala
	Date	   : 2nd Aug, 2012		 
-->
<!DOCTYPE beans PUBLIC "-//SPRING//DTD BEAN//EN" "http://www.springframework.org/dtd/spring-beans.dtd">
<beans>
	<bean id="pro_get_bulk_upload_txn_dets" class="net.bcgi.util.db.SPDefinition" scope="prototype">
	<property name="name"><value>pkg_bulk_portin_msisdn_upload.pro_get_bulk_upload_txn_dets</value></property>
	<property name="returnsResult"><value>false</value></property>
	<property name="parameters">
		<list> <!--  parameter list -->
			<ref bean="pro_get_bulk_upload_txn_dets_1"/>
			<ref bean="pro_get_bulk_upload_txn_dets_2"/>
			<ref bean="pro_get_bulk_upload_txn_dets_3"/>
			<ref bean="pro_get_bulk_upload_txn_dets_4"/>
			<ref bean="pro_get_bulk_upload_txn_dets_5"/>
			<ref bean="pro_get_bulk_upload_txn_dets_6"/>
			<ref bean="pro_get_bulk_upload_txn_dets_7"/>	
			<ref bean="pro_get_bulk_upload_txn_dets_8"/>
			<ref bean="pro_get_bulk_upload_txn_dets_9"/>	
			<ref bean="pro_get_bulk_upload_txn_dets_10"/>
			<ref bean="pro_get_bulk_upload_txn_dets_11"/>
			<ref bean="pro_get_bulk_upload_txn_dets_12"/>
			<ref bean="pro_get_bulk_upload_txn_dets_13"/>
			<ref bean="pro_get_bulk_upload_txn_dets_14"/>
			<ref bean="pro_get_bulk_upload_txn_dets_15"/>
			<ref bean="pro_get_bulk_upload_txn_dets_16"/>
			<ref bean="pro_get_bulk_upload_txn_dets_17"/>	
			<ref bean="pro_get_bulk_upload_txn_dets_18"/>
			<ref bean="pro_get_bulk_upload_txn_dets_19"/>		
			<ref bean="pro_get_bulk_upload_txn_dets_20"/>
			<ref bean="pro_get_bulk_upload_txn_dets_21"/>
			<ref bean="pro_get_bulk_upload_txn_dets_22"/>
			<ref bean="pro_get_bulk_upload_txn_dets_23"/>
			<ref bean="pro_get_bulk_upload_txn_dets_24"/>
		</list>
	</property>
	</bean>
	
	<bean id="pro_get_bulk_upload_txn_dets_1" class="net.bcgi.util.db.ParamDef" scope="singleton">
		<property name="name"><value>pi_network_id</value></property>
		<property name="mapTo"><value>pi_network_id</value></property>
		<property name="type"><ref bean="java.sql.Types.BIGINT"></ref></property>
		<property name="position"><value>1</value></property>
		<property name="parameterType"><ref bean="net.bcgi.util.db.ParamDef.IN"></ref></property>
	</bean>
	
	<bean id="pro_get_bulk_upload_txn_dets_2" class="net.bcgi.util.db.ParamDef" scope="singleton">
		<property name="name"><value>txNumber</value></property>
		<property name="mapTo"><value>txNumber</value></property>
		<property name="type"><ref bean="java.sql.Types.BIGINT"></ref></property>
		<property name="position"><value>2</value></property>
		<property name="parameterType"><ref bean="net.bcgi.util.db.ParamDef.IN"></ref></property>
	</bean>
	<bean id="pro_get_bulk_upload_txn_dets_3" class="net.bcgi.util.db.ParamDef" scope="singleton">
		<property name="name"><value>businessRegNum</value></property>
		<property name="mapTo"><value>businessRegNum</value></property>
		<property name="type"><ref bean="java.sql.Types.VARCHAR"></ref></property>
		<property name="position"><value>3</value></property>
		<property name="parameterType"><ref bean="net.bcgi.util.db.ParamDef.OUT"></ref></property>
	</bean>
	<bean id="pro_get_bulk_upload_txn_dets_4" class="net.bcgi.util.db.ParamDef" scope="singleton">
		<property name="name"><value>txStatus</value></property>
		<property name="mapTo"><value>txStatus</value></property>
		<property name="type"><ref bean="java.sql.Types.VARCHAR"></ref></property>
		<property name="position"><value>4</value></property>
		<property name="parameterType"><ref bean="net.bcgi.util.db.ParamDef.OUT"></ref></property>
	</bean>
	<bean id="pro_get_bulk_upload_txn_dets_5" class="net.bcgi.util.db.ParamDef" scope="singleton">
		<property name="name"><value>companyName</value></property>
		<property name="mapTo"><value>companyName</value></property>
		<property name="type"><ref bean="java.sql.Types.VARCHAR"></ref></property>
		<property name="position"><value>5</value></property>
		<property name="parameterType"><ref bean="net.bcgi.util.db.ParamDef.OUT"></ref></property>
	</bean>
	<bean id="pro_get_bulk_upload_txn_dets_6" class="net.bcgi.util.db.ParamDef" scope="singleton">
		<property name="name"><value>planName</value></property>
		<property name="mapTo"><value>planName</value></property>
		<property name="type"><ref bean="java.sql.Types.VARCHAR"></ref></property>
		<property name="position"><value>6</value></property>
		<property name="parameterType"><ref bean="net.bcgi.util.db.ParamDef.OUT"></ref></property>
	</bean>
	<bean id="pro_get_bulk_upload_txn_dets_7" class="net.bcgi.util.db.ParamDef" scope="singleton">
		<property name="name"><value>acctType</value></property>
		<property name="mapTo"><value>acctType</value></property>
		<property name="type"><ref bean="java.sql.Types.VARCHAR"></ref></property>
		<property name="position"><value>7</value></property>
		<property name="parameterType"><ref bean="net.bcgi.util.db.ParamDef.OUT"></ref></property>
	</bean>
	<bean id="pro_get_bulk_upload_txn_dets_8" class="net.bcgi.util.db.ParamDef" scope="singleton">
		<property name="name"><value>donorId</value></property>
		<property name="mapTo"><value>donorId</value></property>
		<property name="type"><ref bean="java.sql.Types.VARCHAR"></ref></property>
		<property name="position"><value>8</value></property>
		<property name="parameterType"><ref bean="net.bcgi.util.db.ParamDef.OUT"></ref></property>
	</bean>
	<bean id="pro_get_bulk_upload_txn_dets_9" class="net.bcgi.util.db.ParamDef" scope="singleton">
		<property name="name"><value>recipientId</value></property>
		<property name="mapTo"><value>recipientId</value></property>
		<property name="type"><ref bean="java.sql.Types.VARCHAR"></ref></property>
		<property name="position"><value>9</value></property>
		<property name="parameterType"><ref bean="net.bcgi.util.db.ParamDef.OUT"></ref></property>
	</bean>
	
	<bean id="pro_get_bulk_upload_txn_dets_10" class="net.bcgi.util.db.ParamDef" scope="singleton">
		<property name="name"><value>fax</value></property>
		<property name="mapTo"><value>fax</value></property>
		<property name="type"><ref bean="java.sql.Types.BIGINT"></ref></property>
		<property name="position"><value>10</value></property>
		<property name="parameterType"><ref bean="net.bcgi.util.db.ParamDef.OUT"></ref></property>
	</bean>
	<bean id="pro_get_bulk_upload_txn_dets_11" class="net.bcgi.util.db.ParamDef" scope="singleton">
		<property name="name"><value>contactNumber</value></property>
		<property name="mapTo"><value>contactNumber</value></property>
		<property name="type"><ref bean="java.sql.Types.BIGINT"></ref></property>
		<property name="position"><value>11</value></property>
		<property name="parameterType"><ref bean="net.bcgi.util.db.ParamDef.OUT"></ref></property>
	</bean>
	<bean id="pro_get_bulk_upload_txn_dets_12" class="net.bcgi.util.db.ParamDef" scope="singleton">
		<property name="name"><value>email</value></property>
		<property name="mapTo"><value>email</value></property>
		<property name="type"><ref bean="java.sql.Types.VARCHAR"></ref></property>
		<property name="position"><value>12</value></property>
		<property name="parameterType"><ref bean="net.bcgi.util.db.ParamDef.OUT"></ref></property>
	</bean>
	<bean id="pro_get_bulk_upload_txn_dets_13" class="net.bcgi.util.db.ParamDef" scope="singleton">
		<property name="name"><value>natureOfBussiness</value></property>
		<property name="mapTo"><value>natureOfBussiness</value></property>
		<property name="type"><ref bean="java.sql.Types.BIGINT"></ref></property>
		<property name="position"><value>13</value></property>
		<property name="parameterType"><ref bean="net.bcgi.util.db.ParamDef.OUT"></ref></property>
	</bean>
	<bean id="pro_get_bulk_upload_txn_dets_14" class="net.bcgi.util.db.ParamDef" scope="singleton">
		<property name="name"><value>nationality</value></property>
		<property name="mapTo"><value>nationality</value></property>
		<property name="type"><ref bean="java.sql.Types.BIGINT"></ref></property>
		<property name="position"><value>14</value></property>
		<property name="parameterType"><ref bean="net.bcgi.util.db.ParamDef.OUT"></ref></property>
	</bean>
	<bean id="pro_get_bulk_upload_txn_dets_15" class="net.bcgi.util.db.ParamDef" scope="singleton">
		<property name="name"><value>addr1</value></property>
		<property name="mapTo"><value>addr1</value></property>
		<property name="type"><ref bean="java.sql.Types.VARCHAR"></ref></property>
		<property name="position"><value>15</value></property>
		<property name="parameterType"><ref bean="net.bcgi.util.db.ParamDef.OUT"></ref></property>
	</bean>
	<bean id="pro_get_bulk_upload_txn_dets_16" class="net.bcgi.util.db.ParamDef" scope="singleton">
		<property name="name"><value>city</value></property>
		<property name="mapTo"><value>city</value></property>
		<property name="type"><ref bean="java.sql.Types.VARCHAR"></ref></property>
		<property name="position"><value>16</value></property>
		<property name="parameterType"><ref bean="net.bcgi.util.db.ParamDef.OUT"></ref></property>
	</bean>
	<bean id="pro_get_bulk_upload_txn_dets_17" class="net.bcgi.util.db.ParamDef" scope="singleton">
		<property name="name"><value>stateCode</value></property>
		<property name="mapTo"><value>stateCode</value></property>
		<property name="type"><ref bean="java.sql.Types.VARCHAR"></ref></property>
		<property name="position"><value>17</value></property>
		<property name="parameterType"><ref bean="net.bcgi.util.db.ParamDef.OUT"></ref></property>
	</bean>
	<bean id="pro_get_bulk_upload_txn_dets_18" class="net.bcgi.util.db.ParamDef" scope="singleton">
		<property name="name"><value>postCode</value></property>
		<property name="mapTo"><value>postCode</value></property>
		<property name="type"><ref bean="java.sql.Types.VARCHAR"></ref></property>
		<property name="position"><value>18</value></property>
		<property name="parameterType"><ref bean="net.bcgi.util.db.ParamDef.OUT"></ref></property>
	</bean>
	
	<bean id="pro_get_bulk_upload_txn_dets_19" class="net.bcgi.util.db.ParamDef" scope="singleton">
		<property name="name"><value>uploadBy</value></property>
		<property name="mapTo"><value>uploadBy</value></property>
		<property name="type"><ref bean="java.sql.Types.VARCHAR"></ref></property>
		<property name="position"><value>19</value></property>
		<property name="parameterType"><ref bean="net.bcgi.util.db.ParamDef.OUT"></ref></property>
	</bean>
	<bean id="pro_get_bulk_upload_txn_dets_20" class="net.bcgi.util.db.ParamDef" scope="singleton">
		<property name="name"><value>txCreationDate</value></property>
		<property name="mapTo"><value>txCreationDate</value></property>
		<property name="type"><ref bean="java.sql.Types.VARCHAR"></ref></property>
		<property name="position"><value>20</value></property>
		<property name="parameterType"><ref bean="net.bcgi.util.db.ParamDef.OUT"></ref></property>
	</bean>
	
	<bean id="pro_get_bulk_upload_txn_dets_21" class="net.bcgi.util.db.ParamDef" scope="singleton">
		<property name="name"><value>userType</value></property>
		<property name="mapTo"><value>userType</value></property>
		<property name="type"><ref bean="java.sql.Types.VARCHAR"></ref></property>
		<property name="position"><value>21</value></property>
		<property name="parameterType"><ref bean="net.bcgi.util.db.ParamDef.OUT"></ref></property>
	</bean>
	
	<bean id="pro_get_bulk_upload_txn_dets_22" class="net.bcgi.util.db.ParamDef" scope="singleton">
		<property name="name"><value>txUpdatedDate</value></property>
		<property name="mapTo"><value>txUpdatedDate</value></property>
		<property name="type"><ref bean="java.sql.Types.VARCHAR"></ref></property>
		<property name="position"><value>22</value></property>
		<property name="parameterType"><ref bean="net.bcgi.util.db.ParamDef.OUT"></ref></property>
	</bean>
	
	<bean id="pro_get_bulk_upload_txn_dets_23" class="net.bcgi.util.db.ParamDef" scope="singleton">
		<property name="name"><value>officeCode</value></property>
		<property name="mapTo"><value>officeCode</value></property>
		<property name="type"><ref bean="java.sql.Types.BIGINT"></ref></property>
		<property name="position"><value>23</value></property>
		<property name="parameterType"><ref bean="net.bcgi.util.db.ParamDef.OUT"></ref></property>
	</bean>
	
	<bean id="pro_get_bulk_upload_txn_dets_24" class="net.bcgi.util.db.ParamDef" scope="singleton">
		<property name="name"><value>po_error_code</value></property>
		<property name="mapTo"><value>po_error_code</value></property>
		<property name="type"><ref bean="java.sql.Types.BIGINT"></ref></property>
		<property name="position"><value>24</value></property>
		<property name="parameterType"><ref bean="net.bcgi.util.db.ParamDef.OUT"></ref></property>
	</bean>
</beans>