<!--
	Requirement: REQ1208# TT: MNP functionality changes for corporate GUI 
	Usage	   : upload bulk port in msisdns
	Author	   : Phani.Chavala
	Date	   : 2nd Aug, 2012		 
-->
<!DOCTYPE beans PUBLIC "-//SPRING//DTD BEAN//EN" "http://www.springframework.org/dtd/spring-beans.dtd">
<beans>
	<bean id="pro_bulk_portin_msisdn_upload" class="net.bcgi.util.db.SPDefinition" scope="prototype">
	<property name="name"><value>pkg_bulk_portin_msisdn_upload.pro_bulk_portin_msisdn_upload</value></property>
	<property name="returnsResult"><value>false</value></property>
	<property name="parameters">
		<list> <!--  parameter list -->
			<ref bean="pro_bulk_portin_msisdn_upload_1"></ref>
			<ref bean="pro_bulk_portin_msisdn_upload_2"></ref>
			<ref bean="pro_bulk_portin_msisdn_upload_3"></ref>
			<ref bean="pro_bulk_portin_msisdn_upload_4"></ref>
			<ref bean="pro_bulk_portin_msisdn_upload_5"></ref>
			<ref bean="pro_bulk_portin_msisdn_upload_6"></ref>
			<ref bean="pro_bulk_portin_msisdn_upload_7"></ref>
			<ref bean="pro_bulk_portin_msisdn_upload_8"></ref>
			<ref bean="pro_bulk_portin_msisdn_upload_9"></ref>
			<ref bean="pro_bulk_portin_msisdn_upload_10"></ref>
			<ref bean="pro_bulk_portin_msisdn_upload_11"></ref>
			<ref bean="pro_bulk_portin_msisdn_upload_12"></ref>
			<ref bean="pro_bulk_portin_msisdn_upload_13"></ref>
			<ref bean="pro_bulk_portin_msisdn_upload_14"></ref>
			<ref bean="pro_bulk_portin_msisdn_upload_15"></ref>
			<ref bean="pro_bulk_portin_msisdn_upload_16"></ref>
			<ref bean="pro_bulk_portin_msisdn_upload_17"></ref>
			<ref bean="pro_bulk_portin_msisdn_upload_18"></ref>
			<ref bean="pro_bulk_portin_msisdn_upload_19"></ref>
			<ref bean="pro_bulk_portin_msisdn_upload_20"></ref>
			<ref bean="pro_bulk_portin_msisdn_upload_21"></ref>
			<ref bean="pro_bulk_portin_msisdn_upload_22"></ref>
			<ref bean="pro_bulk_portin_msisdn_upload_23"></ref>
			<ref bean="pro_bulk_portin_msisdn_upload_24"></ref>
			<ref bean="pro_bulk_portin_msisdn_upload_25"></ref>
		</list>
	</property>
	</bean>
	
	<bean id="pro_bulk_portin_msisdn_upload_1" class="net.bcgi.util.db.ParamDef" scope="singleton">
		<property name="name"><value>pi_network_id</value></property>
		<property name="mapTo"><value>pi_network_id</value></property>
		<property name="type"><ref bean="java.sql.Types.BIGINT"></ref></property>
		<property name="position"><value>1</value></property>
		<property name="parameterType"><ref bean="net.bcgi.util.db.ParamDef.IN"></ref></property>
	</bean>
	<bean id="pro_bulk_portin_msisdn_upload_2" class="net.bcgi.util.db.ParamDef" scope="singleton">
		<property name="name"><value>pi_msisdn</value></property>
		<property name="mapTo"><value>pi_msisdns</value></property>
		<property name="type"><ref bean="java.sql.Types.ARRAY"></ref></property>
		<property name="arrayName"><value>ARR_NUMB</value></property>
		<property name="position"><value>2</value></property>
		<property name="parameterType"><ref bean="net.bcgi.util.db.ParamDef.IN"></ref></property>
	</bean>
	<bean id="pro_bulk_portin_msisdn_upload_3" class="net.bcgi.util.db.ParamDef" scope="singleton">
		<property name="name"><value>pi_sim</value></property>
		<property name="mapTo"><value>pi_sims</value></property>
		<property name="type"><ref bean="java.sql.Types.ARRAY"></ref></property>
		<property name="arrayName"><value>ARR_VARCHAR</value></property>
		<property name="position"><value>3</value></property>
		<property name="parameterType"><ref bean="net.bcgi.util.db.ParamDef.IN"></ref></property>
	</bean>
	<bean id="pro_bulk_portin_msisdn_upload_4" class="net.bcgi.util.db.ParamDef" scope="singleton">
		<property name="name"><value>pi_id_type</value></property>
		<property name="mapTo"><value>pi_id_types</value></property>
		<property name="type"><ref bean="java.sql.Types.ARRAY"></ref></property>
		<property name="arrayName"><value>ARR_VARCHAR</value></property>
		<property name="position"><value>4</value></property>
		<property name="parameterType"><ref bean="net.bcgi.util.db.ParamDef.IN"></ref></property>
	</bean>	
	<bean id="pro_bulk_portin_msisdn_upload_5" class="net.bcgi.util.db.ParamDef" scope="singleton">
		<property name="name"><value>pi_id_value</value></property>
		<property name="mapTo"><value>pi_id_nos</value></property>
		<property name="type"><ref bean="java.sql.Types.ARRAY"></ref></property>
		<property name="arrayName"><value>ARR_VARCHAR</value></property>
		<property name="position"><value>5</value></property>
		<property name="parameterType"><ref bean="net.bcgi.util.db.ParamDef.IN"></ref></property>
	</bean>	
	<bean id="pro_bulk_portin_msisdn_upload_6" class="net.bcgi.util.db.ParamDef" scope="singleton">
		<property name="name"><value>pi_brn</value></property>
		<property name="mapTo"><value>pi_business_reg_num</value></property>
		<property name="type"><ref bean="java.sql.Types.VARCHAR"></ref></property>
		<property name="position"><value>6</value></property>
		<property name="parameterType"><ref bean="net.bcgi.util.db.ParamDef.IN"></ref></property>
	</bean>
	<bean id="pro_bulk_portin_msisdn_upload_7" class="net.bcgi.util.db.ParamDef" scope="singleton">
		<property name="name"><value>pi_company_name</value></property>
		<property name="mapTo"><value>pi_company_name</value></property>
		<property name="type"><ref bean="java.sql.Types.VARCHAR"></ref></property>
		<property name="position"><value>7</value></property>
		<property name="parameterType"><ref bean="net.bcgi.util.db.ParamDef.IN"></ref></property>
	</bean>
	<bean id="pro_bulk_portin_msisdn_upload_8" class="net.bcgi.util.db.ParamDef" scope="singleton">
		<property name="name"><value>pi_plan_name</value></property>
		<property name="mapTo"><value>pi_plan_name</value></property>
		<property name="type"><ref bean="java.sql.Types.VARCHAR"></ref></property>
		<property name="position"><value>8</value></property>
		<property name="parameterType"><ref bean="net.bcgi.util.db.ParamDef.IN"></ref></property>
	</bean>
	<bean id="pro_bulk_portin_msisdn_upload_9" class="net.bcgi.util.db.ParamDef" scope="singleton">
		<property name="name"><value>pi_account_type</value></property>
		<property name="mapTo"><value>pi_account_type</value></property>
		<property name="type"><ref bean="java.sql.Types.VARCHAR"></ref></property>
		<property name="position"><value>9</value></property>
		<property name="parameterType"><ref bean="net.bcgi.util.db.ParamDef.IN"></ref></property>
	</bean>
	<bean id="pro_bulk_portin_msisdn_upload_10" class="net.bcgi.util.db.ParamDef" scope="singleton">
		<property name="name"><value>pi_donor_id</value></property>
		<property name="mapTo"><value>pi_donor_id</value></property>
		<property name="type"><ref bean="java.sql.Types.VARCHAR"></ref></property>
		<property name="position"><value>10</value></property>
		<property name="parameterType"><ref bean="net.bcgi.util.db.ParamDef.IN"></ref></property>
	</bean>
	<bean id="pro_bulk_portin_msisdn_upload_11" class="net.bcgi.util.db.ParamDef" scope="singleton">
		<property name="name"><value>pi_recipient_id</value></property>
		<property name="mapTo"><value>pi_recipient_id</value></property>
		<property name="type"><ref bean="java.sql.Types.VARCHAR"></ref></property>
		<property name="position"><value>11</value></property>
		<property name="parameterType"><ref bean="net.bcgi.util.db.ParamDef.IN"></ref></property>
	</bean>
	<bean id="pro_bulk_portin_msisdn_upload_12" class="net.bcgi.util.db.ParamDef" scope="singleton">
		<property name="name"><value>pi_fax</value></property>
		<property name="mapTo"><value>pi_fax</value></property>
		<property name="type"><ref bean="java.sql.Types.VARCHAR"></ref></property>
		<property name="position"><value>12</value></property>
		<property name="parameterType"><ref bean="net.bcgi.util.db.ParamDef.IN"></ref></property>
	</bean>
	<bean id="pro_bulk_portin_msisdn_upload_13" class="net.bcgi.util.db.ParamDef" scope="singleton">
		<property name="name"><value>pi_contact_number</value></property>
		<property name="mapTo"><value>pi_contact_number</value></property>
		<property name="type"><ref bean="java.sql.Types.VARCHAR"></ref></property>
		<property name="position"><value>13</value></property>
		<property name="parameterType"><ref bean="net.bcgi.util.db.ParamDef.IN"></ref></property>
	</bean>
	<bean id="pro_bulk_portin_msisdn_upload_14" class="net.bcgi.util.db.ParamDef" scope="singleton">
		<property name="name"><value>pi_email</value></property>
		<property name="mapTo"><value>pi_email</value></property>
		<property name="type"><ref bean="java.sql.Types.VARCHAR"></ref></property>
		<property name="position"><value>14</value></property>
		<property name="parameterType"><ref bean="net.bcgi.util.db.ParamDef.IN"></ref></property>
	</bean>
	<bean id="pro_bulk_portin_msisdn_upload_15" class="net.bcgi.util.db.ParamDef" scope="singleton">
		<property name="name"><value>pi_nature_of_bussiness</value></property>
		<property name="mapTo"><value>pi_nature_of_bussiness</value></property>
		<property name="type"><ref bean="java.sql.Types.VARCHAR"></ref></property>
		<property name="position"><value>15</value></property>
		<property name="parameterType"><ref bean="net.bcgi.util.db.ParamDef.IN"></ref></property>
	</bean>
	<bean id="pro_bulk_portin_msisdn_upload_16" class="net.bcgi.util.db.ParamDef" scope="singleton">
		<property name="name"><value>pi_nationality</value></property>
		<property name="mapTo"><value>pi_nationality</value></property>
		<property name="type"><ref bean="java.sql.Types.VARCHAR"></ref></property>
		<property name="position"><value>16</value></property>
		<property name="parameterType"><ref bean="net.bcgi.util.db.ParamDef.IN"></ref></property>
	</bean>
	<bean id="pro_bulk_portin_msisdn_upload_17" class="net.bcgi.util.db.ParamDef" scope="singleton">
		<property name="name"><value>pi_address</value></property>
		<property name="mapTo"><value>pi_address</value></property>
		<property name="type"><ref bean="java.sql.Types.VARCHAR"></ref></property>
		<property name="position"><value>17</value></property>
		<property name="parameterType"><ref bean="net.bcgi.util.db.ParamDef.IN"></ref></property>
	</bean>
	<bean id="pro_bulk_portin_msisdn_upload_18" class="net.bcgi.util.db.ParamDef" scope="singleton">
		<property name="name"><value>pi_city</value></property>
		<property name="mapTo"><value>pi_city</value></property>
		<property name="type"><ref bean="java.sql.Types.VARCHAR"></ref></property>
		<property name="position"><value>18</value></property>
		<property name="parameterType"><ref bean="net.bcgi.util.db.ParamDef.IN"></ref></property>
	</bean>
	<bean id="pro_bulk_portin_msisdn_upload_19" class="net.bcgi.util.db.ParamDef" scope="singleton">
		<property name="name"><value>pi_state_code</value></property>
		<property name="mapTo"><value>pi_state_code</value></property>
		<property name="type"><ref bean="java.sql.Types.VARCHAR"></ref></property>
		<property name="position"><value>19</value></property>
		<property name="parameterType"><ref bean="net.bcgi.util.db.ParamDef.IN"></ref></property>
	</bean>
	<bean id="pro_bulk_portin_msisdn_upload_20" class="net.bcgi.util.db.ParamDef" scope="singleton">
		<property name="name"><value>pi_post_code</value></property>
		<property name="mapTo"><value>pi_post_code</value></property>
		<property name="type"><ref bean="java.sql.Types.VARCHAR"></ref></property>
		<property name="position"><value>20</value></property>
		<property name="parameterType"><ref bean="net.bcgi.util.db.ParamDef.IN"></ref></property>
	</bean>
	
	<bean id="pro_bulk_portin_msisdn_upload_21" class="net.bcgi.util.db.ParamDef" scope="singleton">
		<property name="name"><value>pi_user_type</value></property>
		<property name="mapTo"><value>pi_user_type</value></property>
		<property name="type"><ref bean="java.sql.Types.VARCHAR"></ref></property>
		<property name="position"><value>21</value></property>
		<property name="parameterType"><ref bean="net.bcgi.util.db.ParamDef.IN"></ref></property>
	</bean>
	<bean id="pro_bulk_portin_msisdn_upload_22" class="net.bcgi.util.db.ParamDef" scope="singleton">
		<property name="name"><value>pi_user_id</value></property>
		<property name="mapTo"><value>pi_user_id</value></property>
		<property name="type"><ref bean="java.sql.Types.VARCHAR"></ref></property>
		<property name="position"><value>22</value></property>
		<property name="parameterType"><ref bean="net.bcgi.util.db.ParamDef.IN"></ref></property>
	</bean>	
	<bean id="pro_bulk_portin_msisdn_upload_23" class="net.bcgi.util.db.ParamDef" scope="singleton">
		<property name="name"><value>pi_office_code</value></property>
		<property name="mapTo"><value>pi_office_code</value></property>
		<property name="type"><ref bean="java.sql.Types.BIGINT"></ref></property>
		<property name="position"><value>23</value></property>
		<property name="parameterType"><ref bean="net.bcgi.util.db.ParamDef.IN"></ref></property>
	</bean>
	<bean id="pro_bulk_portin_msisdn_upload_24" class="net.bcgi.util.db.ParamDef" scope="singleton">
		<property name="name"><value>po_transaction_no</value></property>
		<property name="mapTo"><value>po_trans_number</value></property>
		<property name="type"><ref bean="java.sql.Types.VARCHAR"></ref></property>
		<property name="position"><value>24</value></property>
		<property name="parameterType"><ref bean="net.bcgi.util.db.ParamDef.OUT"></ref></property>
	</bean>
	<bean id="pro_bulk_portin_msisdn_upload_25" class="net.bcgi.util.db.ParamDef" scope="singleton">
		<property name="name"><value>po_error_code</value></property>
		<property name="mapTo"><value>po_error_code</value></property>
		<property name="type"><ref bean="java.sql.Types.BIGINT"></ref></property>
		<property name="position"><value>25</value></property>
		<property name="parameterType"><ref bean="net.bcgi.util.db.ParamDef.OUT"></ref></property>
	</bean>
</beans>