<!--
	Requirement: REQ1208# TT: MNP functionality changes for corporate GUI 
	Usage	   : upload bulk port in msisdns
	Author	   : Phani.Chavala
	Date	   : 2nd Aug, 2012		 
-->
<!DOCTYPE beans PUBLIC "-//SPRING//DTD BEAN//EN" "http://www.springframework.org/dtd/spring-beans.dtd">
<beans>
	<bean id="pro_bulk_pi_txn_status_update" class="net.bcgi.util.db.SPDefinition" scope="prototype">
	<property name="name"><value>pkg_bulk_portin_msisdn_upload.pro_bulk_pi_txn_status_update</value></property>
	<property name="returnsResult"><value>false</value></property>
	<property name="parameters">
		<list> <!--  parameter list -->
			<ref bean="pro_bulk_pi_txn_status_update_1"></ref>
			<ref bean="pro_bulk_pi_txn_status_update_2"></ref>
			<ref bean="pro_bulk_pi_txn_status_update_3"></ref>
			<ref bean="pro_bulk_pi_txn_status_update_4"></ref>	
			<ref bean="pro_bulk_pi_txn_status_update_5"></ref>
			<ref bean="pro_bulk_pi_txn_status_update_6"></ref>					
			<ref bean="pro_bulk_pi_txn_status_update_7"></ref>
			<ref bean="pro_bulk_pi_txn_status_update_8"></ref>	
			<ref bean="pro_bulk_pi_txn_status_update_9"></ref>
			<ref bean="pro_bulk_pi_txn_status_update_10"></ref>					
			<ref bean="pro_bulk_pi_txn_status_update_11"></ref>
		</list>
	</property>
	</bean>
	
	<bean id="pro_bulk_pi_txn_status_update_1" class="net.bcgi.util.db.ParamDef" scope="singleton">
		<property name="name"><value>pi_network_id</value></property>
		<property name="mapTo"><value>pi_network_id</value></property>
		<property name="type"><ref bean="java.sql.Types.BIGINT"></ref></property>
		<property name="position"><value>1</value></property>
		<property name="parameterType"><ref bean="net.bcgi.util.db.ParamDef.IN"></ref></property>
	</bean>
	<bean id="pro_bulk_pi_txn_status_update_2" class="net.bcgi.util.db.ParamDef" scope="singleton">
		<property name="name"><value>pi_user_id</value></property>
		<property name="mapTo"><value>pi_user_id</value></property>
		<property name="type"><ref bean="java.sql.Types.VARCHAR"></ref></property>
		<property name="position"><value>2</value></property>
		<property name="parameterType"><ref bean="net.bcgi.util.db.ParamDef.IN"></ref></property>
	</bean>	
	<bean id="pro_bulk_pi_txn_status_update_3" class="net.bcgi.util.db.ParamDef" scope="singleton">
		<property name="name"><value>txNumber</value></property>
		<property name="mapTo"><value>txNumber</value></property>
		<property name="type"><ref bean="java.sql.Types.VARCHAR"></ref></property>
		<property name="position"><value>3</value></property>
		<property name="parameterType"><ref bean="net.bcgi.util.db.ParamDef.IN"></ref></property>
	</bean>
	<bean id="pro_bulk_pi_txn_status_update_4" class="net.bcgi.util.db.ParamDef" scope="singleton">
		<property name="name"><value>txStatus</value></property>
		<property name="mapTo"><value>txStatus</value></property>
		<property name="type"><ref bean="java.sql.Types.VARCHAR"></ref></property>
		<property name="position"><value>4</value></property>
		<property name="parameterType"><ref bean="net.bcgi.util.db.ParamDef.IN"></ref></property>
	</bean>
	<bean id="pro_bulk_pi_txn_status_update_5" class="net.bcgi.util.db.ParamDef" scope="singleton">
		<property name="name"><value>txDescription</value></property>
		<property name="mapTo"><value>txDescription</value></property>
		<property name="type"><ref bean="java.sql.Types.VARCHAR"></ref></property>
		<property name="position"><value>5</value></property>
		<property name="parameterType"><ref bean="net.bcgi.util.db.ParamDef.IN"></ref></property>
	</bean>
	<bean id="pro_bulk_pi_txn_status_update_6" class="net.bcgi.util.db.ParamDef" scope="singleton">
		<property name="name"><value>portReqFormID</value></property>
		<property name="mapTo"><value>portReqFormID</value></property>
		<property name="type"><ref bean="java.sql.Types.VARCHAR"></ref></property>
		<property name="position"><value>6</value></property>
		<property name="parameterType"><ref bean="net.bcgi.util.db.ParamDef.IN"></ref></property>
	</bean>
	<bean id="pro_bulk_pi_txn_status_update_7" class="net.bcgi.util.db.ParamDef" scope="singleton">
		<property name="name"><value>sims</value></property>
		<property name="mapTo"><value>sims</value></property>
		<property name="type"><ref bean="java.sql.Types.ARRAY"></ref></property>
		<property name="arrayName"><value>ARR_VARCHAR</value></property>
		<property name="position"><value>7</value></property>
		<property name="parameterType"><ref bean="net.bcgi.util.db.ParamDef.IN"></ref></property>
	</bean>
	<bean id="pro_bulk_pi_txn_status_update_8" class="net.bcgi.util.db.ParamDef" scope="singleton">
		<property name="name"><value>msisdns</value></property>
		<property name="mapTo"><value>msisdns</value></property>
		<property name="type"><ref bean="java.sql.Types.ARRAY"></ref></property>
		<property name="arrayName"><value>ARR_VARCHAR</value></property>
		<property name="position"><value>8</value></property>
		<property name="parameterType"><ref bean="net.bcgi.util.db.ParamDef.IN"></ref></property>
	</bean>
	<bean id="pro_bulk_pi_txn_status_update_9" class="net.bcgi.util.db.ParamDef" scope="singleton">
		<property name="name"><value>simsStatus</value></property>
		<property name="mapTo"><value>simsStatus</value></property>
		<property name="type"><ref bean="java.sql.Types.ARRAY"></ref></property>
		<property name="arrayName"><value>ARR_VARCHAR</value></property>
		<property name="position"><value>9</value></property>
		<property name="parameterType"><ref bean="net.bcgi.util.db.ParamDef.IN"></ref></property>
	</bean>
	<bean id="pro_bulk_pi_txn_status_update_10" class="net.bcgi.util.db.ParamDef" scope="singleton">
		<property name="name"><value>remarks</value></property>
		<property name="mapTo"><value>remarks</value></property>
		<property name="type"><ref bean="java.sql.Types.ARRAY"></ref></property>
		<property name="arrayName"><value>ARR_VARCHAR</value></property>
		<property name="position"><value>10</value></property>
		<property name="parameterType"><ref bean="net.bcgi.util.db.ParamDef.IN"></ref></property>
	</bean>
	<bean id="pro_bulk_pi_txn_status_update_11" class="net.bcgi.util.db.ParamDef" scope="singleton">
		<property name="name"><value>po_error_code</value></property>
		<property name="mapTo"><value>po_error_code</value></property>
		<property name="type"><ref bean="java.sql.Types.BIGINT"></ref></property>
		<property name="position"><value>11</value></property>
		<property name="parameterType"><ref bean="net.bcgi.util.db.ParamDef.OUT"></ref></property>
	</bean>
</beans>