<!DOCTYPE beans PUBLIC "-//SPRING//DTD BEAN//EN" "http://www.springframework.org/dtd/spring-beans.dtd">
<beans>
	<bean id="pro_tariffrental_dtls_update" class="net.bcgi.util.db.SPDefinition" scope="prototype">
	<property name="name"><value>cs_pkg_rentals_v1.pro_tariffrental_dtls_update</value></property>
	<property name="returnsResult"><value>false</value></property>
	<property name="parameters">
		<list> <!--  parameter list -->
			<ref bean="pro_tariffrental_dtls_insert_1"></ref>
			<ref bean="pro_tariffrental_dtls_insert_2"></ref>	
			<ref bean="pro_tariffrental_dtls_insert_3"></ref>
			<ref bean="pro_tariffrental_dtls_insert_4"></ref>
			<ref bean="pro_tariffrental_dtls_insert_5"></ref>
			<ref bean="pro_tariffrental_dtls_insert_6"></ref>	
			<ref bean="pro_tariffrental_dtls_insert_7"></ref>
			<ref bean="pro_tariffrental_dtls_insert_8"></ref>
			<ref bean="pro_tariffrental_dtls_insert_9"></ref>
			<ref bean="pro_tariffrental_dtls_insert_10"></ref>
		</list>
	</property>
	</bean>	

	<bean id="pro_tariffrental_dtls_insert_1" class="net.bcgi.util.db.ParamDef" scope="singleton">
		<property name="name"><value>pi_network_id</value></property>
		<property name="mapTo"><value>pi_network_id</value></property>
		<property name="type"><ref bean="java.sql.Types.BIGINT"></ref></property>
		<property name="position"><value>1</value></property>
		<property name="parameterType"><ref bean="net.bcgi.util.db.ParamDef.IN"></ref></property>
	</bean>
	
	<bean id="pro_tariffrental_dtls_insert_2" class="net.bcgi.util.db.ParamDef" scope="singleton">
		<property name="name"><value>pi_reference_trans_id</value></property>
		<property name="mapTo"><value>pi_Reference_trans_id</value></property>
		<property name="type"><ref bean="java.sql.Types.VARCHAR"></ref></property>
		<property name="position"><value>2</value></property>
		<property name="parameterType"><ref bean="net.bcgi.util.db.ParamDef.IN"></ref></property>
	</bean>
	
	
	<bean id="pro_tariffrental_dtls_insert_3" class="net.bcgi.util.db.ParamDef" scope="singleton">
		<property name="name"><value>pi_payment_status</value></property>
		<property name="mapTo"><value>pi_payment_status</value></property>
		<property name="type"><ref bean="java.sql.Types.VARCHAR"></ref></property>
		<property name="position"><value>3</value></property>
		<property name="parameterType"><ref bean="net.bcgi.util.db.ParamDef.IN"></ref></property>
	</bean>
	<bean id="pro_tariffrental_dtls_insert_4" class="net.bcgi.util.db.ParamDef" scope="singleton">
		<property name="name"><value>pi_user_id</value></property>
		<property name="mapTo"><value>pi_user_id</value></property>
		<property name="type"><ref bean="java.sql.Types.VARCHAR"></ref></property>
		<property name="position"><value>4</value></property>
		<property name="parameterType"><ref bean="net.bcgi.util.db.ParamDef.IN"></ref></property>
	</bean>
	
	
	<bean id="pro_tariffrental_dtls_insert_5" class="net.bcgi.util.db.ParamDef" scope="singleton">
		<property name="name"><value>pi_response_code</value></property>
		<property name="mapTo"><value>pi_response_code</value></property>
		<property name="type"><ref bean="java.sql.Types.VARCHAR"></ref></property>
		<property name="position"><value>5</value></property>
		<property name="parameterType"><ref bean="net.bcgi.util.db.ParamDef.IN"></ref></property>
	</bean>
	
	<bean id="pro_tariffrental_dtls_insert_6" class="net.bcgi.util.db.ParamDef" scope="singleton">
		<property name="name"><value>pi_response_message</value></property>
		<property name="mapTo"><value>pi_response_message</value></property>
		<property name="type"><ref bean="java.sql.Types.VARCHAR"></ref></property>
		<property name="position"><value>6</value></property>
		<property name="parameterType"><ref bean="net.bcgi.util.db.ParamDef.IN"></ref></property>
	</bean>
	
	
	<bean id="pro_tariffrental_dtls_insert_7" class="net.bcgi.util.db.ParamDef" scope="singleton">
		<property name="name"><value>pi_external_transaction_id</value></property>
		<property name="mapTo"><value>pi_external_transaction_id</value></property>
		<property name="type"><ref bean="java.sql.Types.VARCHAR"></ref></property>
		<property name="position"><value>7</value></property>
		<property name="parameterType"><ref bean="net.bcgi.util.db.ParamDef.IN"></ref></property>
	</bean>
	
	
	
	
	<!-- MOdified Date 07/19/2017 for Changing Of Reneval Process -->
	<bean id="pro_tariffrental_dtls_insert_8" class="net.bcgi.util.db.ParamDef" scope="singleton">
		<property name="name"><value>pi_file_name</value></property>
		<property name="mapTo"><value>pi_file_name</value></property>
		<property name="type"><ref bean="java.sql.Types.VARCHAR"></ref></property>
		<property name="position"><value>8</value></property>
		<property name="parameterType"><ref bean="net.bcgi.util.db.ParamDef.IN"></ref></property>
	</bean>
	
	
	<bean id="pro_tariffrental_dtls_insert_9" class="net.bcgi.util.db.ParamDef" scope="singleton">
		<property name="name"><value>po_error_code</value></property>
		<property name="mapTo"><value>po_error_code</value></property>
		<property name="type"><ref bean="java.sql.Types.BIGINT"></ref></property>
		<property name="position"><value>9</value></property>
		<property name="parameterType"><ref bean="net.bcgi.util.db.ParamDef.OUT"></ref></property>
	</bean>
	
	<bean id="pro_tariffrental_dtls_insert_10" class="net.bcgi.util.db.ParamDef" scope="singleton">
		<property name="name"><value>po_error_desc</value></property>
		<property name="mapTo"><value>po_error_mesg</value></property>
		<property name="type"><ref bean="java.sql.Types.VARCHAR"></ref></property>
		<property name="position"><value>10</value></property>
		<property name="parameterType"><ref bean="net.bcgi.util.db.ParamDef.OUT"></ref></property>
	</bean>	
</beans>