<?xml version="1.0" encoding="UTF-8"?>

<!-- ====================================================================== -->
<!--                                                                        -->
<!-- XIUS-bcgi SMSC Agent            -->
<!--                                                                       -->
<!-- $Id: //depot/xb/MSP1.0/MSP-AWS/agents/iba/main/config/configxmls/proc-config/job/Renewal/pro_get_tariffrental_dtls.xml#1 $     -->
<!-- This file  will maps the SP input parameters to java fields. -->
<!-- $Author: shashidhar.p $  $DateTime: 2023/08/04 15:19:58 $ $Change: 224525 $      -->
<!-- ====================================================================== -->

<!DOCTYPE beans PUBLIC "-//SPRING//DTD BEAN//EN" "http://www.springframework.org/dtd/spring-beans.dtd">

<beans>
	<!-- start pro_get_account_notes -->
	
	<bean id="pro_get_tariffrental_dtls" class="net.bcgi.util.db.SPDefinition" scope="singleton">
		<property name="name"><value>CS_PKG_RENTALS_V1.pro_get_tariffrental_dtls</value></property>
		<property name="returnsResult"><value>false</value></property>
		<property name="parameters">
			<list>
				<ref bean="pro_get_tariffrental_dtls_param_1"></ref>
				<ref bean="pro_get_tariffrental_dtls_param_2"></ref>
				<ref bean="pro_get_tariffrental_dtls_param_3"></ref>
				<ref bean="pro_get_tariffrental_dtls_param_4"></ref>
				
			</list>
		</property>
		 <property name="refCursors">
			<map>
				<entry key="2">
					<ref bean="po_tariffrental_dtls"/>
				</entry>
				
			</map>
		</property> 
	</bean>
	
	 <bean id="po_tariffrental_dtls" class="net.bcgi.util.db.ResultSetDef" scope="prototype">
		<property name="resultSetParams">
			<list>
				<ref bean="po_tariffrental_dtls_param_1"></ref>
			
			</list>
		</property>
		<property name="className" value="com.xius.billing.agent.domaindata.renewal.job.RenewalCursorData"/>
	</bean>
	
		
	<bean id="po_tariffrental_dtls_param_1" class="net.bcgi.util.db.ResultSetParam" scope="singleton">
	  <property name="procedureColumnName"><value>rental_details</value></property>
	  <property name="mapTo"><value>rental_details</value></property>
	  <property name="columnType"><ref bean="java.sql.Types.VARCHAR"></ref></property>
	  <property name="position"><value>1</value></property>
	</bean>
	
	
		 
	<bean id="pro_get_tariffrental_dtls_param_1" class="net.bcgi.util.db.ParamDef" scope="singleton">
			<property name="name"><value>pi_network_id</value></property>
			<property name="mapTo"><value>pi_network_id</value></property>
			<property name="type"><ref bean="java.sql.Types.BIGINT"></ref></property>
			<property name="position"><value>1</value></property>
			<property name="parameterType"><ref bean="net.bcgi.util.db.ParamDef.IN"></ref></property>
	</bean>
	
	
	<bean id="pro_get_tariffrental_dtls_param_2" class="net.bcgi.util.db.ParamDef" scope="singleton">
			<property name="name"><value>po_tariffrental_dtls</value></property>
			<property name="mapTo"><value>po_tariffrental_dtls</value></property>
        <property name="type"><ref bean="oracle.jdbc.driver.OracleTypes.CURSOR"></ref></property>
			<property name="position"><value>2</value></property>
			<property name="parameterType"><ref bean="net.bcgi.util.db.ParamDef.OUT"></ref></property>
	</bean>
	
	<bean id="pro_get_tariffrental_dtls_param_3" class="net.bcgi.util.db.ParamDef" scope="singleton">
			<property name="name"><value>po_error_code</value></property>
			<property name="mapTo"><value>po_error_code</value></property>
			<property name="type"><ref bean="java.sql.Types.BIGINT"></ref></property>
			<property name="position"><value>3</value></property>
			<property name="parameterType"><ref bean="net.bcgi.util.db.ParamDef.OUT"></ref></property>
	</bean>
	<bean id="pro_get_tariffrental_dtls_param_4" class="net.bcgi.util.db.ParamDef" scope="singleton">
			<property name="name"><value>po_error_desc</value></property>
			<property name="mapTo"><value>po_error_mesg</value></property>
			<property name="type"><ref bean="java.sql.Types.VARCHAR"></ref></property>
			<property name="position"><value>4</value></property>
			<property name="parameterType"><ref bean="net.bcgi.util.db.ParamDef.OUT"></ref></property>
	</bean>
	
 </beans>