<!DOCTYPE beans PUBLIC "-//SPRING//DTD BEAN//EN" "http://www.springframework.org/dtd/spring-beans.dtd">
<beans>
	<bean id="pro_get_subuser_privilages" class="net.bcgi.util.db.SPDefinition"
		scope="prototype">
		<property name="name"><value>pkg_corp_ums_admin.pro_get_subuser_privilages</value></property>
		<property name="returnsResult"><value>false</value></property>
		<property name="parameters">
			<list> <!--  parameter list -->
				<ref bean="pro_get_subuser_privilages_param_1"></ref>
				<ref bean="pro_get_subuser_privilages_param_2"></ref>
				<ref bean="pro_get_subuser_privilages_param_3"></ref>
				<ref bean="pro_get_subuser_privilages_param_4"></ref>
				<ref bean="pro_get_subuser_privilages_param_5"></ref>
							</list>
		</property>
		<property name="refCursors">
			<map>
			
				<entry key="3">
					<ref bean="po_user_privlage_dtls" />
				</entry>
			</map>
		</property>
	</bean>
	<bean id="po_user_privlage_dtls" class="net.bcgi.util.db.ResultSetDef"
		scope="singleton">
		<property name="resultSetParams">
			<list>
				<ref bean="pro_get_subuser_privilagess_ref_cursor_param_1"></ref>
				<ref bean="pro_get_subuser_privilagess_ref_cursor_param_2"></ref>
				<ref bean="pro_get_subuser_privilagess_ref_cursor_param_3"></ref>
			    <ref bean="pro_get_subuser_privilagess_ref_cursor_param_4"></ref>
			</list>
		</property>
			<property name="className" value="com.xius.billing.agent.domaindata.impl.nwrolesimpl.GetSubUserPrivilagesCursorData" />
		</bean>
	
	<bean id="pro_get_subuser_privilagess_ref_cursor_param_1" class="net.bcgi.util.db.ResultSetParam" scope="singleton">
		<property name="procedureColumnName"><value>privilege_id</value></property>
		<property name="mapTo"><value>privilege_id</value></property>
		<property name="columnType"><ref bean="java.sql.Types.VARCHAR"></ref></property>
		<property name="position"><value>1</value></property>
	</bean>
	<bean id="pro_get_subuser_privilagess_ref_cursor_param_2" class="net.bcgi.util.db.ResultSetParam" scope="singleton">
		<property name="procedureColumnName"><value>privilege_name</value></property>
		<property name="mapTo"><value>privilege_name</value></property>
		<property name="columnType"><ref bean="java.sql.Types.VARCHAR"></ref></property>
		<property name="position"><value>2</value></property>
	</bean>
	<bean id="pro_get_subuser_privilagess_ref_cursor_param_3" class="net.bcgi.util.db.ResultSetParam" scope="singleton">
		<property name="procedureColumnName"><value>privilege_desc</value></property>
		<property name="mapTo"><value>privilege_desc</value></property>
		<property name="columnType"><ref bean="java.sql.Types.VARCHAR"></ref></property>
		<property name="position"><value>3</value></property>
	</bean>
	
	         <bean id="pro_get_subuser_privilagess_ref_cursor_param_4" class="net.bcgi.util.db.ResultSetParam" scope="singleton">
		<property name="procedureColumnName"><value>module_id</value></property>
		<property name="mapTo"><value>module_id</value></property>
		<property name="columnType"><ref bean="java.sql.Types.VARCHAR"></ref></property>
		<property name="position"><value>4</value></property>
	</bean>
	
	<bean id="pro_get_subuser_privilages_param_1" class="net.bcgi.util.db.ParamDef" scope="singleton">
		<property name="name"><value>pi_network_id</value></property>
		<property name="mapTo"><value>pi_network_id</value></property>
		<property name="type"><ref bean="java.sql.Types.BIGINT"></ref></property>
		<property name="position"><value>1</value></property>
		<property name="parameterType"><ref bean="net.bcgi.util.db.ParamDef.IN"></ref></property>
	</bean>
	<bean id="pro_get_subuser_privilages_param_2" class="net.bcgi.util.db.ParamDef" scope="singleton">
		<property name="name"><value>pi_user_id</value></property>
		<property name="mapTo"><value>LoginId</value></property>
		<property name="type"><ref bean="java.sql.Types.VARCHAR"></ref></property>
		<property name="position"><value>2</value></property>
		<property name="parameterType"><ref bean="net.bcgi.util.db.ParamDef.IN"></ref></property>
	</bean>

	<bean id="pro_get_subuser_privilages_param_3" class="net.bcgi.util.db.ParamDef" scope="singleton">
		<property name="name"><value>po_user_privlage_dtls</value></property>
		<property name="mapTo"><value>po_user_privlage_dtls</value></property>
		<property name="type"><ref bean="oracle.jdbc.driver.OracleTypes.CURSOR"></ref></property>
		<property name="position"><value>3</value></property>
		<property name="parameterType"><ref bean="net.bcgi.util.db.ParamDef.OUT"></ref></property>
	</bean>
	<bean id="pro_get_subuser_privilages_param_4" class="net.bcgi.util.db.ParamDef" scope="singleton">
		<property name="name"><value>po_error_code</value></property>
		<property name="mapTo"><value>po_error_code</value></property>
		<property name="type"><ref bean="java.sql.Types.BIGINT"></ref></property>
		<property name="position"><value>4</value></property>
		<property name="parameterType"><ref bean="net.bcgi.util.db.ParamDef.OUT"></ref></property>
	</bean>
	<bean id="pro_get_subuser_privilages_param_5" class="net.bcgi.util.db.ParamDef" scope="singleton">
		<property name="name"><value>po_error_desc</value></property>
		<property name="mapTo"><value>po_error_mesg</value></property>
		<property name="type"><ref bean="java.sql.Types.VARCHAR"></ref></property>
		<property name="position"><value>5</value></property>
		<property name="parameterType"><ref bean="net.bcgi.util.db.ParamDef.OUT"></ref></property>
	</bean>
</beans>