<!DOCTYPE beans PUBLIC "-//SPRING//DTD BEAN//EN" "http://www.springframework.org/dtd/spring-beans.dtd">
<beans>
	<bean id="pro_get_office_users" class="net.bcgi.util.db.SPDefinition"
		scope="prototype">
		<property name="name"><value>pkg_corp_ums_admin.pro_get_office_users</value></property>
		<property name="returnsResult"><value>false</value></property>
		<property name="parameters">
			<list> <!--  parameter list -->
				<ref bean="pro_get_office_users_param_1"></ref>
				<ref bean="pro_get_office_users_param_2"></ref>
				<ref bean="pro_get_office_users_param_3"></ref>
				<ref bean="pro_get_office_users_param_4"></ref>
				<ref bean="pro_get_office_users_param_5"></ref>
			</list>
		</property>
		<property name="refCursors">
			<map>
				<entry key="3">
					<ref bean="po_user_dtls" />
				</entry>
			</map>
		</property>
	</bean>
	
	
	<bean id="po_user_dtls" class="net.bcgi.util.db.ResultSetDef"
		scope="singleton">
		<property name="resultSetParams">
			<list>
				<ref bean="po_user_dtls_ref_cursor_param_1"></ref>
				<ref bean="po_user_dtls_ref_cursor_param_2"></ref>
				<ref bean="po_user_dtls_ref_cursor_param_3"></ref>
				<ref bean="po_user_dtls_ref_cursor_param_4"></ref>
				<ref bean="po_user_dtls_ref_cursor_param_5"></ref>
				<ref bean="po_user_dtls_ref_cursor_param_6"></ref>
			</list>
		</property>
			<property name="className" value="com.xius.billing.agent.domaindata.impl.nwrolesimpl.getUserCursorData" />
		</bean>
	<bean id="po_user_dtls_ref_cursor_param_1" class="net.bcgi.util.db.ResultSetParam" scope="singleton">
		<property name="procedureColumnName"><value>login</value></property>
		<property name="mapTo"><value>login</value></property>
		<property name="columnType"><ref bean="java.sql.Types.VARCHAR"></ref></property>
		<property name="position"><value>1</value></property>
	</bean>
	<bean id="po_user_dtls_ref_cursor_param_2" class="net.bcgi.util.db.ResultSetParam" scope="singleton">
		<property name="procedureColumnName"><value>NAME</value></property>
		<property name="mapTo"><value>name</value></property>
		<property name="columnType"><ref bean="java.sql.Types.VARCHAR"></ref></property>
		<property name="position"><value>2</value></property>
	</bean>
	<bean id="po_user_dtls_ref_cursor_param_3" class="net.bcgi.util.db.ResultSetParam" scope="singleton">
		<property name="procedureColumnName"><value>status</value></property>
		<property name="mapTo"><value>status</value></property>
		<property name="columnType"><ref bean="java.sql.Types.VARCHAR"></ref></property>
		<property name="position"><value>3</value></property>
	</bean>
	<bean id="po_user_dtls_ref_cursor_param_4" class="net.bcgi.util.db.ResultSetParam" scope="singleton">
		<property name="procedureColumnName"><value>manager</value></property>
		<property name="mapTo"><value>manager</value></property>
		<property name="columnType"><ref bean="java.sql.Types.VARCHAR"></ref></property>
		<property name="position"><value>4</value></property>
	</bean>
	<bean id="po_user_dtls_ref_cursor_param_5" class="net.bcgi.util.db.ResultSetParam" scope="singleton">
		<property name="procedureColumnName"><value>keystr</value></property>
		<property name="mapTo"><value>keystr</value></property>
		<property name="columnType"><ref bean="java.sql.Types.VARCHAR"></ref></property>
		<property name="position"><value>5</value></property>
	</bean>
	<bean id="po_user_dtls_ref_cursor_param_6" class="net.bcgi.util.db.ResultSetParam" scope="singleton">
		<property name="procedureColumnName"><value>office_name</value></property>
		<property name="mapTo"><value>office_name</value></property>
		<property name="columnType"><ref bean="java.sql.Types.VARCHAR"></ref></property>
		<property name="position"><value>6</value></property>
	</bean>
	
	<bean id="pro_get_office_users_param_1" class="net.bcgi.util.db.ParamDef" scope="singleton">
		<property name="name"><value>pi_network_id</value></property>
		<property name="mapTo"><value>pi_network_id</value></property>
		<property name="type"><ref bean="java.sql.Types.VARCHAR"></ref></property>
		<property name="position"><value>1</value></property>
		<property name="parameterType"><ref bean="net.bcgi.util.db.ParamDef.IN"></ref></property>
	</bean>
	
	<bean id="pro_get_office_users_param_2" class="net.bcgi.util.db.ParamDef" scope="singleton">
		<property name="name"><value>pi_office_code</value></property>
		<property name="mapTo"><value>pi_office_code</value></property>
			<property name="type"><ref bean="java.sql.Types.BIGINT"></ref></property>
		<property name="position"><value>2</value></property>
		
		<property name="parameterType"><ref bean="net.bcgi.util.db.ParamDef.IN"></ref></property>
	</bean>
	
	
	
	<bean id="pro_get_office_users_param_3" class="net.bcgi.util.db.ParamDef" scope="singleton">
		<property name="name"><value>po_user_dtls</value></property>
		<property name="mapTo"><value>cursor</value></property>
		<property name="type"><ref bean="oracle.jdbc.driver.OracleTypes.CURSOR"></ref></property>
		<property name="position"><value>3</value></property>
		<property name="parameterType"><ref bean="net.bcgi.util.db.ParamDef.OUT"></ref></property>
	</bean>
	<bean id="pro_get_office_users_param_4" class="net.bcgi.util.db.ParamDef" scope="singleton">
		<property name="name"><value>po_error_code</value></property>
		<property name="mapTo"><value>po_error_code</value></property>
		<property name="type"><ref bean="java.sql.Types.BIGINT"></ref></property>
		<property name="position"><value>4</value></property>
		<property name="parameterType"><ref bean="net.bcgi.util.db.ParamDef.OUT"></ref></property>
	</bean>
	<bean id="pro_get_office_users_param_5" class="net.bcgi.util.db.ParamDef" scope="singleton">
		<property name="name"><value>po_error_desc</value></property>
		<property name="mapTo"><value>po_error_mesg</value></property>
		<property name="type"><ref bean="java.sql.Types.VARCHAR"></ref></property>
		<property name="position"><value>5</value></property>
		<property name="parameterType"><ref bean="net.bcgi.util.db.ParamDef.OUT"></ref></property>
	</bean>
</beans>