<!DOCTYPE beans PUBLIC "-//SPRING//DTD BEAN//EN" "http://www.springframework.org/dtd/spring-beans.dtd">
<beans>
	<bean id="pro_get_sel_priviliges_info" class="net.bcgi.util.db.SPDefinition"
		scope="prototype">
		<property name="name"><value>pkg_corp_ums_admin.pro_get_role_privilige_info</value></property>
		<property name="returnsResult"><value>false</value></property>
		<property name="parameters">
			<list> <!--  parameter list -->
				<ref bean="pro_get_sel_priviliges_detail_param_1"></ref>
				<ref bean="pro_get_sel_priviliges_detail_param_2"></ref>
				<ref bean="pro_get_sel_priviliges_detail_param_3"></ref>
				<ref bean="pro_get_sel_priviliges_detail_param_4"></ref>
			</list>
		</property>
		<property name="refCursors">
			<map>
				<entry key="2">
					<ref bean="po_role_privilige_info" />
				</entry>
			</map>
		</property>
	</bean>
	<bean id="po_role_privilige_info" class="net.bcgi.util.db.ResultSetDef"
		scope="singleton">
		<property name="resultSetParams">
			<list>
				<ref bean="pro_get_sel_priviliges_details_ref_cursor_param_1"></ref>
				<ref bean="pro_get_sel_priviliges_details_ref_cursor_param_2"></ref>
				<ref bean="pro_get_sel_priviliges_details_ref_cursor_param_3"></ref>
				<ref bean="pro_get_sel_priviliges_details_ref_cursor_param_4"></ref>
			</list>
		</property>
			<property name="className" value="com.xius.billing.agent.domaindata.impl.nwrolesimpl.GetSelPrivilegesRefCursorData" />
		</bean>
	<bean id="pro_get_sel_priviliges_details_ref_cursor_param_1" class="net.bcgi.util.db.ResultSetParam" scope="singleton">
		<property name="procedureColumnName"><value>role_id</value></property>
		<property name="mapTo"><value>roleId</value></property>
		<property name="columnType"><ref bean="java.sql.Types.VARCHAR"></ref></property>
		<property name="position"><value>1</value></property>
	</bean>
	<bean id="pro_get_sel_priviliges_details_ref_cursor_param_2" class="net.bcgi.util.db.ResultSetParam" scope="singleton">
		<property name="procedureColumnName"><value>privilege_id</value></property>
		<property name="mapTo"><value>privId</value></property>
		<property name="columnType"><ref bean="java.sql.Types.VARCHAR"></ref></property>
		<property name="position"><value>2</value></property>
	</bean>
	
	<bean id="pro_get_sel_priviliges_details_ref_cursor_param_3" class="net.bcgi.util.db.ResultSetParam" scope="singleton">
		<property name="procedureColumnName"><value>role_name</value></property>
		<property name="mapTo"><value>role_name</value></property>
		<property name="columnType"><ref bean="java.sql.Types.VARCHAR"></ref></property>
		<property name="position"><value>3</value></property>
	</bean>

	
	<bean id="pro_get_sel_priviliges_details_ref_cursor_param_4" class="net.bcgi.util.db.ResultSetParam" scope="singleton">
		<property name="procedureColumnName"><value>privilege_name</value></property>
		<property name="mapTo"><value>privilege_name</value></property>
		<property name="columnType"><ref bean="java.sql.Types.VARCHAR"></ref></property>
		<property name="position"><value>4</value></property>
	</bean>
	
	
	<bean id="pro_get_sel_priviliges_detail_param_1" class="net.bcgi.util.db.ParamDef" scope="singleton">
		<property name="name"><value>pi_role_id</value></property>
		<property name="mapTo"><value>pi_roleId</value></property>
		<property name="type"><ref bean="java.sql.Types.VARCHAR"></ref></property>
		<property name="position"><value>1</value></property>
		<property name="parameterType"><ref bean="net.bcgi.util.db.ParamDef.IN"></ref></property>
	</bean>
	
	<bean id="pro_get_sel_priviliges_detail_param_2" class="net.bcgi.util.db.ParamDef" scope="singleton">
		<property name="name"><value>po_role_privilige_info</value></property>
		<property name="mapTo"><value>cursor</value></property>
		<property name="type"><ref bean="oracle.jdbc.driver.OracleTypes.CURSOR"></ref></property>
		<property name="position"><value>2</value></property>
		<property name="parameterType"><ref bean="net.bcgi.util.db.ParamDef.OUT"></ref></property>
	</bean>
	<bean id="pro_get_sel_priviliges_detail_param_3" class="net.bcgi.util.db.ParamDef" scope="singleton">
		<property name="name"><value>po_error_code</value></property>
		<property name="mapTo"><value>po_error_code</value></property>
		<property name="type"><ref bean="java.sql.Types.BIGINT"></ref></property>
		<property name="position"><value>3</value></property>
		<property name="parameterType"><ref bean="net.bcgi.util.db.ParamDef.OUT"></ref></property>
	</bean>
	<bean id="pro_get_sel_priviliges_detail_param_4" class="net.bcgi.util.db.ParamDef" scope="singleton">
		<property name="name"><value>po_error_desc</value></property>
		<property name="mapTo"><value>po_error_mesg</value></property>
		<property name="type"><ref bean="java.sql.Types.VARCHAR"></ref></property>
		<property name="position"><value>4</value></property>
		<property name="parameterType"><ref bean="net.bcgi.util.db.ParamDef.OUT"></ref></property>
	</bean>
</beans>