<!-- ====================================================================== -->
<!--                                                                        -->
<!-- XIUS infinet billing Agent -->
<!--                                                                        -->
<!-- $Id: //depot/xb/MSP1.0/MSP-AWS/agents/iba/main/config/configxmls/proc-config/officebalance/pro_get_office_balance_api.xml#1 $     -->
<!-- This file  will maps the SP input parameters to java fields. -->
<!-- $Author: shashidhar.p $ -->
<!-- ====================================================================== -->

<!DOCTYPE beans PUBLIC "-//SPRING//DTD BEAN//EN" "http://www.springframework.org/dtd/spring-beans.dtd">
<beans>
	<bean id="pro_get_office_balance_api" class="net.bcgi.util.db.SPDefinition" scope="prototype">
		<property name="name"><value>PKG_CREDIT_TRANSFER_API.pro_get_office_balance_api</value></property>
		<property name="returnsResult"><value>false</value></property>
		<property name="parameters">
<!--  parameter list -->
         <list> 
				<ref bean="pro_get_office_balance_api_param_1"></ref>
				<ref bean="pro_get_office_balance_api_param_2"></ref>
				<ref bean="pro_get_office_balance_api_param_3"></ref>
				<ref bean="pro_get_office_balance_api_param_4"></ref>
				<ref bean="pro_get_office_balance_api_param_5"></ref>
				<ref bean="pro_get_office_balance_api_param_6"></ref>
				<ref bean="pro_get_office_balance_api_param_7"></ref>
		</list>
		</property>
	</bean>
	<bean id="pro_get_office_balance_api_param_1" class="net.bcgi.util.db.ParamDef" scope="singleton">
	  <property name="name"><value>pi_network_id</value></property>
	  <property name="mapTo"><value>pi_network_id</value></property>
	  <property name="type"><ref bean="java.sql.Types.BIGINT"></ref></property>
	  <property name="position"><value>1</value></property>
	  <property name="parameterType"><ref bean="net.bcgi.util.db.ParamDef.IN"></ref></property>
	</bean> 
	<bean id="pro_get_office_balance_api_param_2" class="net.bcgi.util.db.ParamDef" scope="singleton">
		<property name="name"><value>pio_office_code</value></property>
		<property name="mapTo"><value>pio_office_code</value></property>
		<property name="type"><ref bean="java.sql.Types.BIGINT"></ref></property>
		<property name="position"><value>2</value></property>
		<property name="parameterType"><ref bean="net.bcgi.util.db.ParamDef.IN_OUT"></ref></property>
	</bean>
	<bean id="pro_get_office_balance_api_param_3" class="net.bcgi.util.db.ParamDef" scope="singleton">
		<property name="name"><value>pi_login_id</value></property>
		<property name="mapTo"><value>pi_user_id</value></property>
		<property name="type"><ref bean="java.sql.Types.VARCHAR"></ref></property>
		<property name="position"><value>3</value></property>
		<property name="parameterType"><ref bean="net.bcgi.util.db.ParamDef.IN"></ref></property>
	</bean>
	<bean id="pro_get_office_balance_api_param_4" class="net.bcgi.util.db.ParamDef" scope="singleton">
		<property name="name"><value>pi_allow_level </value></property>
		<property name="mapTo"><value>pi_allow_level</value></property>
		<property name="type"><ref bean="java.sql.Types.ARRAY"></ref></property>
	    <property name="arrayName"><value>ARR_NUMB</value></property> 
		<property name="position"><value>4</value></property>
		<property name="parameterType"><ref bean="net.bcgi.util.db.ParamDef.IN"></ref></property>
	</bean>
	<bean id="pro_get_office_balance_api_param_5" class="net.bcgi.util.db.ParamDef" scope="singleton">
		<property name="name"><value>po_office_balnce</value></property>
		<property name="mapTo"><value>po_office_balnce</value></property>
		<property name="type"><ref bean="java.sql.Types.DECIMAL"></ref></property>
		<property name="position"><value>5</value></property>
		<property name="parameterType"><ref bean="net.bcgi.util.db.ParamDef.OUT"></ref></property>
	</bean>
	<bean id="pro_get_office_balance_api_param_6" class="net.bcgi.util.db.ParamDef" scope="singleton">
	  <property name="name"><value>po_error_code</value></property>
	  <property name="mapTo"><value>po_error_code</value></property>
	  <property name="type"><ref bean="java.sql.Types.BIGINT"></ref></property>
	  <property name="position"><value>6</value></property>
	  <property name="parameterType"><ref bean="net.bcgi.util.db.ParamDef.OUT"></ref></property>
	</bean> 
	<bean id="pro_get_office_balance_api_param_7" class="net.bcgi.util.db.ParamDef" scope="singleton">
	  <property name="name"><value>po_error_desc</value></property>
	  <property name="mapTo"><value>po_error_desc</value></property>
	  <property name="type"><ref bean="java.sql.Types.VARCHAR"></ref></property>
	  <property name="position"><value>7</value></property>
	  <property name="parameterType"><ref bean="net.bcgi.util.db.ParamDef.OUT"></ref></property>
	</bean> 
</beans>