<!DOCTYPE beans PUBLIC "-//SPRING//DTD BEAN//EN" "http://www.springframework.org/dtd/spring-beans.dtd">
<!--Added REQ1762: Providing API for D2C fund transfer -->
<beans>
	<bean id="pro_credit_transfer_api" class="net.bcgi.util.db.SPDefinition" scope="prototype">
		<property name="name"><value>PKG_CREDIT_TRANSFER_API.pro_credit_transfer_api</value></property>
		<property name="returnsResult"><value>false</value></property>
		<property name="parameters">
<!--  parameter list -->
         <list> 
				<ref bean="pro_credit_transfer_api_param_1"></ref>
				<ref bean="pro_credit_transfer_api_param_2"></ref>
				<ref bean="pro_credit_transfer_api_param_3"></ref>
				<ref bean="pro_credit_transfer_api_param_4"></ref>
				<ref bean="pro_credit_transfer_api_param_5"></ref>
				<ref bean="pro_credit_transfer_api_param_6"></ref>
				<ref bean="pro_credit_transfer_api_param_7"></ref>
				<ref bean="pro_credit_transfer_api_param_8"></ref>
				<ref bean="pro_credit_transfer_api_param_9"></ref>
				
		</list>
		</property>
		<property name="refCursors">
			<map>
				<entry key="7">
					<ref bean="po_trans_deatails" />
				</entry>
				</map>
	</property>
	</bean>
	<bean id="po_trans_deatails" class="net.bcgi.util.db.ResultSetDef" scope="prototype">
		<property name="resultSetParams">
			<list>
				<ref bean="po_trans_deatails_cursor_param_1"></ref>
				<ref bean="po_trans_deatails_cursor_param_2"></ref>
				<ref bean="po_trans_deatails_cursor_param_3"></ref>
				<ref bean="po_trans_deatails_cursor_param_4"></ref>
				<ref bean="po_trans_deatails_cursor_param_5"></ref>
				<ref bean="po_trans_deatails_cursor_param_6"></ref>
				<ref bean="po_trans_deatails_cursor_param_7"></ref>
				<ref bean="po_trans_deatails_cursor_param_8"></ref>
			
			</list>
		</property>
			<property name="className" value="com.xius.billing.agent.domaindata.impl.offbalmgmt.OfficeToSubTransferRefCursorData" />
		</bean>	
<bean id="po_trans_deatails_cursor_param_1" class="net.bcgi.util.db.ResultSetParam" scope="singleton">
	  <property name="procedureColumnName"><value>trans_id</value></property>
	  <property name="mapTo"><value>trans_id</value></property>
	  <property name="columnType"><ref bean="java.sql.Types.VARCHAR"></ref></property>
	  <property name="position"><value>1</value></property>
	</bean>

   <bean id="po_trans_deatails_cursor_param_2" class="net.bcgi.util.db.ResultSetParam" scope="prototype">
        <property name="procedureColumnName"><value>pi_dealer_id</value></property>
        <property name="mapTo"><value>pi_dealer_id</value></property>
        <property name="columnType"><ref bean="java.sql.Types.VARCHAR"></ref></property>
        <property name="position"><value>2</value></property>
      </bean>
      <bean id="po_trans_deatails_cursor_param_3" class="net.bcgi.util.db.ResultSetParam" scope="singleton">
	  <property name="procedureColumnName"><value>office_code</value></property>
	  <property name="mapTo"><value>office_code</value></property>
	  <property name="columnType"><ref bean="java.sql.Types.VARCHAR"></ref></property>
	  <property name="position"><value>3</value></property>
	</bean>
	 <bean id="po_trans_deatails_cursor_param_4" class="net.bcgi.util.db.ResultSetParam" scope="singleton">
	  <property name="procedureColumnName"><value>denomination</value></property>
	  <property name="mapTo"><value>denomination</value></property>
	  <property name="columnType"><ref bean="java.sql.Types.DECIMAL"></ref></property>
	  <property name="position"><value>4</value></property>
	</bean>
	 <bean id="po_trans_deatails_cursor_param_5" class="net.bcgi.util.db.ResultSetParam" scope="singleton">
	  <property name="procedureColumnName"><value>dealer_cur_bal</value></property>
	  <property name="mapTo"><value>dealer_cur_bal</value></property>
	  <property name="columnType"><ref bean="java.sql.Types.DECIMAL"></ref></property>
	  <property name="position"><value>5</value></property>
	</bean>
	 
	 <bean id="po_trans_deatails_cursor_param_6" class="net.bcgi.util.db.ResultSetParam" scope="singleton">
	  <property name="procedureColumnName"><value>dealer_prev_bal</value></property>
	  <property name="mapTo"><value>dealer_prev_bal</value></property>
	  <property name="columnType"><ref bean="java.sql.Types.DECIMAL"></ref></property>
	  <property name="position"><value>6</value></property>
	</bean>
	<bean id="po_trans_deatails_cursor_param_7" class="net.bcgi.util.db.ResultSetParam" scope="singleton">
	  <property name="procedureColumnName"><value>talk_value</value></property>
	  <property name="mapTo"><value>talk_value</value></property>
	  <property name="columnType"><ref bean="java.sql.Types.DECIMAL"></ref></property>
	  <property name="position"><value>7</value></property>
	</bean>
	<bean id="po_trans_deatails_cursor_param_8" class="net.bcgi.util.db.ResultSetParam" scope="singleton">
	  <property name="procedureColumnName"><value>transferee_charge</value></property>
	  <property name="mapTo"><value>transferee_charge</value></property>
	  <property name="columnType"><ref bean="java.sql.Types.DECIMAL"></ref></property>
	  <property name="position"><value>8</value></property>
	</bean>
      
      
      
      
      
      <bean id="pro_credit_transfer_api_param_1" class="net.bcgi.util.db.ParamDef" scope="singleton">
			<property name="name"><value>pi_network_id</value></property>
			<property name="mapTo"><value>pi_network_id</value></property>
			<property name="type"><ref bean="java.sql.Types.BIGINT"></ref></property>
			<property name="position"><value>1</value></property>
			<property name="parameterType"><ref bean="net.bcgi.util.db.ParamDef.IN"></ref></property>
	</bean>

	 <bean id="pro_credit_transfer_api_param_2" class="net.bcgi.util.db.ParamDef" scope="singleton">
			<property name="name"><value>pi_dealer_id</value></property>
			<property name="mapTo"><value>pi_dealer_id</value></property>
			<property name="type"><ref bean="java.sql.Types.VARCHAR"></ref></property>
			<property name="position"><value>2</value></property>
			<property name="parameterType"><ref bean="net.bcgi.util.db.ParamDef.IN"></ref></property>
	</bean>
	<bean id="pro_credit_transfer_api_param_3" class="net.bcgi.util.db.ParamDef" scope="singleton">
			<property name="name"><value>pi_dest_msisdn</value></property>
			<property name="mapTo"><value>pi_dest_msisdn</value></property>
			<property name="type"><ref bean="java.sql.Types.BIGINT"></ref></property>
			<property name="position"><value>3</value></property>
			<property name="parameterType"><ref bean="net.bcgi.util.db.ParamDef.IN"></ref></property>
	</bean>
	<bean id="pro_credit_transfer_api_param_4" class="net.bcgi.util.db.ParamDef" scope="singleton">
			<property name="name"><value>pi_allow_level</value></property>
			<property name="mapTo"><value>pi_allow_level</value></property>
			<property name="type"><ref bean="java.sql.Types.ARRAY"></ref></property>
			<property name="arrayName"><value>ARR_NUMB</value></property>
			<property name="position"><value>4</value></property>
			<property name="parameterType"><ref bean="net.bcgi.util.db.ParamDef.IN"></ref></property>
	</bean>
	<bean id="pro_credit_transfer_api_param_5" class="net.bcgi.util.db.ParamDef" scope="singleton">
			<property name="name"><value>pi_amount</value></property>
			<property name="mapTo"><value>pi_amount</value></property>
			<property name="type"><ref bean="java.sql.Types.DECIMAL"></ref></property>
			<property name="position"><value>5</value></property>
			<property name="parameterType"><ref bean="net.bcgi.util.db.ParamDef.IN"></ref></property>
	</bean>
	 <bean id="pro_credit_transfer_api_param_6" class="net.bcgi.util.db.ParamDef" scope="singleton">
			<property name="name"><value>pi_remarks</value></property>
			<property name="mapTo"><value>pi_remarks</value></property>
			<property name="type"><ref bean="java.sql.Types.VARCHAR"></ref></property>
			<property name="position"><value>6</value></property>
			<property name="parameterType"><ref bean="net.bcgi.util.db.ParamDef.IN"></ref></property>
	</bean>
	 <bean id="pro_credit_transfer_api_param_7" class="net.bcgi.util.db.ParamDef" scope="singleton">
			<property name="name"><value>po_trans_deatails</value></property>
			<property name="mapTo"><value>po_trans_deatails</value></property>
			<property name="type"><ref bean="oracle.jdbc.driver.OracleTypes.CURSOR"></ref></property>
			<property name="position"><value>7</value></property>
			<property name="parameterType"><ref bean="net.bcgi.util.db.ParamDef.OUT"></ref></property>
	</bean>
	<bean id="pro_credit_transfer_api_param_8" class="net.bcgi.util.db.ParamDef" scope="singleton">
	  <property name="name"><value>po_error_code</value></property>
	  <property name="mapTo"><value>po_error_code</value></property>
	  <property name="type"><ref bean="java.sql.Types.BIGINT"></ref></property>
	  <property name="position"><value>8</value></property>
	  <property name="parameterType"><ref bean="net.bcgi.util.db.ParamDef.OUT"></ref></property>
	</bean> 
	<bean id="pro_credit_transfer_api_param_9" class="net.bcgi.util.db.ParamDef" scope="singleton">
	  <property name="name"><value>po_error_desc</value></property>
	  <property name="mapTo"><value>po_error_desc</value></property>
	  <property name="type"><ref bean="java.sql.Types.VARCHAR"></ref></property>
	  <property name="position"><value>9</value></property>
	  <property name="parameterType"><ref bean="net.bcgi.util.db.ParamDef.OUT"></ref></property>
	</bean>
</beans>	
	