<!DOCTYPE beans PUBLIC "-//SPRING//DTD BEAN//EN" "http://www.springframework.org/dtd/spring-beans.dtd">
<!--Added REQ1762: Providing API for D2C fund transfer -->
<beans>
	<bean id="pro_credit_reversal_api" class="net.bcgi.util.db.SPDefinition" scope="prototype">
		<property name="name"><value>PKG_CREDIT_TRANSFER_API.pro_credit_reversal_api</value></property>
		<property name="returnsResult"><value>false</value></property>
		<property name="parameters">
<!--  parameter list -->

       <list> 
        <ref bean="pro_credit_reversal_api_param_1"></ref>
		<ref bean="pro_credit_reversal_api_param_2"></ref>
		<ref bean="pro_credit_reversal_api_param_3"></ref>
		<ref bean="pro_credit_reversal_api_param_4"></ref>
		<ref bean="pro_credit_reversal_api_param_5"></ref>
       </list>
         </property>
         </bean>
       <bean id="pro_credit_reversal_api_param_1" class="net.bcgi.util.db.ParamDef" scope="singleton">
	  <property name="name"><value>pi_network_id</value></property>
	  <property name="mapTo"><value>pi_network_id</value></property>
	  <property name="type"><ref bean="java.sql.Types.BIGINT"></ref></property>
	  <property name="position"><value>1</value></property>
	  <property name="parameterType"><ref bean="net.bcgi.util.db.ParamDef.IN"></ref></property>
	</bean> 
	 <bean id="pro_credit_reversal_api_param_2" class="net.bcgi.util.db.ParamDef" scope="singleton">
	  <property name="name"><value>pi_trans_id</value></property>
	  <property name="mapTo"><value>pi_trans_id</value></property>
	  <property name="type"><ref bean="java.sql.Types.BIGINT"></ref></property>
	  <property name="position"><value>2</value></property>
	  <property name="parameterType"><ref bean="net.bcgi.util.db.ParamDef.IN"></ref></property>
	</bean> 
	<bean id="pro_credit_reversal_api_param_3" class="net.bcgi.util.db.ParamDef" scope="singleton">
	  <property name="name"><value>pi_failure_reason</value></property>
	  <property name="mapTo"><value>pi_failure_reason</value></property>
	  <property name="type"><ref bean="java.sql.Types.VARCHAR"></ref></property>
	  <property name="position"><value>3</value></property>
	  <property name="parameterType"><ref bean="net.bcgi.util.db.ParamDef.IN"></ref></property>
	  </bean> 
	  <bean id="pro_credit_reversal_api_param_4" class="net.bcgi.util.db.ParamDef" scope="singleton">
	  <property name="name"><value>po_error_code</value></property>
	  <property name="mapTo"><value>po_error_code</value></property>
	  <property name="type"><ref bean="java.sql.Types.BIGINT"></ref></property>
	  <property name="position"><value>4</value></property>
	  <property name="parameterType"><ref bean="net.bcgi.util.db.ParamDef.OUT"></ref></property>
	  </bean> 
	  <bean id="pro_credit_reversal_api_param_5" class="net.bcgi.util.db.ParamDef" scope="singleton">
	  <property name="name"><value>po_error_desc</value></property>
	  <property name="mapTo"><value>po_error_mesg</value></property>
	  <property name="type"><ref bean="java.sql.Types.VARCHAR"></ref></property>
	  <property name="position"><value>5</value></property>
	  <property name="parameterType"><ref bean="net.bcgi.util.db.ParamDef.OUT"></ref></property>
	</bean> 
         </beans>