<?xml version="1.0" encoding="UTF-8"?>
<!DOCTYPE beans PUBLIC "-//SPRING//DTD BEAN//EN" "http://www.springframework.org/dtd/spring-beans.dtd">
<beans>
	<bean id="pro_dorecharge_request_insert" class="net.bcgi.util.db.SPDefinition"
		scope="prototype">
		<property name="name">
			<value>pkg_recharge_mgmt_api.pro_dorecharge_request_insert</value>
		</property>
		<property name="returnsResult">
			<value>false</value>
		</property>
		<property name="parameters">
			<list> <!-- parameter list -->
				<ref bean="pro_dorecharge_request_insert_param_1"></ref>
				<ref bean="pro_dorecharge_request_insert_param_2"></ref>
				<ref bean="pro_dorecharge_request_insert_param_3"></ref>
				<ref bean="pro_dorecharge_request_insert_param_4"></ref>
				<ref bean="pro_dorecharge_request_insert_param_5"></ref>
				<ref bean="pro_dorecharge_request_insert_param_6"></ref>
				<ref bean="pro_dorecharge_request_insert_param_7"></ref>
				<ref bean="pro_dorecharge_request_insert_param_8"></ref>
				<ref bean="pro_dorecharge_request_insert_param_9"></ref>
				<ref bean="pro_dorecharge_request_insert_param_10"></ref>
				<ref bean="pro_dorecharge_request_insert_param_11"></ref>
				<ref bean="pro_dorecharge_request_insert_param_12"></ref>
				<ref bean="pro_dorecharge_request_insert_param_13"></ref>
				<ref bean="pro_dorecharge_request_insert_param_14"></ref>
				<ref bean="pro_dorecharge_request_insert_param_15"></ref>
				<ref bean="pro_dorecharge_request_insert_param_16"></ref>
				<ref bean="pro_dorecharge_request_insert_param_17"></ref>
				<ref bean="pro_dorecharge_request_insert_param_18"></ref>
				
			</list>
		</property>
		<property name="refCursors">
			<map>
				<entry key="13">
					<ref bean="po_denomination_details" />
				</entry>
			</map>
		</property>
	</bean>
	<bean id="po_denomination_details" class="net.bcgi.util.db.ResultSetDef"
		scope="prototype">
		<property name="resultSetParams">
			<list>
				<ref bean="po_denomination_details_cursor_param_1"></ref>
				<ref bean="po_denomination_details_cursor_param_2"></ref>
				<ref bean="po_denomination_details_cursor_param_3"></ref>
				<ref bean="po_denomination_details_cursor_param_4"></ref>
				<ref bean="po_denomination_details_cursor_param_5"></ref>
				<ref bean="po_denomination_details_cursor_param_6"></ref>
				<ref bean="po_denomination_details_cursor_param_7"></ref>
				<ref bean="po_denomination_details_cursor_param_8"></ref>
				<ref bean="po_denomination_details_cursor_param_9"></ref>
			</list>
		</property>
		<property name="className"
			value="com.xius.billing.agent.domaindata.impl.balance.DenaminationDetailsCursorData" />
	</bean>

	<bean id="po_denomination_details_cursor_param_1" class="net.bcgi.util.db.ResultSetParam"
		scope="singleton">
		<property name="procedureColumnName">
			<value>network_id</value>
		</property>
		<property name="mapTo">
			<value>network_id</value>
		</property>
		<property name="columnType">
			<ref bean="java.sql.Types.BIGINT"></ref>
		</property>
		<property name="position">
			<value>1</value>
		</property>
	</bean>
	<bean id="po_denomination_details_cursor_param_2" class="net.bcgi.util.db.ResultSetParam"
		scope="singleton">
		<property name="procedureColumnName">
			<value>denomination</value>
		</property>
		<property name="mapTo">
			<value>denomination</value>
		</property>
		<property name="columnType">
			<ref bean="java.sql.Types.DECIMAL"></ref>
		</property>
		<property name="position">
			<value>2</value>
		</property>
	</bean>
	<bean id="po_denomination_details_cursor_param_3" class="net.bcgi.util.db.ResultSetParam"
		scope="singleton">
		<property name="procedureColumnName">
			<value>validity_date</value>
		</property>
		<property name="mapTo">
			<value>validity_date</value>
		</property>
		<property name="columnType">
			<ref bean="java.sql.Types.VARCHAR"></ref>
		</property>
		<property name="position">
			<value>3</value>
		</property>
	</bean>
	<bean id="po_denomination_details_cursor_param_4" class="net.bcgi.util.db.ResultSetParam"
		scope="singleton">
		<property name="procedureColumnName">
			<value>grace_period1_date</value>
		</property>
		<property name="mapTo">
			<value>grace_period1_date</value>
		</property>
		<property name="columnType">
			<ref bean="java.sql.Types.VARCHAR"></ref>
		</property>
		<property name="position">
			<value>4</value>
		</property>
	</bean>
	<bean id="po_denomination_details_cursor_param_5" class="net.bcgi.util.db.ResultSetParam"
		scope="singleton">
		<property name="procedureColumnName">
			<value>grace_period2_date</value>
		</property>
		<property name="mapTo">
			<value>grace_period2_date</value>
		</property>
		<property name="columnType">
			<ref bean="java.sql.Types.VARCHAR"></ref>
		</property>
		<property name="position">
			<value>5</value>
		</property>
	</bean>
	<bean id="po_denomination_details_cursor_param_6" class="net.bcgi.util.db.ResultSetParam"
		scope="singleton">
		<property name="procedureColumnName">
			<value>talk_value</value>
		</property>
		<property name="mapTo">
			<value>talk_value</value>
		</property>
		<property name="columnType">
			<ref bean="java.sql.Types.DECIMAL"></ref>
		</property>
		<property name="position">
			<value>6</value>
		</property>
	</bean>
	<bean id="po_denomination_details_cursor_param_7" class="net.bcgi.util.db.ResultSetParam"
		scope="singleton">
		<property name="procedureColumnName">
			<value>msisdn_no</value>
		</property>
		<property name="mapTo">
			<value>msisdn_no</value>
		</property>
		<property name="columnType">
			<ref bean="java.sql.Types.BIGINT"></ref>
		</property>
		<property name="position">
			<value>7</value>
		</property>
	</bean>
	<bean id="po_denomination_details_cursor_param_8" class="net.bcgi.util.db.ResultSetParam"
		scope="singleton">
		<property name="procedureColumnName">
			<value>atp_to_attach</value>
		</property>
		<property name="mapTo">
			<value>atp_to_attach</value>
		</property>
		<property name="columnType">
			<ref bean="java.sql.Types.VARCHAR"></ref>
		</property>
		<property name="position">
			<value>8</value>
		</property>
	</bean>
	<bean id="po_denomination_details_cursor_param_9" class="net.bcgi.util.db.ResultSetParam"
		scope="singleton">
		<property name="procedureColumnName">
			<value>atp_debit_amt</value>
		</property>
		<property name="mapTo">
			<value>atp_debit_amt</value>
		</property>
		<property name="columnType">
			<ref bean="java.sql.Types.DECIMAL"></ref>
		</property>
		<property name="position">
			<value>9</value>
		</property>
	</bean>
	
	<!-- Cursor Closed -->

	<bean id="pro_dorecharge_request_insert_param_1" class="net.bcgi.util.db.ParamDef"
		scope="singleton">
		<property name="name">
			<value>pi_network_id</value>
		</property>
		<property name="mapTo">
			<value>pi_network_id</value>
		</property>
		<property name="type">
			<ref bean="java.sql.Types.BIGINT"></ref>
		</property>
		<property name="position">
			<value>1</value>
		</property>
		<property name="parameterType">
			<ref bean="net.bcgi.util.db.ParamDef.IN"></ref>
		</property>
	</bean>
	<bean id="pro_dorecharge_request_insert_param_2" class="net.bcgi.util.db.ParamDef"
		scope="singleton">
		<property name="name">
			<value>pi_msisdn</value>
		</property>
		<property name="mapTo">
			<value>pi_msisdn</value>
		</property>
		<property name="type">
			<ref bean="java.sql.Types.BIGINT"></ref>
		</property>
		<property name="position">
			<value>2</value>
		</property>
		<property name="parameterType">
			<ref bean="net.bcgi.util.db.ParamDef.IN"></ref>
		</property>
	</bean>
	<bean id="pro_dorecharge_request_insert_param_3" class="net.bcgi.util.db.ParamDef"
		scope="singleton">
		<property name="name">
			<value>pi_acc out_id</value>
		</property>
		<property name="mapTo">
			<value>pi_accout_id</value>
		</property>
		<property name="type">
			<ref bean="java.sql.Types.BIGINT"></ref>
		</property>
		<property name="position">
			<value>3</value>
		</property>
		<property name="parameterType">
			<ref bean="net.bcgi.util.db.ParamDef.IN"></ref>
		</property>
	</bean>
	<bean id="pro_dorecharge_request_insert_param_4" class="net.bcgi.util.db.ParamDef"
		scope="singleton">
		<property name="name">
			<value>pi_iccid</value>
		</property>
		<property name="mapTo">
			<value>pi_iccid</value>
		</property>
		<property name="type">
			<ref bean="java.sql.Types.VARCHAR"></ref>
		</property>
		<property name="position">
			<value>4</value>
		</property>
		<property name="parameterType">
			<ref bean="net.bcgi.util.db.ParamDef.IN"></ref>
		</property>
	</bean>
	<bean id="pro_dorecharge_request_insert_param_5" class="net.bcgi.util.db.ParamDef"
		scope="singleton">
		<property name="name">
			<value>pi_denomination</value>
		</property>
		<property name="mapTo">
			<value>pi_denomination</value>
		</property>
		<property name="type">
			<ref bean="java.sql.Types.DECIMAL"></ref>
		</property>
		<property name="position">
			<value>5</value>
		</property>
		<property name="parameterType">
			<ref bean="net.bcgi.util.db.ParamDef.IN"></ref>
		</property>
	</bean>
	<bean id="pro_dorecharge_request_insert_param_6" class="net.bcgi.util.db.ParamDef"
		scope="singleton">
		<property name="name">
			<value>pi_channel</value>
		</property>
		<property name="mapTo">
			<value>pi_channel</value>
		</property>
		<property name="type">
			<ref bean="java.sql.Types.VARCHAR"></ref>
		</property>
		<property name="position">
			<value>6</value>
		</property>
		<property name="parameterType">
			<ref bean="net.bcgi.util.db.ParamDef.IN"></ref>
		</property>
	</bean>



	<bean id="pro_dorecharge_request_insert_param_7" class="net.bcgi.util.db.ParamDef"
		scope="singleton">
		<property name="name">
			<value>pi_currencycode</value>
		</property>
		<property name="mapTo">
			<value>pi_currencycode</value>
		</property>
		<property name="type">
			<ref bean="java.sql.Types.VARCHAR"></ref>
		</property>
		<property name="position">
			<value>7</value>
		</property>
		<property name="parameterType">
			<ref bean="net.bcgi.util.db.ParamDef.IN"></ref>
		</property>
	</bean>

	<bean id="pro_dorecharge_request_insert_param_8" class="net.bcgi.util.db.ParamDef"
		scope="singleton">
		<property name="name">
			<value>pi_remarks</value>
		</property>
		<property name="mapTo">
			<value>pi_remarks</value>
		</property>
		<property name="type">
			<ref bean="java.sql.Types.VARCHAR"></ref>
		</property>
		<property name="position">
			<value>8</value>
		</property>
		<property name="parameterType">
			<ref bean="net.bcgi.util.db.ParamDef.IN"></ref>
		</property>
	</bean>



	<bean id="pro_dorecharge_request_insert_param_9" class="net.bcgi.util.db.ParamDef"
		scope="singleton">
		<property name="name">
			<value>pi_promo_unit_value</value>
		</property>
		<property name="mapTo">
			<value>pi_promo_unit_value</value>
		</property>
		<property name="type">
			<ref bean="java.sql.Types.VARCHAR"></ref>
		</property>
		<property name="position">
			<value>9</value>
		</property>
		<property name="parameterType">
			<ref bean="net.bcgi.util.db.ParamDef.IN"></ref>
		</property>
	</bean>


	<bean id="pro_dorecharge_request_insert_param_10" class="net.bcgi.util.db.ParamDef"
		scope="singleton">
		<property name="name">
			<value>pi_aditional_inputs2</value>
		</property>
		<property name="mapTo">
			<value>pi_aditional_inputs2</value>
		</property>
		<property name="type">
			<ref bean="java.sql.Types.VARCHAR"></ref>
		</property>
		<property name="position">
			<value>10</value>
		</property>
		<property name="parameterType">
			<ref bean="net.bcgi.util.db.ParamDef.IN"></ref>
		</property>
	</bean>

	<bean id="pro_dorecharge_request_insert_param_11" class="net.bcgi.util.db.ParamDef"
		scope="singleton">
		<property name="name">
			<value>pi_user_id</value>
		</property>
		<property name="mapTo">
			<value>pi_user_id</value>
		</property>
		<property name="type">
			<ref bean="java.sql.Types.VARCHAR"></ref>
		</property>
		<property name="position">
			<value>11</value>
		</property>
		<property name="parameterType">
			<ref bean="net.bcgi.util.db.ParamDef.IN"></ref>
		</property>
	</bean>

	<bean id="pro_dorecharge_request_insert_param_12" class="net.bcgi.util.db.ParamDef" 	scope="singleton">
		<property name="name">
			<value>pio_transaction_id</value>
		</property>
		<property name="mapTo">
			<value>po_transaction_id</value>
		</property>
		<property name="type">
			<ref bean="java.sql.Types.VARCHAR"></ref>
		</property>
		<property name="position">
			<value>12</value>
		</property>
		<property name="parameterType">
			<ref bean="net.bcgi.util.db.ParamDef.IN_OUT"></ref>
		</property>
	</bean>
	<bean id="pro_dorecharge_request_insert_param_13" class="net.bcgi.util.db.ParamDef"
		scope="singleton">
		<property name="name">
			<value>po_denomination_details</value>
		</property>
		<property name="mapTo">
			<value>po_denomination_details</value>
		</property>
		<property name="type">
			<ref bean="oracle.jdbc.driver.OracleTypes.CURSOR"></ref>
		</property>
		<property name="position">
			<value>13</value>
		</property>
		<property name="parameterType">
			<ref bean="net.bcgi.util.db.ParamDef.OUT"></ref>
		</property>
	</bean>
	

<bean id="pro_dorecharge_request_insert_param_14" class="net.bcgi.util.db.ParamDef"
		scope="singleton">
		<property name="name">
			<value>po_bndl_name</value>
		</property>
		<property name="mapTo">
			<value>po_bndl_name</value>
		</property>
		<property name="type">
			<ref bean="java.sql.Types.VARCHAR"></ref>
		</property>
		<property name="position">
			<value>14</value>
		</property>
		<property name="parameterType">
			<ref bean="net.bcgi.util.db.ParamDef.OUT"></ref>
		</property>
	</bean>
	<bean id="pro_dorecharge_request_insert_param_15" class="net.bcgi.util.db.ParamDef"
		scope="singleton">
		<property name="name">
			<value>po_validity_date</value>
		</property>
		<property name="mapTo">
			<value>po_validity_date</value>
		</property>
		<property name="type">
			<ref bean="java.sql.Types.VARCHAR"></ref>
		</property>
		<property name="position">
			<value>15</value>
		</property>
		<property name="parameterType">
			<ref bean="net.bcgi.util.db.ParamDef.OUT"></ref>
		</property>
	</bean>


	<bean id="pro_dorecharge_request_insert_param_16" class="net.bcgi.util.db.ParamDef"
		scope="singleton">
		<property name="name">
			<value>po_activity_id</value>
		</property>
		<property name="mapTo">
			<value>po_activity_id</value>
		</property>
		<property name="type">
			<ref bean="java.sql.Types.BIGINT"></ref>
		</property>
		<property name="position">
			<value>16</value>
		</property>
		<property name="parameterType">
			<ref bean="net.bcgi.util.db.ParamDef.OUT"></ref>
		</property>
	</bean>
	<bean id="pro_dorecharge_request_insert_param_17" class="net.bcgi.util.db.ParamDef"
		scope="singleton">
		<property name="name">
			<value>po_error_code</value>
		</property>
		<property name="mapTo">
			<value>po_error_code</value>
		</property>
		<property name="type">
			<ref bean="java.sql.Types.BIGINT"></ref>
		</property>
		<property name="position">
			<value>17</value>
		</property>
		<property name="parameterType">
			<ref bean="net.bcgi.util.db.ParamDef.OUT"></ref>
		</property>
	</bean>
	<bean id="pro_dorecharge_request_insert_param_18" class="net.bcgi.util.db.ParamDef"
		scope="singleton">
		<property name="name">
			<value>po_error_desc</value>
		</property>
		<property name="mapTo">
			<value>po_error_mesg</value>
		</property>
		<property name="type">
			<ref bean="java.sql.Types.VARCHAR"></ref>
		</property>
		<property name="position">
			<value>18</value>
		</property>
		<property name="parameterType">
			<ref bean="net.bcgi.util.db.ParamDef.OUT"></ref>
		</property>
	</bean>
</beans>