<!DOCTYPE beans PUBLIC "-//SPRING//DTD BEAN//EN" "http://www.springframework.org/dtd/spring-beans.dtd">
<beans>
	<bean id="pro_my_plan_manage" class="net.bcgi.util.db.SPDefinition" scope="prototype">
	<property name="name"><value>cs_pkg_my_plan_mgmt.pro_my_plan_manage</value></property>
	<property name="returnsResult"><value>false</value></property>
	<property name="parameters">
		<list> <!--  parameter list -->
			<ref bean="pro_my_plan_manage_details_param1"></ref>
			<ref bean="pro_my_plan_manage_details_param2"></ref>
			<ref bean="pro_my_plan_manage_details_param3"></ref>
			<ref bean="pro_my_plan_manage_details_param4"></ref>
			<ref bean="pro_my_plan_manage_details_param5"></ref>
			<ref bean="pro_my_plan_manage_details_param6"></ref>
			<ref bean="pro_my_plan_manage_details_param7"></ref>
			<ref bean="pro_my_plan_manage_details_param8"></ref>
			<ref bean="pro_my_plan_manage_details_param9"></ref>
			<ref bean="pro_my_plan_manage_details_param10"></ref>
			<ref bean="pro_my_plan_manage_details_param11"></ref>
			<ref bean="pro_my_plan_manage_details_param12"></ref>
			<ref bean="pro_my_plan_manage_details_param13"></ref>
			<ref bean="pro_my_plan_manage_details_param14"></ref>
			<ref bean="pro_my_plan_manage_details_param15"></ref>
			<ref bean="pro_my_plan_manage_details_param16"></ref>
			<ref bean="pro_my_plan_manage_details_param17"></ref>
			<ref bean="pro_my_plan_manage_details_param18"></ref>
			<ref bean="pro_my_plan_manage_details_param19"></ref>
			<ref bean="pro_my_plan_manage_details_param20"></ref>
			<ref bean="pro_my_plan_manage_details_param21"></ref>
			<ref bean="pro_my_plan_manage_details_param22"></ref>
				<ref bean="pro_my_plan_manage_details_param23"></ref>
			</list>
	</property>
	<property name="refCursors">
			<map>
				<entry key="19">
					<ref bean="po_charge_dtls"/>
				</entry>
				</map>
		</property>
	</bean>
	<bean id="po_charge_dtls" class="net.bcgi.util.db.ResultSetDef" scope="prototype">
		<property name="resultSetParams">
			<list>
				<ref bean="po_charge_dtls_param_1"></ref>
				<ref bean="po_charge_dtls_param_2"></ref>
				<ref bean="po_charge_dtls_param_3"></ref>
				<ref bean="po_charge_dtls_param_4"></ref>
				<ref bean="po_charge_dtls_param_5"></ref>
			</list>
		</property>
		<property name="className" value="com.xius.billing.agent.domaindata.impl.product.ManageMyPlanCusorData"/>
	</bean>	
	
	<bean id="po_charge_dtls_param_1" class="net.bcgi.util.db.ResultSetParam" scope="singleton">
	  <property name="procedureColumnName"><value>Transaction_id</value></property>
	  <property name="mapTo"><value>Transaction_id</value></property>
	  <property name="columnType"><ref bean="java.sql.Types.VARCHAR"></ref></property>
	  <property name="position"><value>1</value></property>
	</bean>
	<bean id="po_charge_dtls_param_2" class="net.bcgi.util.db.ResultSetParam" scope="singleton">
	  <property name="procedureColumnName"><value>charge</value></property>
	  <property name="mapTo"><value>charge</value></property>
	  <property name="columnType"><ref bean="java.sql.Types.DECIMAL"></ref></property>
	  <property name="position"><value>2</value></property>
	</bean>
	<bean id="po_charge_dtls_param_3" class="net.bcgi.util.db.ResultSetParam" scope="singleton">
	  <property name="procedureColumnName"><value>debit_activity_id</value></property>
	  <property name="mapTo"><value>debit_activity_id</value></property>
	  <property name="columnType"><ref bean="java.sql.Types.VARCHAR"></ref></property>
	  <property name="position"><value>3</value></property>
	</bean>
		<bean id="po_charge_dtls_param_4" class="net.bcgi.util.db.ResultSetParam" scope="singleton">
	  <property name="procedureColumnName"><value>credit_activity_id</value></property>
	  <property name="mapTo"><value>credit_activity_id</value></property>
	  <property name="columnType"><ref bean="java.sql.Types.VARCHAR"></ref></property>
	  <property name="position"><value>4</value></property>
	</bean>
	
	
	
	<bean id="po_charge_dtls_param_5" class="net.bcgi.util.db.ResultSetParam" scope="singleton">
	  <property name="procedureColumnName"><value>account_id</value></property>
	  <property name="mapTo"><value>account_id</value></property>
	  <property name="columnType"><ref bean="java.sql.Types.BIGINT"></ref></property>
	  <property name="position"><value>5</value></property>
	</bean>
	
	<bean id="pro_my_plan_manage_details_param1" class="net.bcgi.util.db.ParamDef" scope="singleton">
		<property name="name"><value>pi_network_id</value></property>
		<property name="mapTo"><value>pi_network_id</value></property>
		<property name="type"><ref bean="java.sql.Types.BIGINT"></ref></property>
		<property name="position"><value>1</value></property>
		<property name="parameterType"><ref bean="net.bcgi.util.db.ParamDef.IN"></ref></property>
	</bean>
	<bean id="pro_my_plan_manage_details_param2" class="net.bcgi.util.db.ParamDef" scope="singleton">
		<property name="name"><value>pi_acction_flag</value></property>
		<property name="mapTo"><value>pi_acction_flag</value></property>
		<property name="type"><ref bean="java.sql.Types.VARCHAR"></ref></property>
		<property name="position"><value>2</value></property>
		<property name="parameterType"><ref bean="net.bcgi.util.db.ParamDef.IN"></ref></property>
	</bean>
	
	<bean id="pro_my_plan_manage_details_param3" class="net.bcgi.util.db.ParamDef" scope="singleton">
		<property name="name"><value>pi_msisdn_no</value></property>
		<property name="mapTo"><value>pi_msisdn_no</value></property>
		<property name="type"><ref bean="java.sql.Types.BIGINT"></ref></property>
		<property name="position"><value>3</value></property>
		<property name="parameterType"><ref bean="net.bcgi.util.db.ParamDef.IN"></ref></property>
	</bean>
	<bean id="pro_my_plan_manage_details_param4" class="net.bcgi.util.db.ParamDef" scope="singleton">
		<property name="name"><value>pi_total_charge</value></property>
		<property name="mapTo"><value>pi_total_charge</value></property>
		<property name="type"><ref bean="java.sql.Types.DECIMAL"></ref></property>
		<property name="position"><value>4</value></property>
		<property name="parameterType"><ref bean="net.bcgi.util.db.ParamDef.IN"></ref></property>
	</bean>
	<bean id="pro_my_plan_manage_details_param5" class="net.bcgi.util.db.ParamDef" scope="singleton">
			<property name="name"><value>pi_bucket_units_info</value></property>
			<property name="mapTo"><value>pi_bucket_units_info</value></property>
			<property name="type"><ref bean="java.sql.Types.ARRAY"></ref></property>
			<property name="position"><value>5</value></property>
			<property name="arrayName"><value>ARR_VARCHAR</value></property>
			<property name="parameterType"><ref bean="net.bcgi.util.db.ParamDef.IN"></ref></property>
	</bean>
            <bean id="pro_my_plan_manage_details_param6" class="net.bcgi.util.db.ParamDef" scope="singleton">
		<property name="name"><value>pi_validity_period</value></property>
		<property name="mapTo"><value>pi_validity_period</value></property>
		<property name="type"><ref bean="java.sql.Types.BIGINT"></ref></property>
		<property name="position"><value>6</value></property>
		<property name="parameterType"><ref bean="net.bcgi.util.db.ParamDef.IN"></ref></property>
	</bean>
	<bean id="pro_my_plan_manage_details_param7" class="net.bcgi.util.db.ParamDef" scope="singleton">
		<property name="name"><value>pi_rollover_yn</value></property>
		<property name="mapTo"><value>pi_rollover_yn</value></property>
		<property name="type"><ref bean="java.sql.Types.VARCHAR"></ref></property>
		<property name="position"><value>7</value></property>
		<property name="parameterType"><ref bean="net.bcgi.util.db.ParamDef.IN"></ref></property>
	</bean>
		<bean id="pro_my_plan_manage_details_param8" class="net.bcgi.util.db.ParamDef" scope="singleton">
		<property name="name"><value>pi_auto_renewal_yn</value></property>
		<property name="mapTo"><value>pi_auto_renewal_yn</value></property>
		<property name="type"><ref bean="java.sql.Types.VARCHAR"></ref></property>
		<property name="position"><value>8</value></property>
		<property name="parameterType"><ref bean="net.bcgi.util.db.ParamDef.IN"></ref></property>
	</bean>
	<bean id="pro_my_plan_manage_details_param9" class="net.bcgi.util.db.ParamDef" scope="singleton">
		<property name="name"><value>pi_max_renewal_count</value></property>
		<property name="mapTo"><value>pi_max_renewal_count</value></property>
		<property name="type"><ref bean="java.sql.Types.BIGINT"></ref></property>
		<property name="position"><value>9</value></property>
		<property name="parameterType"><ref bean="net.bcgi.util.db.ParamDef.IN"></ref></property>
	</bean>
		<bean id="pro_my_plan_manage_details_param10" class="net.bcgi.util.db.ParamDef" scope="singleton">
		<property name="name"><value>pi_mid_night_expiry_yn</value></property>
		<property name="mapTo"><value>pi_mid_night_expiry_yn</value></property>
		<property name="type"><ref bean="java.sql.Types.VARCHAR"></ref></property>
		<property name="position"><value>10</value></property>
		<property name="parameterType"><ref bean="net.bcgi.util.db.ParamDef.IN"></ref></property>
	</bean>
	      <bean id="pro_my_plan_manage_details_param11" class="net.bcgi.util.db.ParamDef" scope="singleton">
		<property name="name"><value>pi_user_id</value></property>
		<property name="mapTo"><value>pi_user_id</value></property>
		<property name="type"><ref bean="java.sql.Types.VARCHAR"></ref></property>
		<property name="position"><value>11</value></property>
		<property name="parameterType"><ref bean="net.bcgi.util.db.ParamDef.IN"></ref></property>
	</bean>
	<bean id="pro_my_plan_manage_details_param12" class="net.bcgi.util.db.ParamDef" scope="singleton">
		<property name="name"><value>pi_channel</value></property>
		<property name="mapTo"><value>pi_channel</value></property>
		<property name="type"><ref bean="java.sql.Types.VARCHAR"></ref></property>
		<property name="position"><value>12</value></property>
		<property name="parameterType"><ref bean="net.bcgi.util.db.ParamDef.IN"></ref></property>
	</bean>
		<bean id="pro_my_plan_manage_details_param13" class="net.bcgi.util.db.ParamDef" scope="singleton">
		<property name="name"><value>pi_extrnal_transaction_id</value></property>
		<property name="mapTo"><value>pi_extrnal_transaction_id</value></property>
		<property name="type"><ref bean="java.sql.Types.VARCHAR"></ref></property>
		<property name="position"><value>13</value></property>
		<property name="parameterType"><ref bean="net.bcgi.util.db.ParamDef.IN"></ref></property>
	</bean>
	<bean id="pro_my_plan_manage_details_param14" class="net.bcgi.util.db.ParamDef" scope="singleton">
		<property name="name"><value>pi_transaction_id</value></property>
		<property name="mapTo"><value>pi_transaction_id</value></property>
		<property name="type"><ref bean="java.sql.Types.VARCHAR"></ref></property>
		<property name="position"><value>14</value></property>
		<property name="parameterType"><ref bean="net.bcgi.util.db.ParamDef.IN"></ref></property>
	</bean>
		<bean id="pro_my_plan_manage_details_param15" class="net.bcgi.util.db.ParamDef" scope="singleton">
		<property name="name"><value>pi_status</value></property>
		<property name="mapTo"><value>pi_status</value></property>
		<property name="type"><ref bean="java.sql.Types.VARCHAR"></ref></property>
		<property name="position"><value>15</value></property>
		<property name="parameterType"><ref bean="net.bcgi.util.db.ParamDef.IN"></ref></property>
	</bean>
	      <bean id="pro_my_plan_manage_details_param16" class="net.bcgi.util.db.ParamDef" scope="singleton">
		<property name="name"><value>pi_remarks</value></property>
		<property name="mapTo"><value>pi_remarks</value></property>
		<property name="type"><ref bean="java.sql.Types.VARCHAR"></ref></property>
		<property name="position"><value>16</value></property>
		<property name="parameterType"><ref bean="net.bcgi.util.db.ParamDef.IN"></ref></property>
	</bean>
	        <bean id="pro_my_plan_manage_details_param17" class="net.bcgi.util.db.ParamDef" scope="singleton">
		<property name="name"><value>po_new_bill_date</value></property>
		<property name="mapTo"><value>po_new_bill_date</value></property>
		<property name="type"><ref bean="java.sql.Types.VARCHAR"></ref></property>
		<property name="position"><value>17</value></property>
		<property name="parameterType"><ref bean="net.bcgi.util.db.ParamDef.OUT"></ref></property>
	</bean>
	
	  <bean id="pro_my_plan_manage_details_param18" class="net.bcgi.util.db.ParamDef" scope="singleton">
		<property name="name"><value>po_call_postpaid</value></property>
		<property name="mapTo"><value>po_call_postpaid</value></property>
		<property name="type"><ref bean="java.sql.Types.VARCHAR"></ref></property>
		<property name="position"><value>18</value></property>
		<property name="parameterType"><ref bean="net.bcgi.util.db.ParamDef.OUT"></ref></property>
	</bean>
	   <bean id="pro_my_plan_manage_details_param19" class="net.bcgi.util.db.ParamDef" scope="singleton">
		<property name="name"><value>po_charge_dtls</value></property>
		<property name="mapTo"><value>po_charge_dtls</value></property>
		<property name="type"><ref bean="oracle.jdbc.driver.OracleTypes.CURSOR"></ref></property>
		<property name="position"><value>19</value></property>
		<property name="parameterType"><ref bean="net.bcgi.util.db.ParamDef.OUT"></ref></property>
	</bean>
	  <bean id="pro_my_plan_manage_details_param20" class="net.bcgi.util.db.ParamDef" scope="singleton">
		<property name="name"><value>po_immediat_effect_myplan</value></property>
		<property name="mapTo"><value>po_immediat_effect_myplan</value></property>
		<property name="type"><ref bean="java.sql.Types.VARCHAR"></ref></property>
		<property name="position"><value>20</value></property>
		<property name="parameterType"><ref bean="net.bcgi.util.db.ParamDef.OUT"></ref></property>
	</bean>
	
	       
	  
	  <bean id="pro_my_plan_manage_details_param21" class="net.bcgi.util.db.ParamDef" scope="singleton">
		<property name="name"><value>po_plan_change_trans_id</value></property>
		<property name="mapTo"><value>po_plan_change_trans_id</value></property>
		<property name="type"><ref bean="java.sql.Types.VARCHAR"></ref></property>
		<property name="position"><value>21</value></property>
		<property name="parameterType"><ref bean="net.bcgi.util.db.ParamDef.OUT"></ref></property>
	</bean>
		<bean id="pro_my_plan_manage_details_param22" class="net.bcgi.util.db.ParamDef" scope="singleton">
		<property name="name"><value>po_error_code</value></property>
		<property name="mapTo"><value>po_error_code</value></property>
		<property name="type"><ref bean="java.sql.Types.BIGINT"></ref></property>
		<property name="position"><value>22</value></property>
		<property name="parameterType"><ref bean="net.bcgi.util.db.ParamDef.OUT"></ref></property>
	</bean>
	<bean id="pro_my_plan_manage_details_param23" class="net.bcgi.util.db.ParamDef" scope="singleton">
		<property name="name"><value>po_error_desc</value></property>
		<property name="mapTo"><value>po_error_mesg</value></property>
		<property name="type"><ref bean="java.sql.Types.VARCHAR"></ref></property>
		<property name="position"><value>23</value></property>
		<property name="parameterType"><ref bean="net.bcgi.util.db.ParamDef.OUT"></ref></property>
	</bean>
		</beans>