<?xml version="1.0" encoding="UTF-8"?>
<!DOCTYPE beans PUBLIC "-//SPRING//DTD BEAN//EN" "http://www.springframework.org/dtd/spring-beans.dtd">
<beans>
	<bean id="pro_get_plan_details" class="net.bcgi.util.db.SPDefinition" scope="prototype">
	<property name="name"><value>cs_pkg_ivr_ussd_feature_mgmt.pro_get_plan_details</value></property>
	<property name="returnsResult"><value>false</value></property>
	<property name="parameters">
		<list> <!--  parameter list -->
			<ref bean="pro_get_plan_details_param1"></ref>
			<ref bean="pro_get_plan_details_param2"></ref>
			<ref bean="pro_get_plan_details_param3"></ref>
			<ref bean="pro_get_plan_details_param4"></ref>
			<ref bean="pro_get_plan_details_param5"></ref>
			<ref bean="pro_get_plan_details_param6"></ref>
			<ref bean="pro_get_plan_details_param7"></ref>
			<ref bean="pro_get_plan_details_param8"></ref>
			<ref bean="pro_get_plan_details_param9"></ref>
			<ref bean="pro_get_plan_details_param10"></ref>
			<ref bean="pro_get_plan_details_param11"></ref>
			<ref bean="pro_get_plan_details_param12"></ref>
			<ref bean="pro_get_plan_details_param13"></ref>
		</list>
	</property>
  </bean>
 
      
     
	<bean id="pro_get_plan_details_param1" class="net.bcgi.util.db.ParamDef" scope="singleton">
		<property name="name"><value>pi_network_id</value></property>
		<property name="mapTo"><value>pi_network_id</value></property>
		<property name="type"><ref bean="java.sql.Types.BIGINT"></ref></property>
		<property name="position"><value>1</value></property>
		<property name="parameterType"><ref bean="net.bcgi.util.db.ParamDef.IN"></ref></property>
	</bean>
	<bean id="pro_get_plan_details_param2" class="net.bcgi.util.db.ParamDef" scope="singleton">
		<property name="name"><value>pi_msisdn_no</value></property>
		<property name="mapTo"><value>pi_msisdn_no</value></property>
		<property name="type"><ref bean="java.sql.Types.BIGINT"></ref></property>
		<property name="position"><value>2</value></property>
		<property name="parameterType"><ref bean="net.bcgi.util.db.ParamDef.IN"></ref></property>
	</bean>   
	
	<bean id="pro_get_plan_details_param3" class="net.bcgi.util.db.ParamDef" scope="singleton">
		<property name="name"><value>pi_plan_name</value></property>
		<property name="mapTo"><value>pi_plan_name</value></property>
		<property name="type"><ref bean="java.sql.Types.VARCHAR"></ref></property>
		<property name="position"><value>3</value></property>
		<property name="parameterType"><ref bean="net.bcgi.util.db.ParamDef.IN"></ref></property>
	</bean>
		<bean id="pro_get_plan_details_param4" class="net.bcgi.util.db.ParamDef" scope="singleton">
		<property name="name"><value>pi_atp_category_by_offer</value></property>
		<property name="mapTo"><value>pi_atp_category_by_offer</value></property>
		<property name="type"><ref bean="java.sql.Types.VARCHAR"></ref></property>
		<property name="position"><value>4</value></property>
		<property name="parameterType"><ref bean="net.bcgi.util.db.ParamDef.IN"></ref></property>
	</bean>
	<bean id="pro_get_plan_details_param5" class="net.bcgi.util.db.ParamDef" scope="singleton">
		<property name="name"><value>po_current_plan_name</value></property>
		<property name="mapTo"><value>po_current_plan_name</value></property>
		<property name="type"><ref bean="java.sql.Types.VARCHAR"></ref></property>
		<property name="position"><value>5</value></property>
		<property name="parameterType"><ref bean="net.bcgi.util.db.ParamDef.OUT"></ref></property>
	</bean>
	<bean id="pro_get_plan_details_param6" class="net.bcgi.util.db.ParamDef" scope="singleton">
		<property name="name"><value>po_voice_details</value></property>
		<property name="mapTo"><value>po_voice_details</value></property>
		<property name="type"><ref bean="java.sql.Types.ARRAY"></ref></property>
		<property name="arrayName"><value>ARR_VARCHAR</value></property>
		<property name="position"><value>6</value></property>
		<property name="parameterType"><ref bean="net.bcgi.util.db.ParamDef.OUT"></ref></property>
	</bean>
	<bean id="pro_get_plan_details_param7" class="net.bcgi.util.db.ParamDef" scope="singleton">
		<property name="name"><value>po_sms_details</value></property>
		<property name="mapTo"><value>po_sms_details</value></property>
		<property name="type"><ref bean="java.sql.Types.ARRAY"></ref></property>
		<property name="arrayName"><value>ARR_VARCHAR</value></property>
		<property name="position"><value>7</value></property>
		<property name="parameterType"><ref bean="net.bcgi.util.db.ParamDef.OUT"></ref></property>
	</bean>
	<bean id="pro_get_plan_details_param8" class="net.bcgi.util.db.ParamDef" scope="singleton">
		<property name="name"><value>po_data_details</value></property>
		<property name="mapTo"><value>po_data_details</value></property>
		<property name="type"><ref bean="java.sql.Types.ARRAY"></ref></property>
		<property name="arrayName"><value>ARR_VARCHAR</value></property>
		<property name="position"><value>8</value></property>
		<property name="parameterType"><ref bean="net.bcgi.util.db.ParamDef.OUT"></ref></property>
	</bean>
	
	<bean id="pro_get_plan_details_param9" class="net.bcgi.util.db.ParamDef" scope="singleton">
		<property name="name"><value>po_plan_charge</value></property>
		<property name="mapTo"><value>po_plan_charge</value></property>
		<property name="type"><ref bean="java.sql.Types.DECIMAL"></ref></property>
		<property name="position"><value>9</value></property>
		<property name="parameterType"><ref bean="net.bcgi.util.db.ParamDef.OUT"></ref></property>
	</bean>
	<bean id="pro_get_plan_details_param10" class="net.bcgi.util.db.ParamDef" scope="singleton">
		<property name="name"><value>po_plan_id</value></property>
		<property name="mapTo"><value>po_plan_id</value></property>
		<property name="type"><ref bean="java.sql.Types.BIGINT"></ref></property>
		<property name="position"><value>10</value></property>
		<property name="parameterType"><ref bean="net.bcgi.util.db.ParamDef.OUT"></ref></property>
	</bean>
	<bean id="pro_get_plan_details_param11" class="net.bcgi.util.db.ParamDef" scope="singleton">
		<property name="name"><value>po_validity</value></property>
		<property name="mapTo"><value>po_validity</value></property>
		<property name="type"><ref bean="java.sql.Types.BIGINT"></ref></property>
		<property name="position"><value>11</value></property>
		<property name="parameterType"><ref bean="net.bcgi.util.db.ParamDef.OUT"></ref></property>
	</bean>
	<bean id="pro_get_plan_details_param12" class="net.bcgi.util.db.ParamDef" scope="singleton">
		<property name="name"><value>po_error_code</value></property>
		<property name="mapTo"><value>po_error_code</value></property>
		<property name="type"><ref bean="java.sql.Types.BIGINT"></ref></property>
		<property name="position"><value>12</value></property>
		<property name="parameterType"><ref bean="net.bcgi.util.db.ParamDef.OUT"></ref></property>
	</bean>
	<bean id="pro_get_plan_details_param13" class="net.bcgi.util.db.ParamDef" scope="singleton">
		<property name="name"><value>po_error_desc</value></property>
		<property name="mapTo"><value>po_error_mesg</value></property>
		<property name="type"><ref bean="java.sql.Types.VARCHAR"></ref></property>
		<property name="position"><value>13</value></property>
		<property name="parameterType"><ref bean="net.bcgi.util.db.ParamDef.OUT"></ref></property>
	</bean>
	
</beans>