<!DOCTYPE beans PUBLIC "-//SPRING//DTD BEAN//EN" "http://www.springframework.org/dtd/spring-beans.dtd">
<beans>
	<bean id="pro_get_plan_codes" class="net.bcgi.util.db.SPDefinition" scope="prototype">
	<property name="name"><value>cs_pkg_my_plan_mgmt.pro_get_plan_codes</value></property>
	<property name="returnsResult"><value>false</value></property>
	<property name="parameters">
		<list> 
		<!--  parameter list -->
			<ref bean="pro_get_plan_codes_details_param1"></ref>
			<ref bean="pro_get_plan_codes_details_param2"></ref>
			<ref bean="pro_get_plan_codes_details_param3"></ref>
			<ref bean="pro_get_plan_codes_details_param4"></ref>
       </list>
	</property>
	<property name="refCursors">
			<map>
				<entry key="2">
					<ref bean="po_my_plan_code_dtls"/>
				</entry>
				</map>
		</property>
			</bean>
	<bean id="po_my_plan_code_dtls" class="net.bcgi.util.db.ResultSetDef" scope="prototype">
		<property name="resultSetParams">
			<list>
				<ref bean="po_my_plan_code_dtls_param_1"></ref>
				<ref bean="po_my_plan_code_dtls_param_2"></ref>
	</list>
		</property>
		<property name="className" value="com.xius.billing.agent.domaindata.impl.product.GetPlanCodeCursorData"/>
	</bean>	
	<bean id="po_my_plan_code_dtls_param_1" class="net.bcgi.util.db.ResultSetParam" scope="singleton">
	  <property name="procedureColumnName"><value>bucket_api_code</value></property>
	  <property name="mapTo"><value>bucket_api_code</value></property>
	  <property name="columnType"><ref bean="java.sql.Types.VARCHAR"></ref></property>
	  <property name="position"><value>1</value></property>
	</bean>
	<bean id="po_my_plan_code_dtls_param_2" class="net.bcgi.util.db.ResultSetParam" scope="singleton">
	  <property name="procedureColumnName"><value>description</value></property>
	  <property name="mapTo"><value>description</value></property>
	  <property name="columnType"><ref bean="java.sql.Types.VARCHAR"></ref></property>
	  <property name="position"><value>2</value></property>
	</bean>
	
	<bean id="pro_get_plan_codes_details_param1" class="net.bcgi.util.db.ParamDef" scope="singleton">
		<property name="name"><value>pi_network_id</value></property>
		<property name="mapTo"><value>pi_network_id</value></property>
		<property name="type"><ref bean="java.sql.Types.BIGINT"></ref></property>
		<property name="position"><value>1</value></property>
		<property name="parameterType"><ref bean="net.bcgi.util.db.ParamDef.IN"></ref></property>
	</bean>
	<bean id="pro_get_plan_codes_details_param2" class="net.bcgi.util.db.ParamDef" scope="singleton">
		<property name="name"><value>po_my_plan_code_dtls</value></property>
		<property name="mapTo"><value>po_my_plan_code_dtls</value></property>
		<property name="type"><ref bean="oracle.jdbc.driver.OracleTypes.CURSOR"></ref></property>
		<property name="position"><value>2</value></property>
		<property name="parameterType"><ref bean="net.bcgi.util.db.ParamDef.OUT"></ref></property>
	</bean>
		<bean id="pro_get_plan_codes_details_param3" class="net.bcgi.util.db.ParamDef" scope="singleton">
		<property name="name"><value>po_error_code</value></property>
		<property name="mapTo"><value>po_error_code</value></property>
		<property name="type"><ref bean="java.sql.Types.BIGINT"></ref></property>
		<property name="position"><value>3</value></property>
		<property name="parameterType"><ref bean="net.bcgi.util.db.ParamDef.OUT"></ref></property>
	</bean>
	<bean id="pro_get_plan_codes_details_param4" class="net.bcgi.util.db.ParamDef" scope="singleton">
		<property name="name"><value>po_error_desc</value></property>
		<property name="mapTo"><value>po_error_mesg</value></property>
		<property name="type"><ref bean="java.sql.Types.VARCHAR"></ref></property>
		<property name="position"><value>4</value></property>
		<property name="parameterType"><ref bean="net.bcgi.util.db.ParamDef.OUT"></ref></property>
	</bean>
	
		</beans>