<?xml version="1.0" encoding="UTF-8" ?>
<!-- ====================================================================== -->
<!--                                                                        -->

<!--                                                                       -->
<!-- $Id: //depot/xb/MSP1.0/MSP-AWS/agents/iba/main/config/configxmls/proc-config/productmgmt/pro_product_purchage.xml#1 $     -->
<!-- This file  will maps the SP input parameters to java fields. -->
<!-- $Author: shashidhar.p $  $DateTime: 2023/08/04 15:19:58 $       -->
<!-- ====================================================================== -->

<!DOCTYPE beans PUBLIC "-//SPRING//DTD BEAN//EN" "http://www.springframework.org/dtd/spring-beans.dtd">

<beans>
	<!-- start pro_product_purchage -->
	<bean id="pro_product_purchage"
		class="net.bcgi.util.db.SPDefinition" scope="singleton">
		<property name="name"><value>pro_product_purchage</value></property>
		<property name="returnsResult"><value>false</value></property>
		<property name="parameters">
			<list>
	<!-- 		 PROCEDURE pro_product_purchage (
    	  pi_network_id          IN       NUMBER,
  		  pi_account_id          IN       NUMBER,
          pi_msisdn_no           IN       NUMBER,
          pi_product_id          IN       NUMBER,
          pi_external_trans_id   IN       VARCHAR2,
          pi_user_id             IN       VARCHAR2,
          po_internal_trans_id   OUT      VARCHAR2,
          po_error_code          OUT      NUMBER,
          po_error_desc          OUT      VARCHAR2    -->
			
				<ref bean="pro_product_purchage_1"></ref>
				<ref bean="pro_product_purchage_2"></ref>
				<ref bean="pro_product_purchage_3"></ref>
				<ref bean="pro_product_purchage_4"></ref>
				<ref bean="pro_product_purchage_5"></ref>
				<ref bean="pro_product_purchage_6"></ref>
				<ref bean="pro_product_purchage_7"></ref>
				<ref bean="pro_product_purchage_8"></ref>
				<ref bean="pro_product_purchage_9"></ref>
			</list>
		</property>
	</bean>

    <bean id="pro_product_purchage_1" class="net.bcgi.util.db.ParamDef" scope="singleton">
			<property name="name"><value>pi_network_id</value></property>
			<property name="mapTo"><value>pi_network_id</value></property>
			<property name="type"><ref bean="java.sql.Types.BIGINT"></ref></property>
			<property name="position"><value>1</value></property>
			<property name="parameterType"><ref bean="net.bcgi.util.db.ParamDef.IN"></ref></property>
	</bean>		
	<bean id="pro_product_purchage_2" class="net.bcgi.util.db.ParamDef" scope="singleton">
			<property name="name"><value>pi_account_id</value></property>
			<property name="mapTo"><value>pi_account_id</value></property>
			<property name="type"><ref bean="java.sql.Types.BIGINT"></ref></property>
			<property name="position"><value>2</value></property>
			<property name="parameterType"><ref bean="net.bcgi.util.db.ParamDef.IN"></ref></property>
	</bean>
	
	<bean id="pro_product_purchage_3" class="net.bcgi.util.db.ParamDef" scope="singleton">
			<property name="name"><value>pi_msisdn_no</value></property>
			<property name="mapTo"><value>pi_msisdn_no</value></property>
			<property name="type"><ref bean="java.sql.Types.BIGINT"></ref></property>
			<property name="position"><value>3</value></property>
			<property name="parameterType"><ref bean="net.bcgi.util.db.ParamDef.IN"></ref></property>
	</bean>
	
	<bean id="pro_product_purchage_4" class="net.bcgi.util.db.ParamDef" scope="singleton">
			<property name="name"><value>pi_product_id</value></property>
			<property name="mapTo"><value>pi_product_id</value></property>
			<property name="type"><ref bean="java.sql.Types.VARCHAR"></ref></property>
			<property name="position"><value>4</value></property>
			<property name="parameterType"><ref bean="net.bcgi.util.db.ParamDef.IN"></ref></property>
	</bean>

	<bean id="pro_product_purchage_5" class="net.bcgi.util.db.ParamDef" scope="singleton">
			<property name="name"><value>pi_external_trans_id</value></property>
			<property name="mapTo"><value>pi_external_trans_id</value></property>
			<property name="type"><ref bean="java.sql.Types.VARCHAR"></ref></property>
			<property name="position"><value>5</value></property>
			<property name="parameterType"><ref bean="net.bcgi.util.db.ParamDef.IN"></ref></property>
	</bean>
	<bean id="pro_product_purchage_6" class="net.bcgi.util.db.ParamDef" scope="singleton">
			<property name="name"><value>pi_user_id</value></property>
			<property name="mapTo"><value>pi_user_id</value></property>
			<property name="type"><ref bean="java.sql.Types.VARCHAR"></ref></property>
			<property name="position"><value>6</value></property>
			<property name="parameterType"><ref bean="net.bcgi.util.db.ParamDef.IN"></ref></property>
	</bean>	
	<bean id="pro_product_purchage_7" class="net.bcgi.util.db.ParamDef" scope="singleton">
			<property name="name"><value>po_internal_trans_id</value></property>
			<property name="mapTo"><value>po_internal_trans_id</value></property>
			<property name="type"><ref bean="java.sql.Types.VARCHAR"></ref></property>
			<property name="position"><value>7</value></property>
			<property name="parameterType"><ref bean="net.bcgi.util.db.ParamDef.OUT"></ref></property>
	</bean>
	<bean id="pro_product_purchage_8" class="net.bcgi.util.db.ParamDef" scope="singleton">
			<property name="name"><value>po_error_code</value></property>
			<property name="mapTo"><value>po_error_code</value></property>
			<property name="type"><ref bean="java.sql.Types.BIGINT"></ref></property>
			<property name="position"><value>8</value></property>
			<property name="parameterType"><ref bean="net.bcgi.util.db.ParamDef.OUT"></ref></property>
	</bean>
	<bean id="pro_product_purchage_9" class="net.bcgi.util.db.ParamDef" scope="singleton">
			<property name="name"><value>po_error_desc</value></property>
			<property name="mapTo"><value>po_error_mesg</value></property>
			<property name="type"><ref bean="java.sql.Types.VARCHAR"></ref></property>
			<property name="position"><value>9</value></property>
			<property name="parameterType"><ref bean="net.bcgi.util.db.ParamDef.OUT"></ref></property>
	</bean>

 </beans>
