<?xml version="1.0" encoding="UTF-8"?>
 
 
<!DOCTYPE beans PUBLIC "-//SPRING//DTD BEAN//EN" "http://www.springframework.org/dtd/spring-beans.dtd">
<beans>
	<bean id="pro_get_atp_remaining_bktbal" class="net.bcgi.util.db.SPDefinition" scope="prototype">
	<property name="name"><value>pro_get_atp_remaining_bktbal</value></property>
	<property name="returnsResult"><value>false</value></property>
	<property name="parameters">
		<list> <!--  parameter list -->
			<ref bean="pro_get_atp_remaining_bktbal_param1"></ref>
			<ref bean="pro_get_atp_remaining_bktbal_param2"></ref>
			<ref bean="pro_get_atp_remaining_bktbal_param3"></ref>
			<ref bean="pro_get_atp_remaining_bktbal_param4"></ref>
			<ref bean="pro_get_atp_remaining_bktbal_param5"></ref>
			<ref bean="pro_get_atp_remaining_bktbal_param6"></ref>
			<ref bean="pro_get_atp_remaining_bktbal_param7"></ref>
		   	<ref bean="pro_get_atp_remaining_bktbal_param8"></ref>
			<ref bean="pro_get_atp_remaining_bktbal_param9"></ref>
			<ref bean="pro_get_atp_remaining_bktbal_param10"></ref>
			
		</list>
	</property>
	<!-- <property name="refCursors">
			<map>
				<entry key="5">
					<ref bean="po_remaining_units"/>
				</entry>
				</map>
		</property> -->
  </bean>

<!-- 
<bean id="po_remaining_units" class="net.bcgi.util.db.ResultSetDef" scope="prototype">
		<property name="resultSetParams">
			<list>
				<ref bean="po_remaining_units_param_1"></ref>
				<ref bean="po_remaining_units_param_2"></ref>
				<ref bean="po_remaining_units_param_3"></ref>
				<ref bean="po_remaining_units_param_4"></ref>
				
			</list>
		</property>
		<property name="className" value="com.xius.billing.agent.domaindata.impl.product.BundleBalanceCusorData"/>
	</bean>	
	<bean id="po_remaining_units_param_1" class="net.bcgi.util.db.ResultSetParam" scope="singleton">
	  <property name="procedureColumnName"><value>bucket_unit_value</value></property>
	  <property name="mapTo"><value>bucket_unit_value</value></property>
	  <property name="columnType"><ref bean="java.sql.Types.DECIMAL"></ref></property>
	  <property name="position"><value>1</value></property>
	</bean>
	<bean id="po_remaining_units_param_2" class="net.bcgi.util.db.ResultSetParam" scope="singleton">
	  <property name="procedureColumnName"><value>balance_type</value></property>
	  <property name="mapTo"><value>balance_type</value></property>
	  <property name="columnType"><ref bean="java.sql.Types.VARCHAR"></ref></property>
	  <property name="position"><value>2</value></property>
	</bean>
	<bean id="po_remaining_units_param_3" class="net.bcgi.util.db.ResultSetParam" scope="singleton">
	  <property name="procedureColumnName"><value>zone_group_id</value></property>
	  <property name="mapTo"><value>zone_group_id</value></property>
	  <property name="columnType"><ref bean="java.sql.Types.BIGINT"></ref></property>
	  <property name="position"><value>3</value></property>
	</bean>
	<bean id="po_remaining_units_param_4" class="net.bcgi.util.db.ResultSetParam" scope="singleton">
	  <property name="procedureColumnName"><value>bucket_unit_type</value></property>
	  <property name="mapTo"><value>bucket_unit_type</value></property>
	  <property name="columnType"><ref bean="java.sql.Types.VARCHAR"></ref></property>
	  <property name="position"><value>4</value></property>
	</bean>
 -->




	<bean id="pro_get_atp_remaining_bktbal_param1" class="net.bcgi.util.db.ParamDef" scope="singleton">
		<property name="name"><value>pi_network_id</value></property>
		<property name="mapTo"><value>pi_network_id</value></property>
		<property name="type"><ref bean="java.sql.Types.BIGINT"></ref></property>
		<property name="position"><value>1</value></property>
		<property name="parameterType"><ref bean="net.bcgi.util.db.ParamDef.IN"></ref></property>
	</bean>
	<bean id="pro_get_atp_remaining_bktbal_param2" class="net.bcgi.util.db.ParamDef" scope="singleton">
		<property name="name"><value>pi_msisdn_no</value></property>
		<property name="mapTo"><value>pi_msisdn_no</value></property>
		<property name="type"><ref bean="java.sql.Types.BIGINT"></ref></property>
		<property name="position"><value>2</value></property>
		<property name="parameterType"><ref bean="net.bcgi.util.db.ParamDef.IN"></ref></property>
	</bean>
	
	<bean id="pro_get_atp_remaining_bktbal_param3" class="net.bcgi.util.db.ParamDef" scope="singleton">
		<property name="name"><value>pi_publicity_id</value></property>
		<property name="mapTo"><value>pi_publicity_id</value></property>
	   <property name="type"><ref bean="java.sql.Types.VARCHAR"></ref></property>
		<property name="position"><value>3</value></property>
		<property name="parameterType"><ref bean="net.bcgi.util.db.ParamDef.IN"></ref></property>
	</bean>
	
	<bean id="pro_get_atp_remaining_bktbal_param4" class="net.bcgi.util.db.ParamDef" scope="singleton">
		<property name="name"><value>pi_atp_id</value></property>
		<property name="mapTo"><value>pi_atp_id</value></property>
		<property name="type"><ref bean="java.sql.Types.BIGINT"></ref></property>
		<property name="position"><value>4</value></property>
		<property name="parameterType"><ref bean="net.bcgi.util.db.ParamDef.IN"></ref></property>
	</bean>
	
	<!-- <bean id="pro_get_atp_remaining_bktbal_param5" class="net.bcgi.util.db.ParamDef" scope="singleton">
		<property name="name"><value>po_remaining_units</value></property>
		<property name="mapTo"><value>po_remaining_units</value></property>
		<property name="type"><ref bean="oracle.jdbc.driver.OracleTypes.CURSOR"></ref></property>
		<property name="position"><value>5</value></property>
		<property name="parameterType"><ref bean="net.bcgi.util.db.ParamDef.OUT"></ref></property>
	</bean> -->
	
	<bean id="pro_get_atp_remaining_bktbal_param5" class="net.bcgi.util.db.ParamDef" scope="singleton">
		<property name="name"><value>po_voice_details</value></property>
		<property name="mapTo"><value>po_voice_details</value></property>
		<property name="type"><ref bean="java.sql.Types.ARRAY"></ref></property>
		<property name="arrayName"><value>ARR_VARCHAR</value></property>
		<property name="position"><value>5</value></property>
		<property name="parameterType"><ref bean="net.bcgi.util.db.ParamDef.OUT"></ref></property>
	</bean>
	<bean id="pro_get_atp_remaining_bktbal_param6" class="net.bcgi.util.db.ParamDef" scope="singleton">
		<property name="name"><value>po_sms_details</value></property>
		<property name="mapTo"><value>po_sms_details</value></property>
		<property name="type"><ref bean="java.sql.Types.ARRAY"></ref></property>
		<property name="arrayName"><value>ARR_VARCHAR</value></property>
		<property name="position"><value>6</value></property>
		<property name="parameterType"><ref bean="net.bcgi.util.db.ParamDef.OUT"></ref></property>
	</bean>
	<bean id="pro_get_atp_remaining_bktbal_param7" class="net.bcgi.util.db.ParamDef" scope="singleton">
		<property name="name"><value>po_data_details</value></property>
		<property name="mapTo"><value>po_data_details</value></property>
		<property name="type"><ref bean="java.sql.Types.ARRAY"></ref></property>
		<property name="arrayName"><value>ARR_VARCHAR</value></property>
		<property name="position"><value>7</value></property>
		<property name="parameterType"><ref bean="net.bcgi.util.db.ParamDef.OUT"></ref></property>
	</bean>
	
	<bean id="pro_get_atp_remaining_bktbal_param8" class="net.bcgi.util.db.ParamDef" scope="singleton">
		<property name="name"><value>po_global_details</value></property>
		<property name="mapTo"><value>po_global_details</value></property>
		<property name="type"><ref bean="java.sql.Types.ARRAY"></ref></property>
		<property name="arrayName"><value>ARR_VARCHAR</value></property>
		<property name="position"><value>8</value></property>
		<property name="parameterType"><ref bean="net.bcgi.util.db.ParamDef.OUT"></ref></property>
	</bean>
	<bean id="pro_get_atp_remaining_bktbal_param9" class="net.bcgi.util.db.ParamDef" scope="singleton">
		<property name="name"><value>po_error_code</value></property>
		<property name="mapTo"><value>po_error_code</value></property>
		<property name="type"><ref bean="java.sql.Types.BIGINT"></ref></property>
		<property name="position"><value>9</value></property>
		<property name="parameterType"><ref bean="net.bcgi.util.db.ParamDef.OUT"></ref></property>
	</bean>
	<bean id="pro_get_atp_remaining_bktbal_param10" class="net.bcgi.util.db.ParamDef" scope="singleton">
		<property name="name"><value>po_error_desc</value></property>
		<property name="mapTo"><value>po_error_mesg</value></property>
		<property name="type"><ref bean="java.sql.Types.VARCHAR"></ref></property>
		<property name="position"><value>10</value></property>
		<property name="parameterType"><ref bean="net.bcgi.util.db.ParamDef.OUT"></ref></property>
	</bean>
	
</beans>