<!DOCTYPE beans PUBLIC "-//SPRING//DTD BEAN//EN" "http://www.springframework.org/dtd/spring-beans.dtd">
<beans>
	<bean id="pro_get_product_dtls" class="net.bcgi.util.db.SPDefinition" scope="prototype">
	<property name="name"><value>pro_get_product_details</value></property>
	<property name="returnsResult"><value>false</value></property>
	<property name="parameters">
		<list> <!--  parameter list -->
			<ref bean="pro_get_product_dtls_param1"></ref>
			<ref bean="pro_get_product_dtls_param2"></ref>
			<ref bean="pro_get_product_dtls_param3"></ref>
			<ref bean="pro_get_product_dtls_param4"></ref>
			<ref bean="pro_get_product_dtls_param5"></ref>
			<ref bean="pro_get_product_dtls_param6"></ref>
			<ref bean="pro_get_product_dtls_param7"></ref>
		</list>
	</property>
	<property name="refCursors">
			<map>
				<entry key="5">
					<ref bean="po_product_details_1"/>
				</entry>
				</map>
		</property>
	</bean>
	<bean id="po_product_details_1" class="net.bcgi.util.db.ResultSetDef" scope="prototype">
		<property name="resultSetParams">
			<list>
				<ref bean="po_product_dtls_param_1"></ref>
				<ref bean="po_product_dtls_param_2"></ref>
				<ref bean="po_product_dtls_param_3"></ref>
			</list>
		</property>
		<property name="className" value="com.xius.billing.agent.domaindata.impl.product.GetProductDtlsCusorData"/>
	</bean>	
	<bean id="po_product_dtls_param_1" class="net.bcgi.util.db.ResultSetParam" scope="singleton">
	  <property name="procedureColumnName"><value>Product_id</value></property>
	  <property name="mapTo"><value>Product_id</value></property>
	  <property name="columnType"><ref bean="java.sql.Types.BIGINT"></ref></property>
	  <property name="position"><value>1</value></property>
	</bean>
	<bean id="po_product_dtls_param_2" class="net.bcgi.util.db.ResultSetParam" scope="singleton">
	  <property name="procedureColumnName"><value>product_desc</value></property>
	  <property name="mapTo"><value>product_desc</value></property>
	  <property name="columnType"><ref bean="java.sql.Types.VARCHAR"></ref></property>
	  <property name="position"><value>2</value></property>
	</bean>
	<bean id="po_product_dtls_param_3" class="net.bcgi.util.db.ResultSetParam" scope="singleton">
	  <property name="procedureColumnName"><value>Charge</value></property>
	  <property name="mapTo"><value>Charge</value></property>
	  <property name="columnType"><ref bean="java.sql.Types.DECIMAL"></ref></property>
	  <property name="position"><value>3</value></property>
	</bean>
	
	<bean id="pro_get_product_dtls_param1" class="net.bcgi.util.db.ParamDef" scope="singleton">
		<property name="name"><value>pi_network_id</value></property>
		<property name="mapTo"><value>pi_network_id</value></property>
		<property name="type"><ref bean="java.sql.Types.BIGINT"></ref></property>
		<property name="position"><value>1</value></property>
		<property name="parameterType"><ref bean="net.bcgi.util.db.ParamDef.IN"></ref></property>
	</bean>
	<bean id="pro_get_product_dtls_param2" class="net.bcgi.util.db.ParamDef" scope="singleton">
		<property name="name"><value>pi_account_id</value></property>
		<property name="mapTo"><value>pi_account_id</value></property>
		<property name="type"><ref bean="java.sql.Types.BIGINT"></ref></property>
		<property name="position"><value>2</value></property>
		<property name="parameterType"><ref bean="net.bcgi.util.db.ParamDef.IN"></ref></property>
	</bean>
	
	<bean id="pro_get_product_dtls_param3" class="net.bcgi.util.db.ParamDef" scope="singleton">
		<property name="name"><value>pi_msisdn_no</value></property>
		<property name="mapTo"><value>pi_msisdn_no</value></property>
		<property name="type"><ref bean="java.sql.Types.BIGINT"></ref></property>
		<property name="position"><value>3</value></property>
		<property name="parameterType"><ref bean="net.bcgi.util.db.ParamDef.IN"></ref></property>
	</bean>
	
	<bean id="pro_get_product_dtls_param4" class="net.bcgi.util.db.ParamDef" scope="singleton">
		<property name="name"><value>pi_atp_category_by_offer</value></property>
		<property name="mapTo"><value>pi_atp_category_by_offer</value></property>
		<property name="type"><ref bean="java.sql.Types.VARCHAR"></ref></property>
		<property name="position"><value>4</value></property>
		<property name="parameterType"><ref bean="net.bcgi.util.db.ParamDef.IN"></ref></property>
	</bean>
	
	<bean id="pro_get_product_dtls_param5" class="net.bcgi.util.db.ParamDef" scope="singleton">
		<property name="name"><value>po_product_details</value></property>
		<property name="mapTo"><value>po_product_details_1</value></property>
		<property name="type"><ref bean="oracle.jdbc.driver.OracleTypes.CURSOR"></ref></property>
		<property name="position"><value>5</value></property>
		<property name="parameterType"><ref bean="net.bcgi.util.db.ParamDef.OUT"></ref></property>
	</bean>
	<bean id="pro_get_product_dtls_param6" class="net.bcgi.util.db.ParamDef" scope="singleton">
		<property name="name"><value>po_error_code</value></property>
		<property name="mapTo"><value>po_error_code</value></property>
		<property name="type"><ref bean="java.sql.Types.BIGINT"></ref></property>
		<property name="position"><value>6</value></property>
		<property name="parameterType"><ref bean="net.bcgi.util.db.ParamDef.OUT"></ref></property>
	</bean>
	<bean id="pro_get_product_dtls_param7" class="net.bcgi.util.db.ParamDef" scope="singleton">
		<property name="name"><value>po_error_desc</value></property>
		<property name="mapTo"><value>po_error_mesg</value></property>
		<property name="type"><ref bean="java.sql.Types.VARCHAR"></ref></property>
		<property name="position"><value>7</value></property>
		<property name="parameterType"><ref bean="net.bcgi.util.db.ParamDef.OUT"></ref></property>
	</bean>
	
</beans>