<?xml version="1.0" encoding="UTF-8"?>
<!DOCTYPE beans PUBLIC "-//SPRING//DTD BEAN//EN" "http://www.springframework.org/dtd/spring-beans.dtd">
<beans>
	<bean id="pro_get_subs_plan_details" class="net.bcgi.util.db.SPDefinition" scope="prototype">
	<property name="name"><value>pro_get_subs_plan_details</value></property>
	<property name="returnsResult"><value>false</value></property>
	<property name="parameters">
		<list> <!--  parameter list -->
			<ref bean="pro_get_subs_plan_details_param1"></ref>
			<ref bean="pro_get_subs_plan_details_param2"></ref>
			<ref bean="pro_get_subs_plan_details_param3"></ref>
			<ref bean="pro_get_subs_plan_details_param4"></ref>
			<ref bean="pro_get_subs_plan_details_param5"></ref>
			<ref bean="pro_get_subs_plan_details_param6"></ref>
			<ref bean="pro_get_subs_plan_details_param7"></ref>
			<ref bean="pro_get_subs_plan_details_param8"></ref>
		</list>
	</property>
	
	<property name="refCursors">
			<map>
				<entry key="4">
					<ref bean="po_current_tarrif_pack_dtls"/>
				</entry>
				<entry key="5">
					<ref bean="po_assigned_atp"/>
				</entry>
	
				<entry key="6">
					<ref bean="po_available_atp"/>
				</entry>
				</map>
		</property>
	</bean>
	<bean id="po_current_tarrif_pack_dtls" class="net.bcgi.util.db.ResultSetDef" scope="prototype">
		<property name="resultSetParams">
			<list>
				<ref bean="po_current_tarrif_pack_dtls_param_1"></ref>
				<ref bean="po_current_tarrif_pack_dtls_param_2"></ref>
				
			</list>
		</property>
		<property name="className" value="com.xius.billing.agent.domaindata.impl.product.TPdtlsCusorData"/>
	</bean>	
	<bean id="po_current_tarrif_pack_dtls_param_1" class="net.bcgi.util.db.ResultSetParam" scope="singleton">
	  <property name="procedureColumnName"><value>tariff_package_id</value></property>
	  <property name="mapTo"><value>tariff_package_id</value></property>
	  <property name="columnType"><ref bean="java.sql.Types.BIGINT"></ref></property>
	  <property name="position"><value>1</value></property>
	</bean>
	<bean id="po_current_tarrif_pack_dtls_param_2" class="net.bcgi.util.db.ResultSetParam" scope="singleton">
	  <property name="procedureColumnName"><value>tariff_package_desc</value></property>
	  <property name="mapTo"><value>tariff_package_desc</value></property>
	  <property name="columnType"><ref bean="java.sql.Types.VARCHAR"></ref></property>
	  <property name="position"><value>2</value></property>
	</bean>
	
	<bean id="po_assigned_atp" class="net.bcgi.util.db.ResultSetDef" scope="prototype">
		<property name="resultSetParams">
			<list>
				<ref bean="po_assigned_atp_param_1"></ref>
				<ref bean="po_assigned_atp_param_2"></ref>
				<ref bean="po_assigned_atp_param_3"></ref>
				<ref bean="po_assigned_atp_param_4"></ref>
				<ref bean="po_assigned_atp_param_5"></ref>
			</list>
		</property>
		<property name="className" value="com.xius.billing.agent.domaindata.impl.product.AssignedATPCursorData"/>
	</bean>	
	
 
	<bean id="po_assigned_atp_param_1" class="net.bcgi.util.db.ResultSetParam" scope="singleton">
	  <property name="procedureColumnName"><value>bucket_unit_value</value></property>
	  <property name="mapTo"><value>bucket_unit_value</value></property>
	  <property name="columnType"><ref bean="java.sql.Types.DECIMAL"></ref></property>
	  <property name="position"><value>1</value></property>
	</bean>
	<bean id="po_assigned_atp_param_2" class="net.bcgi.util.db.ResultSetParam" scope="singleton">
	  <property name="procedureColumnName"><value>balance_type</value></property>
	  <property name="mapTo"><value>balance_type</value></property>
	  <property name="columnType"><ref bean="java.sql.Types.VARCHAR"></ref></property>
	  <property name="position"><value>2</value></property>
	</bean>
	<bean id="po_assigned_atp_param_3" class="net.bcgi.util.db.ResultSetParam" scope="singleton">
	  <property name="procedureColumnName"><value>zone_group_id</value></property>
	  <property name="mapTo"><value>zone_group_id</value></property>
	  <property name="columnType"><ref bean="java.sql.Types.BIGINT"></ref></property>
	  <property name="position"><value>3</value></property>
	</bean>
	<bean id="po_assigned_atp_param_4" class="net.bcgi.util.db.ResultSetParam" scope="singleton">
	  <property name="procedureColumnName"><value>bucket_unit_type</value></property>
	  <property name="mapTo"><value>bucket_unit_type</value></property>
	  <property name="columnType"><ref bean="java.sql.Types.VARCHAR"></ref></property>
	  <property name="position"><value>4</value></property>
	</bean>
	<bean id="po_assigned_atp_param_5" class="net.bcgi.util.db.ResultSetParam" scope="singleton">
	  <property name="procedureColumnName"><value>publicity_id</value></property>
	  <property name="mapTo"><value>publicity_id</value></property>
	  <property name="columnType"><ref bean="java.sql.Types.VARCHAR"></ref></property>
	  <property name="position"><value>5</value></property>
	</bean>
	
	<bean id="po_available_atp" class="net.bcgi.util.db.ResultSetDef" scope="prototype">
		<property name="resultSetParams">
			<list>
				<ref bean="po_available_atp_param_1"></ref>
				<ref bean="po_available_atp_param_2"></ref>
				<ref bean="po_available_atp_param_3"></ref>
				<ref bean="po_available_atp_param_4"></ref>
				<ref bean="po_available_atp_param_5"></ref>
			</list>
		</property>
		<property name="className" value="com.xius.billing.agent.domaindata.impl.product.AvailableATPCursorData"/>
	</bean>	
	
	<bean id="po_available_atp_param_1" class="net.bcgi.util.db.ResultSetParam" scope="singleton">
	  <property name="procedureColumnName"><value>bucket_unit_value</value></property>
	  <property name="mapTo"><value>bucket_unit_value</value></property>
	  <property name="columnType"><ref bean="java.sql.Types.DECIMAL"></ref></property>
	  <property name="position"><value>1</value></property>
	</bean>
	<bean id="po_available_atp_param_2" class="net.bcgi.util.db.ResultSetParam" scope="singleton">
	  <property name="procedureColumnName"><value>balance_category</value></property>
	  <property name="mapTo"><value>balance_category</value></property>
	  <property name="columnType"><ref bean="java.sql.Types.VARCHAR"></ref></property>
	  <property name="position"><value>2</value></property>
	</bean>
	<bean id="po_available_atp_param_3" class="net.bcgi.util.db.ResultSetParam" scope="singleton">
	  <property name="procedureColumnName"><value>zone_group_id</value></property>
	  <property name="mapTo"><value>zone_group_id</value></property>
	  <property name="columnType"><ref bean="java.sql.Types.BIGINT"></ref></property>
	  <property name="position"><value>3</value></property>
	</bean>
	<bean id="po_available_atp_param_4" class="net.bcgi.util.db.ResultSetParam" scope="singleton">
	  <property name="procedureColumnName"><value>bucket_unit_type</value></property>
	  <property name="mapTo"><value>bucket_unit_type</value></property>
	  <property name="columnType"><ref bean="java.sql.Types.VARCHAR"></ref></property>
	  <property name="position"><value>4</value></property>
	</bean>
	<bean id="po_available_atp_param_5" class="net.bcgi.util.db.ResultSetParam" scope="singleton">
	  <property name="procedureColumnName"><value>atp_id</value></property>
	  <property name="mapTo"><value>atp_id</value></property>
	  <property name="columnType"><ref bean="java.sql.Types.BIGINT"></ref></property>
	  <property name="position"><value>5</value></property>
	</bean>

	<bean id="pro_get_subs_plan_details_param1" class="net.bcgi.util.db.ParamDef" scope="singleton">
		<property name="name"><value>pi_network_id</value></property>
		<property name="mapTo"><value>pi_network_id</value></property>
		<property name="type"><ref bean="java.sql.Types.BIGINT"></ref></property>
		<property name="position"><value>1</value></property>
		<property name="parameterType"><ref bean="net.bcgi.util.db.ParamDef.IN"></ref></property>
	</bean>
	<bean id="pro_get_subs_plan_details_param2" class="net.bcgi.util.db.ParamDef" scope="singleton">
		<property name="name"><value>pi_msisdn_no</value></property>
		<property name="mapTo"><value>pi_msisdn_no</value></property>
		<property name="type"><ref bean="java.sql.Types.BIGINT"></ref></property>
		<property name="position"><value>2</value></property>
		<property name="parameterType"><ref bean="net.bcgi.util.db.ParamDef.IN"></ref></property>
	</bean>
	<bean id="pro_get_subs_plan_details_param3" class="net.bcgi.util.db.ParamDef" scope="singleton">
		<property name="name"><value>pi_atp_category_by_offer</value></property>
		<property name="mapTo"><value>pi_atp_category_by_offer</value></property>
	   <property name="type"><ref bean="java.sql.Types.ARRAY"></ref></property>
		<property name="arrayName"><value>ARR_VARCHAR</value></property>
		<property name="position"><value>3</value></property>
		<property name="parameterType"><ref bean="net.bcgi.util.db.ParamDef.IN"></ref></property>
	</bean>
	
	<bean id="pro_get_subs_plan_details_param4" class="net.bcgi.util.db.ParamDef" scope="singleton">
			<property name="name"><value>po_current_tarrif_pack_dtls</value></property>
		<property name="mapTo"><value>po_current_tarrif_pack_dtls</value></property>
		<property name="type"><ref bean="oracle.jdbc.driver.OracleTypes.CURSOR"></ref></property>
		<property name="position"><value>4</value></property>
		<property name="parameterType"><ref bean="net.bcgi.util.db.ParamDef.OUT"></ref></property>
	</bean>
	<bean id="pro_get_subs_plan_details_param5" class="net.bcgi.util.db.ParamDef" scope="singleton">
		<property name="name"><value>po_assigned_atp</value></property>
		<property name="mapTo"><value>po_assigned_atp</value></property>
		<property name="type"><ref bean="oracle.jdbc.driver.OracleTypes.CURSOR"></ref></property>
		<property name="position"><value>5</value></property>
		<property name="parameterType"><ref bean="net.bcgi.util.db.ParamDef.OUT"></ref></property>
	</bean>
	<bean id="pro_get_subs_plan_details_param6" class="net.bcgi.util.db.ParamDef" scope="singleton">
		<property name="name"><value>po_available_atp</value></property>
		<property name="mapTo"><value>po_available_atp</value></property>
		<property name="type"><ref bean="oracle.jdbc.driver.OracleTypes.CURSOR"></ref></property>
		<property name="position"><value>6</value></property>
		<property name="parameterType"><ref bean="net.bcgi.util.db.ParamDef.OUT"></ref></property>
	</bean>
	
	<bean id="pro_get_subs_plan_details_param7" class="net.bcgi.util.db.ParamDef" scope="singleton">
		<property name="name"><value>po_error_code</value></property>
		<property name="mapTo"><value>po_error_code</value></property>
		<property name="type"><ref bean="java.sql.Types.BIGINT"></ref></property>
		<property name="position"><value>7</value></property>
		<property name="parameterType"><ref bean="net.bcgi.util.db.ParamDef.OUT"></ref></property>
	</bean>
	<bean id="pro_get_subs_plan_details_param8" class="net.bcgi.util.db.ParamDef" scope="singleton">
		<property name="name"><value>po_error_desc</value></property>
		<property name="mapTo"><value>po_error_mesg</value></property>
		<property name="type"><ref bean="java.sql.Types.VARCHAR"></ref></property>
		<property name="position"><value>8</value></property>
		<property name="parameterType"><ref bean="net.bcgi.util.db.ParamDef.OUT"></ref></property>
	</bean>
</beans>