<!DOCTYPE beans PUBLIC "-//SPRING//DTD BEAN//EN" "http://www.springframework.org/dtd/spring-beans.dtd">
<beans>
	<bean id="pro_get_subs_service_dtls" class="net.bcgi.util.db.SPDefinition" scope="prototype">
	<property name="name"><value>pro_get_subs_service_dtls</value></property>
	<property name="returnsResult"><value>false</value></property>
	<property name="parameters">
		<list> <!--  parameter list -->
			<ref bean="pro_get_subs_service_dtls_param1"></ref>
			<ref bean="pro_get_subs_service_dtls_param2"></ref>
			<ref bean="pro_get_subs_service_dtls_param3"></ref>
			<ref bean="pro_get_subs_service_dtls_param4"></ref>
			<ref bean="pro_get_subs_service_dtls_param5"></ref>
			<ref bean="pro_get_subs_service_dtls_param6"></ref>
			<ref bean="pro_get_subs_service_dtls_param7"></ref>
		</list>
	</property>
	<property name="refCursors">
			<map>
				<entry key="5">
					<ref bean="po_service_pack_dtls"/>
				</entry>
				</map>
		</property>
	</bean>
	<bean id="po_service_pack_dtls" class="net.bcgi.util.db.ResultSetDef" scope="prototype">
		<property name="resultSetParams">
			<list>
				<ref bean="po_service_pack_dtls_param_1"></ref>
				<ref bean="po_service_pack_dtls_param_2"></ref>
				<ref bean="po_service_pack_dtls_param_3"></ref>
				<ref bean="po_service_pack_dtls_param_4"></ref>
				<ref bean="po_service_pack_dtls_param_5"></ref>
				<ref bean="po_service_pack_dtls_param_6"></ref>
				<ref bean="po_service_pack_dtls_param_7"></ref>
				<ref bean="po_service_pack_dtls_param_8"></ref>
				<ref bean="po_service_pack_dtls_param_9"></ref>
				<ref bean="po_service_pack_dtls_param_10"></ref>
				<ref bean="po_service_pack_dtls_param_11"></ref>
				<ref bean="po_service_pack_dtls_param_12"></ref>
				<ref bean="po_service_pack_dtls_param_13"></ref>
				<ref bean="po_service_pack_dtls_param_14"></ref>
			</list>
		</property>
		<property name="className" value="com.xius.billing.agent.domaindata.impl.product.GetSubServicePackDtlsCursorData"/>
	</bean>	
	<bean id="po_service_pack_dtls_param_1" class="net.bcgi.util.db.ResultSetParam" scope="singleton">
	  <property name="procedureColumnName"><value>service_package_id</value></property>
	  <property name="mapTo"><value>service_package_id</value></property>
	  <property name="columnType"><ref bean="java.sql.Types.BIGINT"></ref></property>
	  <property name="position"><value>1</value></property>
	</bean>
	<bean id="po_service_pack_dtls_param_2" class="net.bcgi.util.db.ResultSetParam" scope="singleton">
	  <property name="procedureColumnName"><value>publicity_id</value></property>
	  <property name="mapTo"><value>publicity_id</value></property>
	  <property name="columnType"><ref bean="java.sql.Types.VARCHAR"></ref></property>
	  <property name="position"><value>2</value></property>
	  	</bean>
	  <bean id="po_service_pack_dtls_param_3" class="net.bcgi.util.db.ResultSetParam" scope="singleton">
	  <property name="procedureColumnName"><value>description</value></property>
	  <property name="mapTo"><value>description</value></property>
	  <property name="columnType"><ref bean="java.sql.Types.VARCHAR"></ref></property>
	  <property name="position"><value>3</value></property>
	</bean>
	  	
	<bean id="po_service_pack_dtls_param_4" class="net.bcgi.util.db.ResultSetParam" scope="singleton">
	  <property name="procedureColumnName"><value>activation_fee</value></property>
	  <property name="mapTo"><value>activation_fee</value></property>
	  <property name="columnType"><ref bean="java.sql.Types.DECIMAL"></ref></property>
	  <property name="position"><value>4</value></property>
	</bean>
	
	<bean id="po_service_pack_dtls_param_5" class="net.bcgi.util.db.ResultSetParam" scope="singleton">
	  <property name="procedureColumnName"><value>rental_fee</value></property>
	  <property name="mapTo"><value>rental_fee</value></property>
	  <property name="columnType"><ref bean="java.sql.Types.DECIMAL"></ref></property>
	  <property name="position"><value>5</value></property>
	</bean>
	 <bean id="po_service_pack_dtls_param_6" class="net.bcgi.util.db.ResultSetParam" scope="singleton">
	  <property name="procedureColumnName"><value>bucket_unit_type</value></property>
	  <property name="mapTo"><value>bucket_unit_type</value></property>
	  <property name="columnType"><ref bean="java.sql.Types.VARCHAR"></ref></property>
	  <property name="position"><value>6</value></property>
	</bean>
	 <bean id="po_service_pack_dtls_param_7" class="net.bcgi.util.db.ResultSetParam" scope="singleton">
	  <property name="procedureColumnName"><value>balance_category</value></property>
	  <property name="mapTo"><value>balance_category</value></property>
	  <property name="columnType"><ref bean="java.sql.Types.VARCHAR"></ref></property>
	  <property name="position"><value>7</value></property>
	</bean>
	<bean id="po_service_pack_dtls_param_8" class="net.bcgi.util.db.ResultSetParam" scope="singleton">
	  <property name="procedureColumnName"><value>bucket_unit_value</value></property>
	  <property name="mapTo"><value>bucket_unit_value</value></property>
	  <property name="columnType"><ref bean="java.sql.Types.BIGINT"></ref></property>
	  <property name="position"><value>8</value></property>
	</bean>
	<bean id="po_service_pack_dtls_param_9" class="net.bcgi.util.db.ResultSetParam" scope="singleton">
	  <property name="procedureColumnName"><value>validity_period_days</value></property>
	  <property name="mapTo"><value>validity_period_days</value></property>
	  <property name="columnType"><ref bean="java.sql.Types.BIGINT"></ref></property>
	  <property name="position"><value>9</value></property>
	</bean>
	<bean id="po_service_pack_dtls_param_10" class="net.bcgi.util.db.ResultSetParam" scope="singleton">
	  <property name="procedureColumnName"><value>iterative_bucket_yn</value></property>
	  <property name="mapTo"><value>iterative_bucket_yn</value></property>
	  <property name="columnType"><ref bean="java.sql.Types.VARCHAR"></ref></property>
	  <property name="position"><value>10</value></property>
	</bean>
	<bean id="po_service_pack_dtls_param_11" class="net.bcgi.util.db.ResultSetParam" scope="singleton">
	  <property name="procedureColumnName"><value>iterative_counts</value></property>
	  <property name="mapTo"><value>iterative_counts</value></property>
	  <property name="columnType"><ref bean="java.sql.Types.BIGINT"></ref></property>
	  <property name="position"><value>11</value></property>
	</bean>
	<bean id="po_service_pack_dtls_param_12" class="net.bcgi.util.db.ResultSetParam" scope="singleton">
	  <property name="procedureColumnName"><value>roll_over_yn</value></property>
	  <property name="mapTo"><value>roll_over_yn</value></property>
	  <property name="columnType"><ref bean="java.sql.Types.VARCHAR"></ref></property>
	  <property name="position"><value>12</value></property>
	</bean>
	<bean id="po_service_pack_dtls_param_13" class="net.bcgi.util.db.ResultSetParam" scope="singleton">
	  <property name="procedureColumnName"><value>priority</value></property>
	  <property name="mapTo"><value>priority</value></property>
	  <property name="columnType"><ref bean="java.sql.Types.BIGINT"></ref></property>
	  <property name="position"><value>13</value></property>
	</bean>
	<bean id="po_service_pack_dtls_param_14" class="net.bcgi.util.db.ResultSetParam" scope="singleton">
	  <property name="procedureColumnName"><value>unlimited_usage_yn</value></property>
	  <property name="mapTo"><value>unlimited_usage_yn</value></property>
	  <property name="columnType"><ref bean="java.sql.Types.VARCHAR"></ref></property>
	  <property name="position"><value>14</value></property>
	</bean>
	<bean id="pro_get_subs_service_dtls_param1" class="net.bcgi.util.db.ParamDef" scope="singleton">
		<property name="name"><value>pi_network_id</value></property>
		<property name="mapTo"><value>pi_network_id</value></property>
		<property name="type"><ref bean="java.sql.Types.BIGINT"></ref></property>
		<property name="position"><value>1</value></property>
		<property name="parameterType"><ref bean="net.bcgi.util.db.ParamDef.IN"></ref></property>
	</bean>
	<bean id="pro_get_subs_service_dtls_param2" class="net.bcgi.util.db.ParamDef" scope="singleton">
		<property name="name"><value>pi_account_id</value></property>
		<property name="mapTo"><value>pi_account_id</value></property>
		<property name="type"><ref bean="java.sql.Types.BIGINT"></ref></property>
		<property name="position"><value>2</value></property>
		<property name="parameterType"><ref bean="net.bcgi.util.db.ParamDef.IN"></ref></property>
	</bean>
	
	<bean id="pro_get_subs_service_dtls_param3" class="net.bcgi.util.db.ParamDef" scope="singleton">
		<property name="name"><value>pi_msisdn_no</value></property>
		<property name="mapTo"><value>pi_msisdn_no</value></property>
		<property name="type"><ref bean="java.sql.Types.BIGINT"></ref></property>
		<property name="position"><value>3</value></property>
		<property name="parameterType"><ref bean="net.bcgi.util.db.ParamDef.IN"></ref></property>
	</bean>
	
	<bean id="pro_get_subs_service_dtls_param4" class="net.bcgi.util.db.ParamDef" scope="singleton">
		<property name="name"><value>pi_service_type</value></property>
		<property name="mapTo"><value>pi_service_type</value></property>
		<property name="type"><ref bean="java.sql.Types.VARCHAR"></ref></property>
		<property name="position"><value>4</value></property>
		<property name="parameterType"><ref bean="net.bcgi.util.db.ParamDef.IN"></ref></property>
	</bean>
	
	<bean id="pro_get_subs_service_dtls_param5" class="net.bcgi.util.db.ParamDef" scope="singleton">
		<property name="name"><value>po_service_pack_dtls</value></property>
		<property name="mapTo"><value>po_service_pack_dtls</value></property>
		<property name="type"><ref bean="oracle.jdbc.driver.OracleTypes.CURSOR"></ref></property>
		<property name="position"><value>5</value></property>
		<property name="parameterType"><ref bean="net.bcgi.util.db.ParamDef.OUT"></ref></property>
	</bean>
	<bean id="pro_get_subs_service_dtls_param6" class="net.bcgi.util.db.ParamDef" scope="singleton">
		<property name="name"><value>po_error_code</value></property>
		<property name="mapTo"><value>po_error_code</value></property>
		<property name="type"><ref bean="java.sql.Types.BIGINT"></ref></property>
		<property name="position"><value>6</value></property>
		<property name="parameterType"><ref bean="net.bcgi.util.db.ParamDef.OUT"></ref></property>
	</bean>
	<bean id="pro_get_subs_service_dtls_param7" class="net.bcgi.util.db.ParamDef" scope="singleton">
		<property name="name"><value>po_error_desc</value></property>
		<property name="mapTo"><value>po_error_mesg</value></property>
		<property name="type"><ref bean="java.sql.Types.VARCHAR"></ref></property>
		<property name="position"><value>7</value></property>
		<property name="parameterType"><ref bean="net.bcgi.util.db.ParamDef.OUT"></ref></property>
	</bean>
	
</beans>