<?xml version="1.0" encoding="UTF-8" ?>
<!-- ====================================================================== -->
<!--                                                                        -->

<!--                                                                       -->
<!-- $Id: //depot/xb/MSP1.0/MSP-AWS/agents/iba/main/config/configxmls/proc-config/productmgmt/pro_get_tb_remaining_bktbal.xml#1 $     -->
<!-- This file  will maps the SP input parameters to java fields. -->
<!-- $Author: shashidhar.p $  $DateTime: 2023/08/04 15:19:58 $       -->
<!-- ====================================================================== -->

<!DOCTYPE beans PUBLIC "-//SPRING//DTD BEAN//EN" "http://www.springframework.org/dtd/spring-beans.dtd">

<beans>
	<!-- start pro_get_tb_remaining_bktbal -->
	<bean id="pro_get_tb_remaining_bktbal"
		class="net.bcgi.util.db.SPDefinition" scope="singleton">
		<property name="name"><value>pro_get_tb_remaining_bktbal</value></property>
		<property name="returnsResult"><value>false</value></property>
		<property name="parameters">
			<list>	
				<ref bean="pro_get_tb_remaining_bktbal_1"></ref>
				<ref bean="pro_get_tb_remaining_bktbal_2"></ref>
				<ref bean="pro_get_tb_remaining_bktbal_3"></ref>
				<ref bean="pro_get_tb_remaining_bktbal_4"></ref>
				<ref bean="pro_get_tb_remaining_bktbal_5"></ref>
				<ref bean="pro_get_tb_remaining_bktbal_6"></ref>
				<ref bean="pro_get_tb_remaining_bktbal_7"></ref>
				<ref bean="pro_get_tb_remaining_bktbal_8"></ref>
			</list>
		</property>
	</bean>

    <bean id="pro_get_tb_remaining_bktbal_1" class="net.bcgi.util.db.ParamDef" scope="singleton">
			<property name="name"><value>pi_network_id</value></property>
			<property name="mapTo"><value>pi_network_id</value></property>
			<property name="type"><ref bean="java.sql.Types.BIGINT"></ref></property>
			<property name="position"><value>1</value></property>
			<property name="parameterType"><ref bean="net.bcgi.util.db.ParamDef.IN"></ref></property>
	</bean>		
	<bean id="pro_get_tb_remaining_bktbal_2" class="net.bcgi.util.db.ParamDef" scope="singleton">
			<property name="name"><value>pi_msisdn_no</value></property>
			<property name="mapTo"><value>pi_msisdn_no</value></property>
			<property name="type"><ref bean="java.sql.Types.BIGINT"></ref></property>
			<property name="position"><value>2</value></property>
			<property name="parameterType"><ref bean="net.bcgi.util.db.ParamDef.IN"></ref></property>
	</bean>
	
	<bean id="pro_get_tb_remaining_bktbal_3" class="net.bcgi.util.db.ParamDef" scope="singleton">
			<property name="name"><value>po_voice_details</value></property>
			<property name="mapTo"><value>po_voice_details</value></property>
			<property name="type"><ref bean="java.sql.Types.ARRAY"></ref></property>
			<property name="position"><value>3</value></property>
			<property name="arrayName"><value>ARR_VARCHAR</value></property>
			<property name="parameterType"><ref bean="net.bcgi.util.db.ParamDef.OUT"></ref></property>
	</bean>
	
	<bean id="pro_get_tb_remaining_bktbal_4" class="net.bcgi.util.db.ParamDef" scope="singleton">
			<property name="name"><value>po_sms_details</value></property>
			<property name="mapTo"><value>po_sms_details</value></property>
			<property name="type"><ref bean="java.sql.Types.ARRAY"></ref></property>
			<property name="position"><value>4</value></property>
			<property name="arrayName"><value>ARR_VARCHAR</value></property>
			<property name="parameterType"><ref bean="net.bcgi.util.db.ParamDef.OUT"></ref></property>
	</bean>

	<bean id="pro_get_tb_remaining_bktbal_5" class="net.bcgi.util.db.ParamDef" scope="singleton">
			<property name="name"><value>po_data_details</value></property>
			<property name="mapTo"><value>po_data_details</value></property>
			<property name="type"><ref bean="java.sql.Types.ARRAY"></ref></property>
			<property name="position"><value>5</value></property>
			<property name="arrayName"><value>ARR_VARCHAR</value></property>
			<property name="parameterType"><ref bean="net.bcgi.util.db.ParamDef.OUT"></ref></property>
	</bean>
	<bean id="pro_get_tb_remaining_bktbal_6" class="net.bcgi.util.db.ParamDef" scope="singleton">
			<property name="name"><value>po_global_details</value></property>
			<property name="mapTo"><value>po_global_details</value></property>
			<property name="type"><ref bean="java.sql.Types.ARRAY"></ref></property>
			<property name="position"><value>6</value></property>
			<property name="arrayName"><value>ARR_VARCHAR</value></property>
			<property name="parameterType"><ref bean="net.bcgi.util.db.ParamDef.OUT"></ref></property>
	</bean>	
	<bean id="pro_get_tb_remaining_bktbal_7" class="net.bcgi.util.db.ParamDef" scope="singleton">
			<property name="name"><value>po_error_code</value></property>
			<property name="mapTo"><value>po_error_code</value></property>
			<property name="type"><ref bean="java.sql.Types.BIGINT"></ref></property>
			<property name="position"><value>7</value></property>
			<property name="parameterType"><ref bean="net.bcgi.util.db.ParamDef.OUT"></ref></property>
	</bean>
	<bean id="pro_get_tb_remaining_bktbal_8" class="net.bcgi.util.db.ParamDef" scope="singleton">
			<property name="name"><value>po_error_desc</value></property>
			<property name="mapTo"><value>po_error_mesg</value></property>
			<property name="type"><ref bean="java.sql.Types.VARCHAR"></ref></property>
			<property name="position"><value>8</value></property>
			<property name="parameterType"><ref bean="net.bcgi.util.db.ParamDef.OUT"></ref></property>
	</bean>

 </beans>
