<?xml version="1.0" encoding="UTF-8" ?>
<!-- ====================================================================== -->
<!--                                                                        -->

<!--                                                                       -->
<!-- $Id: //depot/xb/MSP1.0/MSP-AWS/agents/iba/main/config/configxmls/proc-config/productmgmt/pro_product_purchage_enqiry.xml#1 $     -->
<!-- This file  will maps the SP input parameters to java fields. -->
<!-- $Author: shashidhar.p $  $DateTime: 2023/08/04 15:19:58 $       -->
<!-- ====================================================================== -->

<!DOCTYPE beans PUBLIC "-//SPRING//DTD BEAN//EN" "http://www.springframework.org/dtd/spring-beans.dtd">

<beans>
	<!-- start pro_product_purchage -->
	<bean id="pro_product_purchage_enqiry"
		class="net.bcgi.util.db.SPDefinition" scope="singleton">
		<property name="name"><value>pro_product_purchage_enqiry</value></property>
		<property name="returnsResult"><value>false</value></property>
		<property name="parameters">
			<list>
	<!-- 		 pro_product_purchage_enqiry (
   pi_network_id            IN       NUMBER,
   pi_external_trans_id     IN       VARCHAR2,
   po_internal_trans_id     OUT      VARCHAR2,
   po_transaction_details   OUT      sys_refcursor,
   Product_desc,product_id,Transaction_date,status
   po_error_code            OUT      NUMBER,
   po_error_desc            OUT      VARCHAR2    -->
			
				<ref bean="pro_product_purchage_enqiry_1"></ref>
				<ref bean="pro_product_purchage_enqiry_2"></ref>
				<ref bean="pro_product_purchage_enqiry_3"></ref>
				<ref bean="pro_product_purchage_enqiry_4"></ref>
				<ref bean="pro_product_purchage_enqiry_5"></ref>
				<ref bean="pro_product_purchage_enqiry_6"></ref>
			</list>
		</property>
		
		<property name="refCursors">
			<map>
				<entry key="4">
					<ref bean="po_transaction_details" />
				</entry>
			</map>
		</property>
		
		
		
	</bean>

    <bean id="pro_product_purchage_enqiry_1" class="net.bcgi.util.db.ParamDef" scope="singleton">
			<property name="name"><value>pi_network_id</value></property>
			<property name="mapTo"><value>pi_network_id</value></property>
			<property name="type"><ref bean="java.sql.Types.BIGINT"></ref></property>
			<property name="position"><value>1</value></property>
			<property name="parameterType"><ref bean="net.bcgi.util.db.ParamDef.IN"></ref></property>
	</bean>		
	<bean id="pro_product_purchage_enqiry_2" class="net.bcgi.util.db.ParamDef" scope="singleton">
			<property name="name"><value>pi_external_trans_id</value></property>
			<property name="mapTo"><value>pi_external_trans_id</value></property>
			<property name="type"><ref bean="java.sql.Types.VARCHAR"></ref></property>
			<property name="position"><value>2</value></property>
			<property name="parameterType"><ref bean="net.bcgi.util.db.ParamDef.IN"></ref></property>
	</bean>
	
	<bean id="pro_product_purchage_enqiry_3" class="net.bcgi.util.db.ParamDef" scope="singleton">
			<property name="name"><value>po_internal_trans_id</value></property>
			<property name="mapTo"><value>pi_internal_trans_id</value></property>
			<property name="type"><ref bean="java.sql.Types.VARCHAR"></ref></property>
			<property name="position"><value>3</value></property>
			<property name="parameterType"><ref bean="net.bcgi.util.db.ParamDef.OUT"></ref></property>
	</bean>
	
	<bean id="pro_product_purchage_enqiry_4" class="net.bcgi.util.db.ParamDef" scope="singleton">
			<property name="name"><value>po_transaction_details</value></property>
			<property name="mapTo"><value>po_transaction_details</value></property>
			<property name="type"><ref bean="oracle.jdbc.driver.OracleTypes.CURSOR"></ref></property>
			<property name="position"><value>4</value></property>
			<property name="parameterType"><ref bean="net.bcgi.util.db.ParamDef.OUT"></ref></property>
	</bean>
	
	
	<bean id="pro_product_purchage_enqiry_5" class="net.bcgi.util.db.ParamDef" scope="singleton">
			<property name="name"><value>po_error_code</value></property>
			<property name="mapTo"><value>po_error_code</value></property>
			<property name="type"><ref bean="java.sql.Types.BIGINT"></ref></property>
			<property name="position"><value>5</value></property>
			<property name="parameterType"><ref bean="net.bcgi.util.db.ParamDef.OUT"></ref></property>
	</bean>
	<bean id="pro_product_purchage_enqiry_6" class="net.bcgi.util.db.ParamDef" scope="singleton">
			<property name="name"><value>po_error_desc</value></property>
			<property name="mapTo"><value>po_error_mesg</value></property>
			<property name="type"><ref bean="java.sql.Types.VARCHAR"></ref></property>
			<property name="position"><value>6</value></property>
			<property name="parameterType"><ref bean="net.bcgi.util.db.ParamDef.OUT"></ref></property>
	</bean>
	
	
	


<!-- Cursor Started -->

<bean id="po_transaction_details" class="net.bcgi.util.db.ResultSetDef"
		scope="prototype">
		<property name="resultSetParams">
			<list>
				<ref bean="po_transaction_details_cursor_param_1"></ref>
				<ref bean="po_transaction_details_cursor_param_2"></ref>
				<ref bean="po_transaction_details_cursor_param_3"></ref>
				<ref bean="po_transaction_details_cursor_param_4"></ref>
			</list>
		</property>
		<property name="className"
			value="com.xius.billing.agent.domaindata.impl.product.TransactionDetails" />
	</bean>

	<bean id="po_transaction_details_cursor_param_1" class="net.bcgi.util.db.ResultSetParam"
		scope="singleton">
		<property name="procedureColumnName"><value>Product_desc</value></property>
		<property name="mapTo">	<value>Product_desc</value>	</property>
		<property name="columnType"><ref bean="java.sql.Types.VARCHAR"></ref>
		</property><property name="position"><value>1</value></property>
	</bean>
	<bean id="po_transaction_details_cursor_param_2" class="net.bcgi.util.db.ResultSetParam"
		scope="singleton">
		<property name="procedureColumnName">
			<value>product_id</value>
		</property>
		<property name="mapTo">
			<value>product_id</value>
		</property>
		<property name="columnType">
			<ref bean="java.sql.Types.BIGINT"></ref>
		</property>
		<property name="position">
			<value>2</value>
		</property>
	</bean>
	<bean id="po_transaction_details_cursor_param_3" class="net.bcgi.util.db.ResultSetParam"
		scope="singleton">
		<property name="procedureColumnName">
			<value>Transaction_date</value>
		</property>
		<property name="mapTo">
			<value>Transaction_date</value>
		</property>
		<property name="columnType">
			<ref bean="java.sql.Types.VARCHAR"></ref>
		</property>
		<property name="position">
			<value>3</value>
		</property>
	</bean>
	<bean id="po_transaction_details_cursor_param_4" class="net.bcgi.util.db.ResultSetParam"
		scope="singleton">
		<property name="procedureColumnName">
			<value>status</value>
		</property>
		<property name="mapTo">
			<value>status</value>
		</property>
		<property name="columnType">
			<ref bean="java.sql.Types.VARCHAR"></ref>
		</property>
		<property name="position">
			<value>4</value>
		</property>
	</bean>

	<!-- Cursor Closed -->



































 </beans>
