<?xml version="1.0" encoding="UTF-8"?>
<!DOCTYPE beans PUBLIC "-//SPRING//DTD BEAN//EN" "http://www.springframework.org/dtd/spring-beans.dtd">
<beans>
	<bean id="pro_get_recharge_promo_details" class="net.bcgi.util.db.SPDefinition" scope="prototype">
	<property name="name"><value>cs_pkg_ivr_ussd_feature_mgmt.pro_get_recharge_promo_details</value></property>
	<property name="returnsResult"><value>false</value></property>
	<property name="parameters">
		<list> <!--  parameter list -->
			<ref bean="pro_get_recharge_promo_details_param1"></ref>
			<ref bean="pro_get_recharge_promo_details_param2"></ref>
			<ref bean="pro_get_recharge_promo_details_param3"></ref>
			<ref bean="pro_get_recharge_promo_details_param4"></ref>
			<ref bean="pro_get_recharge_promo_details_param5"></ref>
			<ref bean="pro_get_recharge_promo_details_param6"></ref> 
			<ref bean="pro_get_recharge_promo_details_param7"></ref>    
			
		</list>
		</property>
		
			<property name="refCursors">
			<map>
				<entry key="5">
					<ref bean="po_recharge_promo_list" />
				</entry>
			</map>
		</property>
		
	
  </bean>

	<bean id="pro_get_recharge_promo_details_param1" class="net.bcgi.util.db.ParamDef" scope="singleton">
		<property name="name"><value>pi_network_id</value></property>
		<property name="mapTo"><value>pi_network_id</value></property>
		<property name="type"><ref bean="java.sql.Types.BIGINT"></ref></property>
		<property name="position"><value>1</value></property>
		<property name="parameterType"><ref bean="net.bcgi.util.db.ParamDef.IN"></ref></property>
	</bean>
	<bean id="pro_get_recharge_promo_details_param2" class="net.bcgi.util.db.ParamDef" scope="singleton">
		<property name="name"><value>pi_msisdn_no</value></property>
		<property name="mapTo"><value>pi_msisdn_no</value></property>
		<property name="type"><ref bean="java.sql.Types.BIGINT"></ref></property>
		<property name="position"><value>2</value></property>
		<property name="parameterType"><ref bean="net.bcgi.util.db.ParamDef.IN"></ref></property>
	</bean>
	<bean id="pro_get_recharge_promo_details_param3" class="net.bcgi.util.db.ParamDef" scope="singleton">
		<property name="name"><value>pi_balance_category</value></property>
		<property name="mapTo"><value>pi_balance_category</value></property>
		<property name="type"><ref bean="java.sql.Types.VARCHAR"></ref></property>
		<property name="position"><value>3</value></property>
		<property name="parameterType"><ref bean="net.bcgi.util.db.ParamDef.IN"></ref></property>
	</bean>
	
	<bean id="pro_get_recharge_promo_details_param4" class="net.bcgi.util.db.ParamDef" scope="singleton">
		<property name="name"><value>pi_atp_category_by_offer</value></property>
		<property name="mapTo"><value>pi_atp_category_by_offer</value></property>
		<property name="type"><ref bean="java.sql.Types.VARCHAR"></ref></property>
		<property name="position"><value>4</value></property>
		<property name="parameterType"><ref bean="net.bcgi.util.db.ParamDef.IN"></ref></property>
	</bean>
	
	
	
	<bean id="pro_get_recharge_promo_details_param5" class="net.bcgi.util.db.ParamDef" scope="singleton">
		<property name="name"><value>po_recharge_promo_list</value></property>
		<property name="mapTo"><value>po_recharge_promo_list</value></property>
	<property name="type"><ref bean="oracle.jdbc.driver.OracleTypes.CURSOR"></ref></property>
		<property name="position"><value>5</value></property>
		<property name="parameterType"><ref bean="net.bcgi.util.db.ParamDef.OUT"></ref></property>
	</bean>
	
	<bean id="pro_get_recharge_promo_details_param6" class="net.bcgi.util.db.ParamDef" scope="singleton">
		<property name="name"><value>po_error_code</value></property>
		<property name="mapTo"><value>po_error_code</value></property>
		<property name="type"><ref bean="java.sql.Types.BIGINT"></ref></property>
		<property name="position"><value>6</value></property>
		<property name="parameterType"><ref bean="net.bcgi.util.db.ParamDef.OUT"></ref></property>
	</bean>
	<bean id="pro_get_recharge_promo_details_param7" class="net.bcgi.util.db.ParamDef" scope="singleton">
		<property name="name"><value>po_error_desc</value></property>
		<property name="mapTo"><value>po_error_mesg</value></property>
		<property name="type"><ref bean="java.sql.Types.VARCHAR"></ref></property>
		<property name="position"><value>7</value></property>
		<property name="parameterType"><ref bean="net.bcgi.util.db.ParamDef.OUT"></ref></property>
	</bean>
	
	<bean id="po_recharge_promo_list" class="net.bcgi.util.db.ResultSetDef"
		scope="prototype">
		<property name="resultSetParams">
			<list>
				<ref bean="po_recharge_promo_list_cursor_param_1"></ref>
				<ref bean="po_recharge_promo_list_cursor_param_2"></ref>
				<ref bean="po_recharge_promo_list_cursor_param_3"></ref>
				<ref bean="po_recharge_promo_list_cursor_param_4"></ref>
                <ref bean="po_recharge_promo_list_cursor_param_5"></ref>
			</list>
		</property>
		<property name="className"
			value="com.xius.billing.agent.domaindata.impl.product.GetBundleDtlsCursorData" />
	</bean>


	<bean id="po_recharge_promo_list_cursor_param_1" class="net.bcgi.util.db.ResultSetParam"
		scope="singleton">
		<property name="procedureColumnName"><value>volume</value></property>
		<property name="mapTo">	<value>volume</value>	</property>
		<property name="columnType"><ref bean="java.sql.Types.VARCHAR"></ref>
		</property><property name="position"><value>1</value></property>
	</bean>
	<bean id="po_recharge_promo_list_cursor_param_2" class="net.bcgi.util.db.ResultSetParam"
		scope="singleton">
		<property name="procedureColumnName">
			<value>validity</value>
		</property>
		<property name="mapTo">
			<value>validity</value>
		</property>
		<property name="columnType">
			<ref bean="java.sql.Types.BIGINT"></ref>
		</property>
		<property name="position">
			<value>2</value>
		</property>
	</bean>
	<bean id="po_recharge_promo_list_cursor_param_3" class="net.bcgi.util.db.ResultSetParam"
		scope="singleton">
		<property name="procedureColumnName">
			<value>activation_fee+rental_fee</value>
		</property>
		<property name="mapTo"><value>Charge</value></property>

		
		<property name="columnType">	<ref bean="java.sql.Types.DECIMAL"></ref></property>
				<property name="position">
			<value>3</value>
		</property>
	</bean>
	<bean id="po_recharge_promo_list_cursor_param_4" class="net.bcgi.util.db.ResultSetParam"
		scope="singleton">
		<property name="procedureColumnName">
			<value>plan_id</value>
		</property>
		<property name="mapTo">
			<value>plan_id</value>
		</property>
		<property name="columnType">
			<ref bean="java.sql.Types.BIGINT"></ref>
		</property>
		<property name="position">
			<value>4</value>
		</property>
	</bean>
	<bean id="po_recharge_promo_list_cursor_param_5" class="net.bcgi.util.db.ResultSetParam"
		scope="singleton">
		<property name="procedureColumnName">
			<value>charge_id</value>
		</property>
		<property name="mapTo">
			<value>charge_id</value>
		</property>
		<property name="columnType">
			<ref bean="java.sql.Types.VARCHAR"></ref>
		</property>
		<property name="position">
			<value>5</value>
		</property>
	</bean>

	<!-- Cursor Closed -->

	
	
</beans>