<!DOCTYPE beans PUBLIC "-//SPRING//DTD BEAN//EN" "http://www.springframework.org/dtd/spring-beans.dtd">
<beans>

	<!-- get_exp_msisdns Stored Procedure -->
	<bean id="pro_initbal_no_respons_job" class="net.bcgi.util.db.SPDefinition" scope="prototype">
	<property name="name"><value>pro_initbal_no_respons_job</value></property>
		<property name="returnsResult"><value>false</value></property>
		<property name="parameters">
			<list> <!--  parameter list -->
				<ref bean="pro_initbal_no_respons_job_param_1"></ref>
			</list>
		</property>
	</bean>
	
	<bean id="pro_initbal_no_respons_job_param_1" class="net.bcgi.util.db.ParamDef" scope="singleton">
		<property name="name"><value>pi_network_id</value></property>
		<property name="mapTo"><value>network_id</value></property>
		<property name="type"><ref bean="java.sql.Types.ARRAY"></ref></property>
		<property name="arrayName"><value>ARR_NUMB</value></property>
		<property name="position"><value>1</value></property>
		<property name="parameterType">	<ref bean="net.bcgi.util.db.ParamDef.IN"></ref></property>
	</bean>
	
 </beans>