<?xml version="1.0" encoding="UTF-8" ?>
<!-- ====================================================================== -->
<!--                                                                        -->
<!-- XIUS-bcgi Infinet Billing Agent            -->
<!--                                                                       -->
<!-- $Id: //depot/xb/MSP1.0/MSP-AWS/agents/iba/main/config/configxmls/proc-config/eod/pro_get_renewal_data.xml#1 $     -->
<!-- This file  will maps the SP input parameters to java fields. -->
<!-- $Author: shashidhar.p $  $DateTime: 2023/08/04 15:19:58 $ $Change: 224525 $      -->
<!-- ====================================================================== -->

<!DOCTYPE beans PUBLIC "-//SPRING//DTD BEAN//EN" "http://www.springframework.org/dtd/spring-beans.dtd">

<beans>
	<!-- start Periodic Dets -->
	<bean id="pro_get_renewal_data"
		class="net.bcgi.util.db.SPDefinition" scope="singleton">
		<property name="name"><value>cs_pkg_subs_bundle_renewal.pro_get_bundle_renewal</value></property>
		<property name="returnsResult"><value>false</value></property>
		<property name="parameters">
			<list>
				<ref bean="pro_get_renewal_data_data_1"></ref>
				<ref bean="pro_get_renewal_data_data_2"></ref>
				<ref bean="pro_get_renewal_data_data_3"></ref>
				<ref bean="pro_get_renewal_data_data_4"></ref>	
				<ref bean="pro_get_renewal_data_data_5"></ref>	
				<ref bean="pro_get_renewal_data_data_6"></ref>	
				<ref bean="pro_get_renewal_data_data_7"></ref>	
				<ref bean="pro_get_renewal_data_data_8"></ref>	
			</list>
		</property>
		<property name="refCursors">
			<map>
				<entry key="4">
					<ref bean="po_pro_get_renewal_data_data"/>
				</entry>
			</map>
		</property>
	</bean>
	<bean id="po_pro_get_renewal_data_data"
		class="net.bcgi.util.db.ResultSetDef" scope="prototype">
		<property name="resultSetParams">
			<list>
				<ref bean="pro_get_renewal_data_data_cursor_param_1"></ref>
				<ref bean="pro_get_renewal_data_data_cursor_param_2"></ref>
				<ref bean="pro_get_renewal_data_data_cursor_param_3"></ref>
				<ref bean="pro_get_renewal_data_data_cursor_param_4"></ref>
				<ref bean="pro_get_renewal_data_data_cursor_param_5"></ref>
				<ref bean="pro_get_renewal_data_data_cursor_param_6"></ref>
				<ref bean="pro_get_renewal_data_data_cursor_param_7"></ref>
				<ref bean="pro_get_renewal_data_data_cursor_param_8"></ref>
				<ref bean="pro_get_renewal_data_data_cursor_param_9"></ref>	
				<ref bean="pro_get_renewal_data_data_cursor_param_10"></ref>	
				<ref bean="pro_get_renewal_data_data_cursor_param_11"></ref>	
				<ref bean="pro_get_renewal_data_data_cursor_param_12"></ref>	
				<ref bean="pro_get_renewal_data_data_cursor_param_13"></ref>
				<ref bean="pro_get_renewal_data_data_cursor_param_14"></ref>	
			</list>
		</property>		
		<property name="className" value="com.xius.billing.agent.domaindata.impl.balance.RenewalCursorData"/>
	</bean>
	<bean id="pro_get_renewal_data_data_cursor_param_1" class="net.bcgi.util.db.ResultSetParam" scope="singleton">
	  <property name="procedureColumnName"><value>account_id</value></property>
	  <property name="mapTo"><value>account_id</value></property>
	  <property name="columnType"><ref bean="java.sql.Types.BIGINT"></ref></property>
	  <property name="position"><value>1</value></property>
	</bean>
	<bean id="pro_get_renewal_data_data_cursor_param_2" class="net.bcgi.util.db.ResultSetParam" scope="singleton">
	  <property name="procedureColumnName"><value>msisdn_no</value></property>
	  <property name="mapTo"><value>msisdn_no</value></property>
	  <property name="columnType"><ref bean="java.sql.Types.BIGINT"></ref></property>
	  <property name="position"><value>2</value></property>
	</bean>
	<bean id="pro_get_renewal_data_data_cursor_param_3" class="net.bcgi.util.db.ResultSetParam" scope="singleton">
	  <property name="procedureColumnName"><value>bundle_id</value></property>
	  <property name="mapTo"><value>bundle_id</value></property>
	  <property name="columnType"><ref bean="java.sql.Types.BIGINT"></ref></property>
	  <property name="position"><value>3</value></property>
	</bean>
	<bean id="pro_get_renewal_data_data_cursor_param_4" class="net.bcgi.util.db.ResultSetParam" scope="singleton">
	  <property name="procedureColumnName"><value>bucket_id</value></property>
	  <property name="mapTo"><value>bucket_id</value></property>
	  <property name="columnType"><ref bean="java.sql.Types.VARCHAR"></ref></property>
	  <property name="position"><value>4</value></property>
	</bean>
	<bean id="pro_get_renewal_data_data_cursor_param_5" class="net.bcgi.util.db.ResultSetParam" scope="singleton">
	  <property name="procedureColumnName"><value>trigger_id</value></property>
	  <property name="mapTo"><value>trigger_id</value></property>
	  <property name="columnType"><ref bean="java.sql.Types.BIGINT"></ref></property>
	  <property name="position"><value>5</value></property>
	</bean>
	<bean id="pro_get_renewal_data_data_cursor_param_6" class="net.bcgi.util.db.ResultSetParam" scope="singleton">
	  <property name="procedureColumnName"><value>renewal_date</value></property>
	  <property name="mapTo"><value>renewal_date</value></property>
	  <property name="columnType"><ref bean="java.sql.Types.DATE"></ref></property>
	  <property name="position"><value>6</value></property>
	</bean>
	<bean id="pro_get_renewal_data_data_cursor_param_7" class="net.bcgi.util.db.ResultSetParam" scope="singleton">
	  <property name="procedureColumnName"><value>validity_period_days</value></property>
	  <property name="mapTo"><value>validity_period_days</value></property>
	  <property name="columnType"><ref bean="java.sql.Types.BIGINT"></ref></property>
	  <property name="position"><value>7</value></property>
	</bean>
	<bean id="pro_get_renewal_data_data_cursor_param_8" class="net.bcgi.util.db.ResultSetParam" scope="singleton">
	  <property name="procedureColumnName"><value>bucket_unit_value</value></property>
	  <property name="mapTo"><value>bucket_unit_value</value></property>
	  <property name="columnType"><ref bean="java.sql.Types.BIGINT"></ref></property>
	  <property name="position"><value>8</value></property>
	</bean>
	<bean id="pro_get_renewal_data_data_cursor_param_9" class="net.bcgi.util.db.ResultSetParam" scope="singleton">
	  <property name="procedureColumnName"><value>balance_id</value></property>
	  <property name="mapTo"><value>bal_id</value></property>
	  <property name="columnType"><ref bean="java.sql.Types.BIGINT"></ref></property>
	  <property name="position"><value>9</value></property>
	</bean>
	<bean id="pro_get_renewal_data_data_cursor_param_10" class="net.bcgi.util.db.ResultSetParam" scope="singleton">
	  <property name="procedureColumnName"><value>bundle_charge</value></property>
	  <property name="mapTo"><value>bundle_charge</value></property>
	  <property name="columnType"><ref bean="java.sql.Types.DECIMAL"></ref></property>
	  <property name="position"><value>10</value></property>
	</bean>
	<bean id="pro_get_renewal_data_data_cursor_param_11" class="net.bcgi.util.db.ResultSetParam" scope="singleton">
	  <property name="procedureColumnName"><value>status</value></property>
	  <property name="mapTo"><value>status</value></property>
	  <property name="columnType"><ref bean="java.sql.Types.VARCHAR"></ref></property>
	  <property name="position"><value>11</value></property>
	</bean>
	<bean id="pro_get_renewal_data_data_cursor_param_12" class="net.bcgi.util.db.ResultSetParam" scope="singleton">
	  <property name="procedureColumnName"><value>date_time</value></property>
	  <property name="mapTo"><value>date_time</value></property>
	  <property name="columnType"><ref bean="java.sql.Types.DATE"></ref></property>
	  <property name="position"><value>12</value></property>
	</bean>
	<bean id="pro_get_renewal_data_data_cursor_param_13" class="net.bcgi.util.db.ResultSetParam" scope="singleton">
	  <property name="procedureColumnName"><value>seq_no</value></property>
	  <property name="mapTo"><value>seq_no</value></property>
	  <property name="columnType"><ref bean="java.sql.Types.BIGINT"></ref></property>
	  <property name="position"><value>13</value></property>
	</bean>
	
		<bean id="pro_get_renewal_data_data_cursor_param_14" class="net.bcgi.util.db.ResultSetParam" scope="singleton">
	  <property name="procedureColumnName"><value>network_id</value></property>
	  <property name="mapTo"><value>network_id</value></property>
	  <property name="columnType"><ref bean="java.sql.Types.BIGINT"></ref></property>
	  <property name="position"><value>14</value></property>
	</bean>
	<!-- End of cursor mapping -->
	
	<bean id="pro_get_renewal_data_data_1" class="net.bcgi.util.db.ParamDef" scope="singleton">
			<property name="name"><value>pi_max_row_count</value></property>
			<property name="mapTo"><value>pi_max_row_count</value></property>
			<property name="type"><ref bean="java.sql.Types.BIGINT"></ref></property>
			<property name="position"><value>1</value></property>
			<property name="parameterType"><ref bean="net.bcgi.util.db.ParamDef.IN"></ref></property>
	</bean>
	<bean id="pro_get_renewal_data_data_2" class="net.bcgi.util.db.ParamDef" scope="singleton">
		<property name="name"><value>pi_network_ids</value></property>
		<property name="mapTo"><value>pi_network_ids</value></property>
		<property name="type"><ref bean="java.sql.Types.ARRAY"></ref></property>
		<property name="arrayName"><value>ARR_NUMB</value></property>
		<property name="position"><value>2</value></property>
		<property name="parameterType">	<ref bean="net.bcgi.util.db.ParamDef.IN"></ref></property>
	</bean>
	<bean id="pro_get_renewal_data_data_3" class="net.bcgi.util.db.ParamDef" scope="singleton">
			<property name="name"><value>pi_instance_id</value></property>
			<property name="mapTo"><value>pi_instance_id</value></property>
			<property name="type"><ref bean="java.sql.Types.VARCHAR"></ref></property>
			<property name="position"><value>3</value></property>
			<property name="parameterType"><ref bean="net.bcgi.util.db.ParamDef.IN"></ref></property>
	</bean>	
	
	<bean id="pro_get_renewal_data_data_4" class="net.bcgi.util.db.ParamDef" scope="singleton">
  		<property name="name"><value>po_per_chrg_renewal_info</value></property>
  		<property name="mapTo"><value>cursor</value></property>
  		<property name="type"><ref bean="oracle.jdbc.driver.OracleTypes.CURSOR"></ref></property>
  		<property name="position"><value>4</value></property>
  		<property name="parameterType"><ref bean="net.bcgi.util.db.ParamDef.OUT"></ref></property>
	</bean>
	<bean id="pro_get_renewal_data_data_5" class="net.bcgi.util.db.ParamDef" scope="singleton">
			<property name="name"><value>activity_id</value></property>
			<property name="mapTo"><value>activity_id</value></property>
			<property name="type"><ref bean="java.sql.Types.BIGINT"></ref></property>
			<property name="position"><value>5</value></property>
			<property name="parameterType"><ref bean="net.bcgi.util.db.ParamDef.OUT"></ref></property>
	</bean>
	<bean id="pro_get_renewal_data_data_6" class="net.bcgi.util.db.ParamDef" scope="singleton">
			<property name="name"><value>po_debit_activity_reason</value></property>
			<property name="mapTo"><value>po_debit_activity_reason</value></property>
			<property name="type"><ref bean="java.sql.Types.VARCHAR"></ref></property>
			<property name="position"><value>6</value></property>
			<property name="parameterType"><ref bean="net.bcgi.util.db.ParamDef.OUT"></ref></property>
	</bean>
	<bean id="pro_get_renewal_data_data_7" class="net.bcgi.util.db.ParamDef" scope="singleton">
			<property name="name"><value>po_error_code</value></property>
			<property name="mapTo"><value>po_error_code</value></property>
			<property name="type"><ref bean="java.sql.Types.BIGINT"></ref></property>
			<property name="position"><value>7</value></property>
			<property name="parameterType"><ref bean="net.bcgi.util.db.ParamDef.OUT"></ref></property>
	</bean>
	<bean id="pro_get_renewal_data_data_8" class="net.bcgi.util.db.ParamDef" scope="singleton">
			<property name="name"><value>po_error_desc</value></property>
			<property name="mapTo"><value>po_error_mesg</value></property>
			<property name="type"><ref bean="java.sql.Types.VARCHAR"></ref></property>
			<property name="position"><value>8</value></property>
			<property name="parameterType"><ref bean="net.bcgi.util.db.ParamDef.OUT"></ref></property>
	</bean>	
 </beans>