<?xml version="1.0" encoding="UTF-8" ?>
<!-- ====================================================================== -->
<!--                                                                        -->
<!-- XIUS-bcgi Infinet Billing Agent            -->
<!--                                                                       -->
<!-- $Id: //depot/xb/MSP1.0/MSP-AWS/agents/iba/main/config/configxmls/proc-config/eod/pro_rental_status_upd.xml#1 $     -->
<!-- This file  will maps the SP input parameters to java fields. -->
<!-- $Author: shashidhar.p $  $DateTime: 2023/08/04 15:19:58 $ $Change: 224525 $      -->
<!-- ====================================================================== -->

<!DOCTYPE beans PUBLIC "-//SPRING//DTD BEAN//EN" "http://www.springframework.org/dtd/spring-beans.dtd">

<beans>
	<!-- start rental Status Update -->
	<bean id="pro_rental_status_upd"
		class="net.bcgi.util.db.SPDefinition" scope="singleton">
		<property name="name"><value>cs_pkg_rentals.pro_rental_status_upd</value></property>
		<property name="returnsResult"><value>false</value></property>
		<property name="parameters">
			<list>
				<ref bean="rental_status_param_1"></ref>
				<ref bean="rental_status_param_2"></ref>
				<ref bean="rental_status_param_3"></ref>
				<ref bean="rental_status_param_4"></ref>
				<ref bean="rental_status_param_5"></ref>
				<ref bean="rental_status_param_6"></ref>
				<ref bean="rental_status_param_7"></ref>
				<ref bean="rental_status_param_8"></ref>
				<ref bean="rental_status_param_9"></ref>
				<ref bean="rental_status_param_10"></ref>
				<ref bean="rental_status_param_11"></ref>
			</list>
		</property>
	</bean>
	<bean id="rental_status_param_1" class="net.bcgi.util.db.ParamDef" scope="singleton">
			<property name="name"><value>pi_trans_id</value></property>
			<property name="mapTo"><value>pi_trans_id</value></property>
			<property name="type"><ref bean="java.sql.Types.VARCHAR"></ref></property>
			<property name="position"><value>1</value></property>
			<property name="parameterType"><ref bean="net.bcgi.util.db.ParamDef.IN"></ref></property>
	</bean>
	
	<bean id="rental_status_param_2" class="net.bcgi.util.db.ParamDef" scope="singleton">
			<property name="name"><value>pi_rental_status</value></property>
			<property name="mapTo"><value>pi_rental_status</value></property>
			<property name="type"><ref bean="java.sql.Types.VARCHAR"></ref></property>
			<property name="position"><value>2</value></property>
			<property name="parameterType"><ref bean="net.bcgi.util.db.ParamDef.IN"></ref></property>
	</bean>
	<bean id="rental_status_param_3" class="net.bcgi.util.db.ParamDef" scope="singleton">
			<property name="name"><value>pi_failed_reason</value></property>
			<property name="mapTo"><value>pi_failed_reason</value></property>
			<property name="type"><ref bean="java.sql.Types.VARCHAR"></ref></property>
			<property name="position"><value>3</value></property>
			<property name="parameterType"><ref bean="net.bcgi.util.db.ParamDef.IN"></ref></property>
	</bean>
	<bean id="rental_status_param_4" class="net.bcgi.util.db.ParamDef" scope="singleton">
			<property name="name"><value>po_sncode</value></property>
			<property name="mapTo"><value>po_sncode</value></property>
			<property name="type"><ref bean="java.sql.Types.BIGINT"></ref></property>
			<property name="position"><value>4</value></property>
			<property name="parameterType"><ref bean="net.bcgi.util.db.ParamDef.OUT"></ref></property>
	</bean>
	<bean id="rental_status_param_5" class="net.bcgi.util.db.ParamDef" scope="singleton">
			<property name="name"><value>po_netwrok_flag</value></property>
			<property name="mapTo"><value>po_netwrok_flag</value></property>
			<property name="type"><ref bean="java.sql.Types.VARCHAR"></ref></property>
			<property name="position"><value>5</value></property>
			<property name="parameterType"><ref bean="net.bcgi.util.db.ParamDef.OUT"></ref></property>
	</bean>
	<bean id="rental_status_param_6" class="net.bcgi.util.db.ParamDef" scope="singleton">
			<property name="name"><value>po_account_id</value></property>
			<property name="mapTo"><value>po_account_id</value></property>
			<property name="type"><ref bean="java.sql.Types.BIGINT"></ref></property>
			<property name="position"><value>6</value></property>
			<property name="parameterType"><ref bean="net.bcgi.util.db.ParamDef.OUT"></ref></property>
	</bean>
	<bean id="rental_status_param_7" class="net.bcgi.util.db.ParamDef" scope="singleton">
			<property name="name"><value>po_imsi</value></property>
			<property name="mapTo"><value>po_imsi</value></property>
			<property name="type"><ref bean="java.sql.Types.BIGINT"></ref></property>
			<property name="position"><value>7</value></property>
			<property name="parameterType"><ref bean="net.bcgi.util.db.ParamDef.OUT"></ref></property>
	</bean>
	<bean id="rental_status_param_8" class="net.bcgi.util.db.ParamDef" scope="singleton">
			<property name="name"><value>po_account_type</value></property>
			<property name="mapTo"><value>po_account_type</value></property>
			<property name="type"><ref bean="java.sql.Types.VARCHAR"></ref></property>
			<property name="position"><value>8</value></property>
			<property name="parameterType"><ref bean="net.bcgi.util.db.ParamDef.OUT"></ref></property>
	</bean>
	<bean id="rental_status_param_9" class="net.bcgi.util.db.ParamDef" scope="singleton">
			<property name="name"><value>po_other_params</value></property>
			<property name="mapTo"><value>po_other_params</value></property>
			<property name="type"><ref bean="java.sql.Types.VARCHAR"></ref></property>
			<property name="position"><value>9</value></property>
			<property name="parameterType"><ref bean="net.bcgi.util.db.ParamDef.OUT"></ref></property>
	</bean>
	<bean id="rental_status_param_10" class="net.bcgi.util.db.ParamDef" scope="singleton">
			<property name="name"><value>po_err_code</value></property>
			<property name="mapTo"><value>po_error_code</value></property>
			<property name="type"><ref bean="java.sql.Types.BIGINT"></ref></property>
			<property name="position"><value>10</value></property>
			<property name="parameterType"><ref bean="net.bcgi.util.db.ParamDef.OUT"></ref></property>
	</bean>
	<bean id="rental_status_param_11" class="net.bcgi.util.db.ParamDef" scope="singleton">
			<property name="name"><value>po_err_desc</value></property>
			<property name="mapTo"><value>po_error_mesg</value></property>
			<property name="type"><ref bean="java.sql.Types.VARCHAR"></ref></property>
			<property name="position"><value>11</value></property>
			<property name="parameterType"><ref bean="net.bcgi.util.db.ParamDef.OUT"></ref></property>
	</bean>
	
 </beans>
