<?xml version="1.0" encoding="UTF-8" ?>
<!-- ====================================================================== -->
<!--                                                                        -->
<!-- XIUS-bcgi Infinet Billing Agent            -->
<!--                                                                       -->
<!-- $Id: //depot/xb/MSP1.0/MSP-AWS/agents/iba/main/config/configxmls/proc-config/eod/pro_ca_renewal_update.xml#1 $     -->
<!-- This file  will maps the SP input parameters to java fields. -->
<!-- $Author: shashidhar.p $  $DateTime: 2023/08/04 15:19:58 $ $Change: 224525 $      -->
<!-- ====================================================================== -->

<!DOCTYPE beans PUBLIC "-//SPRING//DTD BEAN//EN" "http://www.springframework.org/dtd/spring-beans.dtd">

<beans>
	<!-- start rental Status Update -->
	<bean id="pro_ca_renewal_update"
		class="net.bcgi.util.db.SPDefinition" scope="singleton">
		<property name="name"><value>CS_PKG_SUBS_CA_RENEWAL.PRO_CA_RENEWAL_UPDATE</value></property>
		<property name="returnsResult"><value>false</value></property>
		<property name="parameters">
			<list>
				<ref bean="ca_renewal_update_param_1"></ref>
				<ref bean="ca_renewal_update_param_2"></ref>
				<ref bean="ca_renewal_update_param_3"></ref>
				<ref bean="ca_renewal_update_param_4"></ref>
				<ref bean="ca_renewal_update_param_5"></ref>
			</list>
		</property>
	</bean>
	
	 <!-- pi_trans_id           IN       VARCHAR2,
      pi_ca_rental_status   IN       VARCHAR2,
      pi_failed_reason      IN       VARCHAR2,
      po_error_code         OUT      NUMBER,
      po_error_desc         OUT      VARCHAR2 -->
	
	<bean id="ca_renewal_update_param_1" class="net.bcgi.util.db.ParamDef" scope="singleton">
			<property name="name"><value>pi_transaction_id</value></property>
			<property name="mapTo"><value>pi_transaction_id</value></property>
			<property name="type"><ref bean="java.sql.Types.VARCHAR"></ref></property>
			<property name="position"><value>1</value></property>
			<property name="parameterType"><ref bean="net.bcgi.util.db.ParamDef.IN"></ref></property>
	</bean>
	<bean id="ca_renewal_update_param_2" class="net.bcgi.util.db.ParamDef" scope="singleton">
			<property name="name"><value>pi_ca_rental_status</value></property>
			<property name="mapTo"><value>pi_ca_rental_status</value></property>
			<property name="type"><ref bean="java.sql.Types.VARCHAR"></ref></property>
			<property name="position"><value>2</value></property>
			<property name="parameterType"><ref bean="net.bcgi.util.db.ParamDef.IN"></ref></property>
	</bean>
	<bean id="ca_renewal_update_param_3" class="net.bcgi.util.db.ParamDef" scope="singleton">
			<property name="name"><value>pi_failed_reason</value></property>
			<property name="mapTo"><value>pi_failed_reason</value></property>
			<property name="type"><ref bean="java.sql.Types.VARCHAR"></ref></property>
			<property name="position"><value>3</value></property>
			<property name="parameterType"><ref bean="net.bcgi.util.db.ParamDef.IN"></ref></property>
	</bean>
	<bean id="ca_renewal_update_param_4" class="net.bcgi.util.db.ParamDef" scope="singleton">
			<property name="name"><value>po_err_code</value></property>
			<property name="mapTo"><value>po_error_code</value></property>
			<property name="type"><ref bean="java.sql.Types.BIGINT"></ref></property>
			<property name="position"><value>4</value></property>
			<property name="parameterType"><ref bean="net.bcgi.util.db.ParamDef.OUT"></ref></property>
	</bean>
	<bean id="ca_renewal_update_param_5" class="net.bcgi.util.db.ParamDef" scope="singleton">
			<property name="name"><value>po_err_desc</value></property>
			<property name="mapTo"><value>po_error_mesg</value></property>
			<property name="type"><ref bean="java.sql.Types.VARCHAR"></ref></property>
			<property name="position"><value>5</value></property>
			<property name="parameterType"><ref bean="net.bcgi.util.db.ParamDef.OUT"></ref></property>
	</bean>
 </beans>
