<?xml version="1.0" encoding="UTF-8" ?>
<!-- ====================================================================== -->
<!--                                                                        -->
<!-- XIUS-bcgi Infinet Billing Agent            -->
<!--                                                                       -->
<!-- $Id: //depot/xb/MSP1.0/MSP-AWS/agents/iba/main/config/configxmls/proc-config/eod/pro_get_rental_dets.xml#1 $     -->
<!-- This file  will maps the SP input parameters to java fields. -->
<!-- $Author: shashidhar.p $  $DateTime: 2023/08/04 15:19:58 $ $Change: 224525 $      -->
<!-- ====================================================================== -->

<!DOCTYPE beans PUBLIC "-//SPRING//DTD BEAN//EN" "http://www.springframework.org/dtd/spring-beans.dtd">

<beans>
	<!-- start rental Dets -->
	<bean id="pro_get_rental_dets"
		class="net.bcgi.util.db.SPDefinition" scope="singleton">
		<property name="name"><value>CS_PKG_RENTALS.PRO_GET_RENTAL_DETS</value></property>
		<property name="returnsResult"><value>false</value></property>
		<property name="parameters">
			<list>
				<ref bean="pro_get_rental_dets_param_1"></ref>
				<ref bean="pro_get_rental_dets_param_2"></ref>
				<ref bean="pro_get_rental_dets_param_3"></ref>
				<ref bean="pro_get_rental_dets_param_4"></ref>	
				<ref bean="pro_get_rental_dets_param_5"></ref>	
				<ref bean="pro_get_rental_dets_param_6"></ref>
				<ref bean="pro_get_rental_dets_param_7"></ref>
				<ref bean="pro_get_rental_dets_param_8"></ref>	
			</list>
		</property>
		<property name="refCursors">
			<map>
				<entry key="4">
					<ref bean="po_pro_get_rental_dets"/>
				</entry>
			</map>
		</property>
	</bean>
	<bean id="po_pro_get_rental_dets"
		class="net.bcgi.util.db.ResultSetDef" scope="prototype">
		<property name="resultSetParams">
			<list>
				<ref bean="po_pro_get_rental_dets_cursor_param_1"></ref>
				<ref bean="po_pro_get_rental_dets_cursor_param_2"></ref>
				<ref bean="po_pro_get_rental_dets_cursor_param_3"></ref>
				<ref bean="po_pro_get_rental_dets_cursor_param_4"></ref>
				<ref bean="po_pro_get_rental_dets_cursor_param_5"></ref>
				<ref bean="po_pro_get_rental_dets_cursor_param_6"></ref>
				<ref bean="po_pro_get_rental_dets_cursor_param_7"></ref>
				<ref bean="po_pro_get_rental_dets_cursor_param_8"></ref>
				<ref bean="po_pro_get_rental_dets_cursor_param_9"></ref>	
				<ref bean="po_pro_get_rental_dets_cursor_param_10"></ref>	
			</list>
		</property>
		<property name="className" value="com.xius.billing.agent.domaindata.impl.balance.RentalCursorData"/>
	</bean>

	
	<bean id="po_pro_get_rental_dets_cursor_param_1" class="net.bcgi.util.db.ResultSetParam" scope="singleton">
	  <property name="procedureColumnName"><value>trans_Id</value></property>
	  <property name="mapTo"><value>trans_id</value></property>
	  <property name="columnType"><ref bean="java.sql.Types.VARCHAR"></ref></property>
	  <property name="position"><value>1</value></property>
	</bean>
	<bean id="po_pro_get_rental_dets_cursor_param_2" class="net.bcgi.util.db.ResultSetParam" scope="singleton">
	  <property name="procedureColumnName"><value>account_id</value></property>
	  <property name="mapTo"><value>account_id</value></property>
	  <property name="columnType"><ref bean="java.sql.Types.VARCHAR"></ref></property>
	  <property name="position"><value>2</value></property>
	</bean>
	<bean id="po_pro_get_rental_dets_cursor_param_3" class="net.bcgi.util.db.ResultSetParam" scope="singleton">
	  <property name="procedureColumnName"><value>service_plan_id</value></property>
	  <property name="mapTo"><value>service_plan_id</value></property>
	  <property name="columnType"><ref bean="java.sql.Types.VARCHAR"></ref></property>
	  <property name="position"><value>3</value></property>
	</bean>
	<bean id="po_pro_get_rental_dets_cursor_param_4" class="net.bcgi.util.db.ResultSetParam" scope="singleton">
	  <property name="procedureColumnName"><value>network_id</value></property>
	  <property name="mapTo"><value>network_id</value></property>
	  <property name="columnType"><ref bean="java.sql.Types.VARCHAR"></ref></property>
	  <property name="position"><value>4</value></property>
	</bean>
	<bean id="po_pro_get_rental_dets_cursor_param_5" class="net.bcgi.util.db.ResultSetParam" scope="singleton">
	  <property name="procedureColumnName"><value>rental_amount</value></property>
	  <property name="mapTo"><value>rental_amount</value></property>
	  <property name="columnType"><ref bean="java.sql.Types.VARCHAR"></ref></property>
	  <property name="position"><value>5</value></property>
	</bean>
	<bean id="po_pro_get_rental_dets_cursor_param_6" class="net.bcgi.util.db.ResultSetParam" scope="singleton">
	  <property name="procedureColumnName"><value>rental_date</value></property>
	  <property name="mapTo"><value>rental_date</value></property>
	  <property name="columnType"><ref bean="java.sql.Types.VARCHAR"></ref></property>
	  <property name="position"><value>6</value></property>
	</bean>
	<bean id="po_pro_get_rental_dets_cursor_param_7" class="net.bcgi.util.db.ResultSetParam" scope="singleton">
	  <property name="procedureColumnName"><value>rental_applied_date</value></property>
	  <property name="mapTo"><value>rental_applied_date</value></property>
	  <property name="columnType"><ref bean="java.sql.Types.VARCHAR"></ref></property>
	  <property name="position"><value>7</value></property>
	</bean>
	<bean id="po_pro_get_rental_dets_cursor_param_8" class="net.bcgi.util.db.ResultSetParam" scope="singleton">
	  <property name="procedureColumnName"><value>rental_status</value></property>
	  <property name="mapTo"><value>rental_status</value></property>
	  <property name="columnType"><ref bean="java.sql.Types.VARCHAR"></ref></property>
	  <property name="position"><value>8</value></property>
	</bean>
	<bean id="po_pro_get_rental_dets_cursor_param_9" class="net.bcgi.util.db.ResultSetParam" scope="singleton">
	  <property name="procedureColumnName"><value>remarks</value></property>
	  <property name="mapTo"><value>remarks</value></property>
	  <property name="columnType"><ref bean="java.sql.Types.VARCHAR"></ref></property>
	  <property name="position"><value>9</value></property>
	</bean>
	<bean id="po_pro_get_rental_dets_cursor_param_10" class="net.bcgi.util.db.ResultSetParam" scope="singleton">
	  <property name="procedureColumnName"><value>msisdn</value></property>
	  <property name="mapTo"><value>msisdn</value></property>
	  <property name="columnType"><ref bean="java.sql.Types.VARCHAR"></ref></property>
	  <property name="position"><value>10</value></property>
	</bean>
		<!-- End of cursor mapping -->
	<bean id="pro_get_rental_dets_param_1" class="net.bcgi.util.db.ParamDef" scope="singleton">
			<property name="name"><value>pi_max_row_count</value></property>
			<property name="mapTo"><value>pi_max_row_count</value></property>
			<property name="type"><ref bean="java.sql.Types.BIGINT"></ref></property>
			<property name="position"><value>1</value></property>
			<property name="parameterType"><ref bean="net.bcgi.util.db.ParamDef.IN"></ref></property>
	</bean> 	
	<bean id="pro_get_rental_dets_param_2" class="net.bcgi.util.db.ParamDef" scope="singleton">
		<property name="name"><value>pi_network_ids</value></property>
		<property name="mapTo"><value>pi_network_ids</value></property>
		<property name="type"><ref bean="java.sql.Types.ARRAY"></ref></property>
		<property name="arrayName"><value>ARR_NUMB</value></property>
		<property name="position"><value>2</value></property>
		<property name="parameterType">	<ref bean="net.bcgi.util.db.ParamDef.IN"></ref></property>
	</bean>
	<bean id="pro_get_rental_dets_param_3" class="net.bcgi.util.db.ParamDef" scope="singleton">
			<property name="name"><value>pi_instance_id</value></property>
			<property name="mapTo"><value>pi_instance_id</value></property>
			<property name="type"><ref bean="java.sql.Types.VARCHAR"></ref></property>
			<property name="position"><value>3</value></property>
			<property name="parameterType"><ref bean="net.bcgi.util.db.ParamDef.IN"></ref></property>
	</bean>	
	<bean id="pro_get_rental_dets_param_4" class="net.bcgi.util.db.ParamDef" scope="singleton">
  		<property name="name"><value>po_pro_get_rental_dets</value></property>
  		<property name="mapTo"><value>cursor</value></property>
  		<property name="type"><ref bean="oracle.jdbc.driver.OracleTypes.CURSOR"></ref></property>
  		<property name="position"><value>4</value></property>
  		<property name="parameterType"><ref bean="net.bcgi.util.db.ParamDef.OUT"></ref></property>
	</bean>	
	<bean id="pro_get_rental_dets_param_5" class="net.bcgi.util.db.ParamDef" scope="singleton">
			<property name="name"><value>activity_id</value></property>
			<property name="mapTo"><value>activity_id</value></property>
			<property name="type"><ref bean="java.sql.Types.BIGINT"></ref></property>
			<property name="position"><value>5</value></property>
			<property name="parameterType"><ref bean="net.bcgi.util.db.ParamDef.OUT"></ref></property>
	</bean>	
	<bean id="pro_get_rental_dets_param_6" class="net.bcgi.util.db.ParamDef" scope="singleton">
			<property name="name"><value>po_debit_activity_reason</value></property>
			<property name="mapTo"><value>po_debit_activity_reason</value></property>
			<property name="type"><ref bean="java.sql.Types.VARCHAR"></ref></property>
			<property name="position"><value>6</value></property>
			<property name="parameterType"><ref bean="net.bcgi.util.db.ParamDef.OUT"></ref></property>
	</bean>	
	<bean id="pro_get_rental_dets_param_7" class="net.bcgi.util.db.ParamDef" scope="singleton">
			<property name="name"><value>err_code</value></property>
			<property name="mapTo"><value>po_error_code</value></property>
			<property name="type"><ref bean="java.sql.Types.BIGINT"></ref></property>
			<property name="position"><value>7</value></property>
			<property name="parameterType"><ref bean="net.bcgi.util.db.ParamDef.OUT"></ref></property>
	</bean>
	<bean id="pro_get_rental_dets_param_8" class="net.bcgi.util.db.ParamDef" scope="singleton">
			<property name="name"><value>err_description</value></property>
			<property name="mapTo"><value>po_error_mesg</value></property>
			<property name="type"><ref bean="java.sql.Types.VARCHAR"></ref></property>
			<property name="position"><value>8</value></property>
			<property name="parameterType"><ref bean="net.bcgi.util.db.ParamDef.OUT"></ref></property>
	</bean>
	
 </beans>
