<?xml version="1.0" encoding="UTF-8"?>
<mapping>
	<class
		name="com.xius.billing.agent.castor.data.balance.OffctoSubResponse">
		<description>
			Mapping for class
			com.xius.billing.agent.castor.data.balance.OffctoSubResponse

		</description>
		<map-to xml="OffctoSubResponse" />
		<field name="officecode" type="java.lang.String">
			<bind-xml name="Officecode" node="element" />
		</field>
		<field name="errorCode" type="java.lang.Long">
			<bind-xml name="errorCode" node="element" />
		</field>
		<field name="erroMessage" type="java.lang.String">
			<bind-xml name="erroMessage" node="element" />
		</field>
		<field name="subMSISDN" type="java.lang.String">
			<bind-xml name="SubMSISDN" node="element" />
		</field>
		<field name="transactionID" type="java.lang.String">
			<bind-xml name="TransactionID" node="element" />
		</field>
		<field name="statusFlag" type="java.lang.String">
			<bind-xml name="StatusFlag" node="element" />
		</field>
		<field name="Message" type="java.lang.String">
			<bind-xml name="Message" node="element" />
		</field>
	</class>
</mapping>		