<?xml version="1.0" encoding="UTF-8"?>
<mapping>
	<class name="com.xius.billing.agent.castor.data.Failure">
		<description>
			Mapping for class com.xius.billing.agent.castor.data.Failure
		</description>
		<map-to xml="Failure" />
		<field name="errorMessage" type="java.lang.String">
			<bind-xml name="ErrorMessage" node="element" />
		</field>
		<!-- <field name="detail"
			type="com.xiusbcgi.msp.common.infinet.Detail" collection="array">
			<bind-xml name="Detail" node="element" />
		</field>  -->
		<field name="errorCode" type="java.lang.String">
			<bind-xml name="ErrorCode" node="element" />
		</field>
	</class>
	<class
		name="com.xius.billing.agent.castor.data.SuccessFailureResponse">
		<description>
			Mapping for class
			com.xius.billing.agent.castor.data.SuccessFailureResponse
		</description>
		<map-to xml="SuccessFailureResponse" />
		<field name="failure"
			type="com.xius.billing.agent.castor.data.Failure">
			<bind-xml name="Failure" node="element" />
		</field>
		<field name="success"
			type="com.xius.billing.agent.castor.data.Success">
			<bind-xml name="Success" node="element" />
		</field>
	</class>
	<class name="com.xius.billing.agent.castor.data.Success">
		<description>
			Mapping for class com.xius.billing.agent.castor.data.Success
		</description>
		<map-to xml="Success" />
		<field name="detail"
			type="com.xius.billing.agent.castor.data.Detail" collection="array">
			<bind-xml name="Detail" node="element" />
		</field>
		<field name="message" type="java.lang.String">
			<bind-xml name="Message" node="element" />
		</field>
	</class>
	<class name="com.xius.billing.agent.castor.data.Detail">
		<description>
			Mapping for class com.xius.billing.agent.castor.data.Detail
		</description>
		<map-to xml="Detail" />
		<field name="name" type="java.lang.String">
			<bind-xml name="Name" node="element" />
		</field>
		<field name="value" type="java.lang.String">
			<bind-xml name="Value" node="element" />
		</field>
	</class>
</mapping>