<?xml version="1.0" encoding="UTF-8"?>
<mapping>	
	<class name="com.xius.billing.agent.castor.data.balance.TranferData">		
		<map-to xml="OffctoSubTransfer" />
		
		<field name="networkID" type="java.lang.Long">
			<bind-xml name="NetworkID" node="element" />
		</field>
		<field name="loginID" type="java.lang.String">
			<bind-xml name="LoginID" node="element" />
		</field>
		
		
		<field name="officecode" type="java.lang.String">
			<bind-xml name="Officecode" node="element" />
		</field>
		<field name="SubMSISDN" type="java.lang.Long">
			<bind-xml name="SubMSISDN" node="element" />
		</field>
		<field name="Amount" type="java.math.BigDecimal">
			<bind-xml name="Amount" node="element" />
		</field>
		<field name="Talktime" type="java.math.BigDecimal">
			<bind-xml name="Talktime" node="element" />
		</field>
		<field name="transferorcurbalance" type="java.math.BigDecimal">
			<bind-xml name="transferorcurbalance" node="element" />
		</field>
		
		<field name="transferorprevbalance" type="java.math.BigDecimal">
			<bind-xml name="transferorprevbalance" node="element" />
		</field>
		<field name="transferorCharge" type="java.math.BigDecimal">
			<bind-xml name="transfereeCharge" node="element" />
		</field>
		<field name="reason" type="java.lang.String">
			<bind-xml name="reason" node="element" />
		</field>
					
	</class>
	</mapping>