<?xml version="1.0" encoding="UTF-8"?>
<mapping>
	<class name="com.xius.billing.agent.castor.data.BulkBalAdjCastorBean">
		<map-to xml="BulkBalanceAdjustmentReq" />
<!--		<field name="MSISDNs" type="java.lang.String" collection="array">-->
<!--			<bind-xml name="MSISDN" node="element"/>-->
<!--		</field>-->
		<field name="networkID" type="java.lang.Long">
			<bind-xml name="NetworkID" node="element" />
		</field>
		<field name="TransactionID" type="java.lang.String">
			<bind-xml name="TransactionID" node="element" />
		</field>
		
		<field name="ServiceType" type="java.lang.String">
			<bind-xml name="ServiceType" node="element" />
		</field>	
	</class>
</mapping>