<?xml version="1.0" encoding="UTF-8"?>
<mapping>
	<class name="com.xius.billing.agent.castor.data.balance.BundleBalAdjustmentData">
		<map-to xml="BundleBalAdjustmentRequest" />
		<field name="MSISDN" type="java.lang.String">
			<bind-xml name="MSISDN" node="element"/>
		</field>
		
		<field name="networkID" type="java.lang.Long">
			<bind-xml name="NetworkID" node="element" />
		</field>

		<field name="TransID" type="java.lang.String">
			<bind-xml name="TransID" node="element"/>
		</field>

		<field name="BundleName" type="java.lang.String">
			<bind-xml name="BundleName" node="element"/>
		</field>

		<field name="Amount" type="java.math.BigDecimal">
			<bind-xml name="Amount" node="element"/>
		</field>

		<field name="Message" type="java.lang.String">
			<bind-xml name="Message" node="element"/>
		</field>
		
		<field name="TransType" type="java.lang.String">
			<bind-xml name="TransType" node="element"/>
		</field>
		
		<field name="ValidityDate" type="java.lang.String">
			<bind-xml name="ValidityDate" node="element"/>
		</field>
		
		<field name="User" type="java.lang.String">
			<bind-xml name="User" node="element"/>
		</field>
		
	</class>
</mapping>