<?xml version="1.0" encoding="UTF-8"?>
<mapping>
	<class name="com.xius.billing.agent.castor.data.balance.LoanData">
		
		<map-to xml="LoanRequest" />		

		<field name="MSISDN" type="java.lang.String">
			<bind-xml name="MSISDN" node="element" />
		</field>		
		<field name="networkID" type="java.lang.Long">
			<bind-xml name="NetworkID" node="element" />
		</field>		
		<field name="requestID" type="java.lang.String">
			<bind-xml name="RequestID" node="element" />
		</field>		
		<field name="ipAddress" type="java.lang.String">
			<bind-xml name="IPAddress" node="element" />
		</field>		
		<field name="loginID" type="java.lang.String">
			<bind-xml name="LogInID" node="element" />
		</field>	
		<field name="TransactionID" type="java.lang.String">
			<bind-xml name="TransactionID" node="element" />
	
		</field>	
		<field name="loanAmt" type="java.math.BigDecimal">
			<bind-xml name="Amount" node="element" />
		</field>
		<field name="ActivityID" type="java.lang.Long">
			<bind-xml name="ActivityID" node="element" />
		</field>	
	</class>
	
</mapping>