<?xml version="1.0" encoding="UTF-8"?>
<mapping>
	<class name="com.xius.billing.agent.castor.data.balance.MultiBalanceUpdateData">
		<map-to xml="MultiBalanceUpdRsp" />
		
		<field name="TransID" type="java.lang.String">
			<bind-xml name="TransID" node="element"/>
		</field>
		
		<field name="errorNo" type="java.lang.String">
			<bind-xml name="ErrorNo" node="element"/>
		</field>
		<field name="errorMsg" type="java.lang.String">
			<bind-xml name="ErrorMsg" node="element" />
		</field>
	</class>
</mapping>