<?xml version="1.0" encoding="UTF-8"?>
<mapping>
	<class name="com.xius.billing.agent.castor.data.balance.MultiBalanceUpdateData">
		<map-to xml="MultiBalanceUpdReq" />
		
		<field name="TransID" type="java.lang.String">
			<bind-xml name="TransID" node="element"/>
		</field>
		
		<field name="MSISDN" type="java.lang.String">
			<bind-xml name="MSISDN" node="element"/>
		</field>
		<field name="networkID" type="java.lang.Long">
			<bind-xml name="NetworkID" node="element" />
		</field>
		<field name="coreBalanceId" type="java.lang.String">
			<bind-xml name="CoreBalanceId" node="element" />
		</field>

		<field name="amounts" type="java.lang.String">
			<bind-xml name="Amounts" node="element" />
		</field>

		<field name="ValidityDates" type="java.lang.String">
			<bind-xml name="ValidaityDates" node="element" />
		</field>
		
		<field name="User" type="java.lang.String">
			<bind-xml name="User" node="element" />
		</field>
		
		<field name="VoucherPIN" type="java.lang.String">
			<bind-xml name="VoucherPIN" node="element" />
		</field>
		
		<field name="ProfileID" type="java.lang.String">
			<bind-xml name="ProfileID" node="element" />
		</field>
		
		<field name="RequestID" type="java.lang.String">
			<bind-xml name="RequestID" node="element" />
		</field>
		
		<field name="ChannelType" type="java.lang.String">
			<bind-xml name="ChannelType" node="element" />
		</field>
		
		<field name="TariffPlanId" type="java.lang.String">
			<bind-xml name="TariffPlanId" node="element" />
		</field>
		
		<field name="MRP" type="java.lang.String">
			<bind-xml name="MRP" node="element" />
		</field>
		
		<field name="OldValidity" type="java.lang.String">
			<bind-xml name="OldValidity" node="element" />
		</field>
           <field name="ServiceType" type="java.lang.String">
			<bind-xml name="ServiceType" node="element" />
		  </field>	
	</class>
	
</mapping>

