<?xml version="1.0" encoding="UTF-8"?>
<mapping>
	<class name="com.xius.billing.agent.castor.data.balance.SpecialTopUpData">
		
		<map-to xml="TopUpSpecialRequest" />
		
		<field name="reason" type="java.lang.String">
			<bind-xml name="Reason" node="element" />
		</field>
		<field name="amountToCredit" type="java.math.BigDecimal">
			<bind-xml name="AmountToCredit" node="element" />
		</field>
		<field name="MSISDN" type="java.lang.String">
			<bind-xml name="MSISDN" node="element" />
		</field>
		<!-- <field name="account.accountId" type="java.lang.String">
			<bind-xml name="AccountID" node="element" />
		</field> -->
		<field name="newValidityDate" type="java.lang.String">
			<bind-xml name="NewValidityDate" node="element" />
		</field>
		<field name="newGracePeriodEndDate" type="java.lang.String">
			<bind-xml name="NewGracePeriodIEndDate" node="element" />
		</field>
		<field name="newExpiryDate" type="java.lang.String">
			<bind-xml name="NewExpiryDate" node="element" />
		</field>
		
		<field name="newGracePeriod2EndDate" type="java.lang.String">
			<bind-xml name="NewG2Date" node="element" />
		</field>
		<field name="newGracePeriod3EndDate" type="java.lang.String">
			<bind-xml name="NewG3Date" node="element"/>
		</field>
	
		<field name="networkID" type="java.lang.Long">
			<bind-xml name="NetworkID" node="element" />
		</field>
		<field name="requestID" type="java.lang.String">
			<bind-xml name="RequestID" node="element" />
		</field>
		<field name="ipAddress" type="java.lang.String">
			<bind-xml name="IPAddress" node="element" />
		</field>
		<!-- 
			Only tranfer balance and topUP APIs,
			binding name of field "loginId" should be "LoginID" 
			remaining cases it should be like "LogInID"
			
			I got confirmation from BNR folks with sample request and response xml file.
			Phani.Chavala
			30th Mar, 2012 
		-->
		<field name="loginID" type="java.lang.String">
			<bind-xml name="LogInID" node="element" />
		</field>	
		<field name="ActivityID" type="java.lang.Long">
			<bind-xml name="ActivityID" node="element" />
		</field>	
		<field name="TransactionID" type="java.lang.String">
			<bind-xml name="TransactionID" node="element" />
	
		</field>	
		<field name="ServiceType" type="java.lang.String">
			<bind-xml name="ServiceType" node="element" />
		</field>	
	</class>
	
</mapping>