<?xml version="1.0" encoding="UTF-8"?>
<mapping>
	<class
		name="com.xius.billing.agent.castor.data.balance.TransferResponse">
		<description>
			Mapping for class
			com.xius.billing.agent.castor.data.balance.TransferResponse
		</description>
		<map-to xml="TransferResponse" />
		<field name="transferorMSISDN" type="java.lang.String">
			<bind-xml name="TransferorMSISDN" node="element" />
		</field>
		<field name="transfereeMSISDN" type="java.lang.String">
			<bind-xml name="TransfereeMSISDN" node="element" />
		</field>
		<field name="transferorBalance" type="java.math.BigDecimal">
			<bind-xml name="TransferorBalance" node="element" />
		</field>
		<field name="statusFlag" type="java.lang.String">
			<bind-xml name="StatusFlag" node="element" />
		</field>
		<field name="message" type="java.lang.String">
			<bind-xml name="Message" node="element" />
		</field>
	</class>
</mapping>		