<!DOCTYPE beans PUBLIC "-//SPRING//DTD BEAN//EN" "http://www.springframework.org/dtd/spring-beans.dtd">
<beans>
	<bean id="stock_mvmt_insert_range" class="net.bcgi.util.db.SPDefinition" scope="prototype">
	<property name="name"><value>STOCK_MVMT_UPDATE_RANGE</value></property>
	<property name="returnsResult"><value>false</value></property>
	<property name="parameters">
		<list> <!--  parameter list -->
			<ref bean="stock_mvmt_insert_1"></ref>
			<ref bean="stock_mvmt_insert_2"></ref>	
			<ref bean="stock_mvmt_insert_3"></ref>
			<ref bean="stock_mvmt_insert_4"></ref>
			<ref bean="stock_mvmt_insert_5"></ref>
	 		<ref bean="stock_mvmt_insert_6"></ref>
	 		<ref bean="stock_mvmt_insert_7"></ref>
	 		<ref bean="stock_mvmt_insert_8"></ref>
	 		<ref bean="stock_mvmt_insert_9"></ref>
	 		<ref bean="stock_mvmt_insert_10"></ref>
	 		<ref bean="stock_mvmt_insert_11"></ref>
	 		<ref bean="stock_mvmt_insert_12"></ref>
	 		<ref bean="stock_mvmt_insert_13"></ref>	
	 		<ref bean="stock_mvmt_insert_14"></ref>
		</list>
	</property>
		<property name="refCursors">
			<map>
				<entry key="12">
					<ref bean="po_failure_details"/>
				</entry>
				<entry key="13">
					<ref bean="po_sucess_details"/>
				</entry>
				</map>
		</property>
	</bean>
		<bean id="po_failure_details" class="net.bcgi.util.db.ResultSetDef" scope="prototype">
		<property name="resultSetParams">
			<list>
				<ref bean="po_failure_details_cursor_param_1"></ref>
				<ref bean="po_failure_details_cursor_param_2"></ref>
				<ref bean="po_failure_details_cursor_param_3"></ref>
				<ref bean="po_failure_details_cursor_param_4"></ref>
				<ref bean="po_failure_details_cursor_param_5"></ref>
				<ref bean="po_failure_details_cursor_param_6"></ref>
				<ref bean="po_failure_details_cursor_param_7"></ref>
				<ref bean="po_failure_details_cursor_param_8"></ref>
			</list>
		</property>
		<property name="className" value="com.xius.billing.agent.domaindata.impl.dealer.InventoryTransCursorData"/>
	</bean>	
	
	<bean id="po_failure_details_cursor_param_1" class="net.bcgi.util.db.ResultSetParam" scope="singleton">
	  <property name="procedureColumnName"><value>profile_id</value></property>
	  <property name="mapTo"><value>profile_id</value></property>
	  <property name="columnType"><ref bean="java.sql.Types.BIGINT"></ref></property>
	  <property name="position"><value>1</value></property>
	</bean>
	<bean id="po_failure_details_cursor_param_2" class="net.bcgi.util.db.ResultSetParam" scope="singleton">
	  <property name="procedureColumnName"><value>product_type</value></property>
	  <property name="mapTo"><value>product_type</value></property>
	  <property name="columnType"><ref bean="java.sql.Types.VARCHAR"></ref></property>
	  <property name="position"><value>2</value></property>
	</bean>
	<bean id="po_failure_details_cursor_param_3" class="net.bcgi.util.db.ResultSetParam" scope="singleton">
	  <property name="procedureColumnName"><value>source_code</value></property>
	  <property name="mapTo"><value>source_code</value></property>
	  <property name="columnType"><ref bean="java.sql.Types.BIGINT"></ref></property>
	  <property name="position"><value>3</value></property>
	</bean>
	<bean id="po_failure_details_cursor_param_4" class="net.bcgi.util.db.ResultSetParam" scope="singleton">
	  <property name="procedureColumnName"><value>dest_code</value></property>
	  <property name="mapTo"><value>dest_code</value></property>
	  <property name="columnType"><ref bean="java.sql.Types.BIGINT"></ref></property>
	  <property name="position"><value>4</value></property>
	</bean>
	<bean id="po_failure_details_cursor_param_5" class="net.bcgi.util.db.ResultSetParam" scope="singleton">
	  <property name="procedureColumnName"><value>from_range</value></property>
	  <property name="mapTo"><value>from_range</value></property>
	  <property name="columnType"><ref bean="java.sql.Types.VARCHAR"></ref></property>
	  <property name="position"><value>5</value></property>
	</bean>
	<bean id="po_failure_details_cursor_param_6" class="net.bcgi.util.db.ResultSetParam" scope="singleton">
	  <property name="procedureColumnName"><value>to_range</value></property>
	  <property name="mapTo"><value>to_range</value></property>
	  <property name="columnType"><ref bean="java.sql.Types.VARCHAR"></ref></property>
	  <property name="position"><value>6</value></property>
	</bean>
	<bean id="po_failure_details_cursor_param_7" class="net.bcgi.util.db.ResultSetParam" scope="singleton">
	  <property name="procedureColumnName"><value>card_name</value></property>
	  <property name="mapTo"><value>card_name</value></property>
	  <property name="columnType"><ref bean="java.sql.Types.VARCHAR"></ref></property>
	  <property name="position"><value>7</value></property>
	</bean>
	<bean id="po_failure_details_cursor_param_8" class="net.bcgi.util.db.ResultSetParam" scope="singleton">
	  <property name="procedureColumnName"><value>fail_reason</value></property>
	  <property name="mapTo"><value>fail_reason</value></property>
	  <property name="columnType"><ref bean="java.sql.Types.VARCHAR"></ref></property>
	  <property name="position"><value>8</value></property>
	</bean>

		<bean id="po_sucess_details" class="net.bcgi.util.db.ResultSetDef" scope="prototype">
		<property name="resultSetParams">
			<list>
				<ref bean="po_sucess_details_cursor_param_1"></ref>
				<ref bean="po_sucess_details_cursor_param_2"></ref>
				<ref bean="po_sucess_details_cursor_param_3"></ref>
				<ref bean="po_sucess_details_cursor_param_4"></ref>
				<ref bean="po_sucess_details_cursor_param_5"></ref>
				<ref bean="po_sucess_details_cursor_param_6"></ref>
				<ref bean="po_sucess_details_cursor_param_7"></ref>
				<ref bean="po_sucess_details_cursor_param_8"></ref>
			</list>
		</property>
		<property name="className" value="com.xius.billing.agent.domaindata.impl.dealer.InventoryTransCursorData"/>
	</bean>	
	
	<bean id="po_sucess_details_cursor_param_1" class="net.bcgi.util.db.ResultSetParam" scope="singleton">
	  <property name="procedureColumnName"><value>trans_numb</value></property>
	  <property name="mapTo"><value>trans_numb</value></property>
	  <property name="columnType"><ref bean="java.sql.Types.BIGINT"></ref></property>
	  <property name="position"><value>1</value></property>
	</bean>
	<bean id="po_sucess_details_cursor_param_2" class="net.bcgi.util.db.ResultSetParam" scope="singleton">
	  <property name="procedureColumnName"><value>profile_id</value></property>
	  <property name="mapTo"><value>profile_id</value></property>
	  <property name="columnType"><ref bean="java.sql.Types.BIGINT"></ref></property>
	  <property name="position"><value>2</value></property>
	</bean>
	<bean id="po_sucess_details_cursor_param_3" class="net.bcgi.util.db.ResultSetParam" scope="singleton">
	  <property name="procedureColumnName"><value>product_type</value></property>
	  <property name="mapTo"><value>product_type</value></property>
	  <property name="columnType"><ref bean="java.sql.Types.VARCHAR"></ref></property>
	  <property name="position"><value>3</value></property>
	</bean>
	<bean id="po_sucess_details_cursor_param_4" class="net.bcgi.util.db.ResultSetParam" scope="singleton">
	  <property name="procedureColumnName"><value>source_code</value></property>
	  <property name="mapTo"><value>source_code</value></property>
	  <property name="columnType"><ref bean="java.sql.Types.BIGINT"></ref></property>
	  <property name="position"><value>4</value></property>
	</bean>
	<bean id="po_sucess_details_cursor_param_5" class="net.bcgi.util.db.ResultSetParam" scope="singleton">
	  <property name="procedureColumnName"><value>dest_code</value></property>
	  <property name="mapTo"><value>dest_code</value></property>
	  <property name="columnType"><ref bean="java.sql.Types.BIGINT"></ref></property>
	  <property name="position"><value>5</value></property>
	</bean>
	<bean id="po_sucess_details_cursor_param_6" class="net.bcgi.util.db.ResultSetParam" scope="singleton">
	  <property name="procedureColumnName"><value>from_range</value></property>
	  <property name="mapTo"><value>from_range</value></property>
	  <property name="columnType"><ref bean="java.sql.Types.VARCHAR"></ref></property>
	  <property name="position"><value>6</value></property>
	</bean>
	<bean id="po_sucess_details_cursor_param_7" class="net.bcgi.util.db.ResultSetParam" scope="singleton">
	  <property name="procedureColumnName"><value>to_range</value></property>
	  <property name="mapTo"><value>to_range</value></property>
	  <property name="columnType"><ref bean="java.sql.Types.VARCHAR"></ref></property>
	  <property name="position"><value>7</value></property>
	</bean>
	<bean id="po_sucess_details_cursor_param_8" class="net.bcgi.util.db.ResultSetParam" scope="singleton">
	  <property name="procedureColumnName"><value>card_name</value></property>
	  <property name="mapTo"><value>card_name</value></property>
	  <property name="columnType"><ref bean="java.sql.Types.VARCHAR"></ref></property>
	  <property name="position"><value>8</value></property>
	</bean>
	
	<bean id="stock_mvmt_insert_1" class="net.bcgi.util.db.ParamDef" scope="singleton">
		<property name="name"><value>pi_trans_no</value></property>
		<property name="mapTo"><value>pi_trans_no</value></property>
		<property name="type"><ref bean="java.sql.Types.ARRAY"></ref></property>
		<property name="arrayName"><value>ARR_NUMB</value></property>
		<property name="position"><value>1</value></property>
		<property name="parameterType"><ref bean="net.bcgi.util.db.ParamDef.IN"></ref></property>
	</bean>
	<bean id="stock_mvmt_insert_2" class="net.bcgi.util.db.ParamDef" scope="singleton">
		<property name="name"><value>pi_profile_id</value></property>
		<property name="mapTo"><value>pi_profile_id</value></property>
		<property name="type"><ref bean="java.sql.Types.ARRAY"></ref></property>
		<property name="arrayName"><value>ARR_NUMB</value></property>
		<property name="position"><value>2</value></property>
		<property name="parameterType"><ref bean="net.bcgi.util.db.ParamDef.IN"></ref></property>
	</bean>
	<bean id="stock_mvmt_insert_3" class="net.bcgi.util.db.ParamDef" scope="singleton">
		<property name="name"><value>pi_prod_type</value></property>
		<property name="mapTo"><value>pi_prod_type</value></property>
		<property name="type"><ref bean="java.sql.Types.ARRAY"></ref></property>
		<property name="arrayName"><value>ARR_VARCHAR</value></property>
		<property name="position"><value>3</value></property>
		<property name="parameterType"><ref bean="net.bcgi.util.db.ParamDef.IN"></ref></property>
	</bean>
	<bean id="stock_mvmt_insert_4" class="net.bcgi.util.db.ParamDef" scope="singleton">
		<property name="name"><value>pi_source_code</value></property>
		<property name="mapTo"><value>pi_source_code</value></property>
		<property name="type"><ref bean="java.sql.Types.ARRAY"></ref></property>
		<property name="arrayName"><value>ARR_NUMB</value></property>

		<property name="position"><value>4</value></property>
		<property name="parameterType"><ref bean="net.bcgi.util.db.ParamDef.IN"></ref></property>
	</bean>
	<bean id="stock_mvmt_insert_5" class="net.bcgi.util.db.ParamDef" scope="singleton">
		<property name="name"><value>pi_dest_code</value></property>
		<property name="mapTo"><value>pi_dest_code</value></property>
		<property name="type"><ref bean="java.sql.Types.ARRAY"></ref></property>
		<property name="arrayName"><value>ARR_NUMB</value></property>

		<property name="position"><value>5</value></property>
		<property name="parameterType"><ref bean="net.bcgi.util.db.ParamDef.IN"></ref></property>
	</bean>
	<bean id="stock_mvmt_insert_6" class="net.bcgi.util.db.ParamDef" scope="singleton">
		<property name="name"><value>pi_receipt_flag</value></property>
		<property name="mapTo"><value>pi_receipt_flag</value></property>
		<property name="type"><ref bean="java.sql.Types.ARRAY"></ref></property>
		<property name="arrayName"><value>ARR_VARCHAR</value></property>

		<property name="position"><value>6</value></property>
		<property name="parameterType"><ref bean="net.bcgi.util.db.ParamDef.IN"></ref></property>
	</bean>
	<bean id="stock_mvmt_insert_7" class="net.bcgi.util.db.ParamDef" scope="singleton">
		<property name="name"><value>pi_frmrange</value></property>
		<property name="mapTo"><value>pi_frmrange</value></property>
		<property name="type"><ref bean="java.sql.Types.ARRAY"></ref></property>
		<property name="arrayName"><value>ARR_VARCHAR</value></property>

		<property name="position"><value>7</value></property>
		<property name="parameterType"><ref bean="net.bcgi.util.db.ParamDef.IN"></ref></property>
	</bean>
	<bean id="stock_mvmt_insert_8" class="net.bcgi.util.db.ParamDef" scope="singleton">
		<property name="name"><value>pi_torange</value></property>
		<property name="mapTo"><value>pi_torange</value></property>
		<property name="type"><ref bean="java.sql.Types.ARRAY"></ref></property>
		<property name="arrayName"><value>ARR_VARCHAR</value></property>

		<property name="position"><value>8</value></property>
		<property name="parameterType"><ref bean="net.bcgi.util.db.ParamDef.IN"></ref></property>
	</bean>
	<bean id="stock_mvmt_insert_9" class="net.bcgi.util.db.ParamDef" scope="singleton">
		<property name="name"><value>pi_trans_type</value></property>
		<property name="mapTo"><value>pi_trans_type</value></property>
		<property name="type"><ref bean="java.sql.Types.ARRAY"></ref></property>
		<property name="arrayName"><value>ARR_VARCHAR</value></property>

		<property name="position"><value>9</value></property>
		<property name="parameterType"><ref bean="net.bcgi.util.db.ParamDef.IN"></ref></property>
	</bean>
	<bean id="stock_mvmt_insert_10" class="net.bcgi.util.db.ParamDef" scope="singleton">
		<property name="name"><value>pi_status_code</value></property>
		<property name="mapTo"><value>pi_status_code</value></property>
		<property name="type"><ref bean="java.sql.Types.ARRAY"></ref></property>
		<property name="arrayName"><value>ARR_VARCHAR</value></property>

		<property name="position"><value>10</value></property>
		<property name="parameterType"><ref bean="net.bcgi.util.db.ParamDef.IN"></ref></property>
	</bean>
	<bean id="stock_mvmt_insert_11" class="net.bcgi.util.db.ParamDef" scope="singleton">
		<property name="name"><value>pi_network_id</value></property>
		<property name="mapTo"><value>pi_network_id</value></property>
		<property name="type"><ref bean="java.sql.Types.BIGINT"></ref></property>
		<property name="position"><value>11</value></property>
		<property name="parameterType"><ref bean="net.bcgi.util.db.ParamDef.IN"></ref></property>
	</bean>
	<bean id="stock_mvmt_insert_12" class="net.bcgi.util.db.ParamDef" scope="singleton">
		<property name="name"><value>po_failure_details</value></property>
		<property name="mapTo"><value>po_failure_details</value></property>
		<property name="type"><ref bean="oracle.jdbc.driver.OracleTypes.CURSOR"></ref></property>
		<property name="position"><value>12</value></property>
		<property name="parameterType"><ref bean="net.bcgi.util.db.ParamDef.OUT"></ref></property>
	</bean>
	<bean id="stock_mvmt_insert_13" class="net.bcgi.util.db.ParamDef" scope="singleton">
		<property name="name"><value>po_sucess_details</value></property>
		<property name="mapTo"><value>po_sucess_details</value></property>
		<property name="type"><ref bean="oracle.jdbc.driver.OracleTypes.CURSOR"></ref></property>
		<property name="position"><value>13</value></property>
		<property name="parameterType"><ref bean="net.bcgi.util.db.ParamDef.OUT"></ref></property>
	</bean>
	<bean id="stock_mvmt_insert_14" class="net.bcgi.util.db.ParamDef" scope="singleton">
		<property name="name"><value>po_error_code</value></property>
		<property name="mapTo"><value>po_error_code</value></property>
		<property name="type"><ref bean="java.sql.Types.BIGINT"></ref></property>
		<property name="position"><value>14</value></property>
		<property name="parameterType"><ref bean="net.bcgi.util.db.ParamDef.OUT"></ref></property>
	</bean>	
</beans>