<?xml version="1.0" encoding="UTF-8" ?>
<!-- ====================================================================== -->
<!--                                                                        -->
<!-- XIUS-bcgi InfinetBilling Agent            -->
<!--                                                                       -->
<!-- $Id: //depot/xb/MSP1.0/MSP-AWS/agents/iba/main/config/configxmls/proc-config/account/activate_msisdn_acct.xml#1 $     -->
<!-- This file  will maps the SP input parameters to java fields. -->
<!-- $Author: shashidhar.p $  $DateTime: 2023/08/04 15:19:58 $ $Change: 224525 $      -->
<!-- ====================================================================== -->

<!DOCTYPE beans PUBLIC "-//SPRING//DTD BEAN//EN" "http://www.springframework.org/dtd/spring-beans.dtd">

<beans>
	<!-- start activate_msisdn_acct -->
	<bean id="activate_msisdn_acct"
		class="net.bcgi.util.db.SPDefinition" scope="singleton">
		<property name="name"><value>OSS_NUMBER_MANAGEMENT.PRO_AMS_ACTIVATE_MSISDN_ACCT</value></property>
		<property name="returnsResult"><value>false</value></property>
		<property name="parameters">
			<list>
				<ref bean="activate_msisdn_acct_param_1"></ref>
				<ref bean="activate_msisdn_acct_param_2"></ref>
				<ref bean="activate_msisdn_acct_param_3"></ref>
				<ref bean="activate_msisdn_acct_param_4"></ref>
				<ref bean="activate_msisdn_acct_param_5"></ref>
				<ref bean="activate_msisdn_acct_param_6"></ref>
				<ref bean="activate_msisdn_acct_param_7"></ref>																
				<ref bean="activate_msisdn_acct_param_8"></ref>																
				<ref bean="activate_msisdn_acct_param_9"></ref>																
				<ref bean="activate_msisdn_acct_param_10"></ref>																
				<ref bean="activate_msisdn_acct_param_11"></ref>																
				<ref bean="activate_msisdn_acct_param_12"></ref>																
			</list>
		</property>
	</bean>
	<bean id="activate_msisdn_acct_param_1" class="net.bcgi.util.db.ParamDef" scope="singleton">
			<property name="name"><value>pi_msisdn</value></property>
			<property name="mapTo"><value>pi_msisdn</value></property>
			<property name="type"><ref bean="java.sql.Types.VARCHAR"></ref></property>
			<property name="position"><value>1</value></property>
			<property name="parameterType"><ref bean="net.bcgi.util.db.ParamDef.IN_OUT"></ref></property>
	</bean>
	<bean id="activate_msisdn_acct_param_2" class="net.bcgi.util.db.ParamDef" scope="singleton">
			<property name="name"><value>pi_parent_msisdn</value></property>
			<property name="mapTo"><value>pi_parent_msisdn</value></property>
			<property name="type"><ref bean="java.sql.Types.VARCHAR"></ref></property>
			<property name="position"><value>2</value></property>
			<property name="parameterType"><ref bean="net.bcgi.util.db.ParamDef.IN_OUT"></ref></property>
	</bean>
	
	<bean id="activate_msisdn_acct_param_3" class="net.bcgi.util.db.ParamDef" scope="singleton">
			<property name="name"><value>pi_zipcode</value></property>
			<property name="mapTo"><value>pi_zipcode</value></property>
			<property name="type"><ref bean="java.sql.Types.VARCHAR"></ref></property>
			<property name="position"><value>3</value></property>
			<property name="parameterType"><ref bean="net.bcgi.util.db.ParamDef.IN"></ref></property>
	</bean>
	<bean id="activate_msisdn_acct_param_4" class="net.bcgi.util.db.ParamDef" scope="singleton">
			<property name="name"><value>pi_network_id</value></property>
			<property name="mapTo"><value>pi_network_id</value></property>
			<property name="type"><ref bean="java.sql.Types.BIGINT"></ref></property>
			<property name="position"><value>4</value></property>
			<property name="parameterType"><ref bean="net.bcgi.util.db.ParamDef.IN_OUT"></ref></property>
	</bean>
	<bean id="activate_msisdn_acct_param_5" class="net.bcgi.util.db.ParamDef" scope="singleton">
			<property name="name"><value>pi_password</value></property>
			<property name="mapTo"><value>pi_password</value></property>
			<property name="type"><ref bean="java.sql.Types.VARCHAR"></ref></property>
			<property name="position"><value>5</value></property>
			<property name="parameterType"><ref bean="net.bcgi.util.db.ParamDef.IN"></ref></property>
	</bean>
	<bean id="activate_msisdn_acct_param_6" class="net.bcgi.util.db.ParamDef" scope="singleton">
			<property name="name"><value>pi_cardprofile</value></property>
			<property name="mapTo"><value>pi_cardprofile</value></property>
			<property name="type"><ref bean="java.sql.Types.BIGINT"></ref></property>
			<property name="position"><value>6</value></property>
			<property name="parameterType"><ref bean="net.bcgi.util.db.ParamDef.IN"></ref></property>
	</bean>
	<bean id="activate_msisdn_acct_param_7" class="net.bcgi.util.db.ParamDef" scope="singleton">
			<property name="name"><value>pi_activationcode</value></property>
			<property name="mapTo"><value>pi_activationcode</value></property>
			<property name="type"><ref bean="java.sql.Types.VARCHAR"></ref></property>
			<property name="position"><value>7</value></property>
			<property name="parameterType"><ref bean="net.bcgi.util.db.ParamDef.IN"></ref></property>
	</bean>
	<bean id="activate_msisdn_acct_param_8" class="net.bcgi.util.db.ParamDef" scope="singleton">
			<property name="name"><value>pi_sim</value></property>
			<property name="mapTo"><value>pi_sim</value></property>
			<property name="type"><ref bean="java.sql.Types.VARCHAR"></ref></property>
			<property name="position"><value>8</value></property>
			<property name="parameterType"><ref bean="net.bcgi.util.db.ParamDef.IN"></ref></property>
	</bean>
	<bean id="activate_msisdn_acct_param_9" class="net.bcgi.util.db.ParamDef" scope="singleton">
			<property name="name"><value>pi_imsi</value></property>
			<property name="mapTo"><value>pi_imsi</value></property>
			<property name="type"><ref bean="java.sql.Types.VARCHAR"></ref></property>
			<property name="position"><value>9</value></property>
			<property name="parameterType"><ref bean="net.bcgi.util.db.ParamDef.IN_OUT"></ref></property>
	</bean>
	<bean id="activate_msisdn_acct_param_10" class="net.bcgi.util.db.ParamDef" scope="singleton">
			<property name="name"><value>pi_imei</value></property>
			<property name="mapTo"><value>pi_imei</value></property>
			<property name="type"><ref bean="java.sql.Types.VARCHAR"></ref></property>
			<property name="position"><value>10</value></property>
			<property name="parameterType"><ref bean="net.bcgi.util.db.ParamDef.IN"></ref></property>
	</bean>
	<bean id="activate_msisdn_acct_param_11" class="net.bcgi.util.db.ParamDef" scope="singleton">
			<property name="name"><value>pi_login_id</value></property>
			<property name="mapTo"><value>pi_user_id</value></property>
			<property name="type"><ref bean="java.sql.Types.VARCHAR"></ref></property>
			<property name="position"><value>11</value></property>
			<property name="parameterType"><ref bean="net.bcgi.util.db.ParamDef.IN_OUT"></ref></property>
	</bean>
	<bean id="activate_msisdn_acct_param_12" class="net.bcgi.util.db.ParamDef" scope="singleton">
			<property name="name"><value>pi_postpaid_yn</value></property>
			<property name="mapTo"><value>pi_postpaid_yn</value></property>
			<property name="type"><ref bean="java.sql.Types.VARCHAR"></ref></property>
			<property name="position"><value>12</value></property>
			<property name="parameterType"><ref bean="net.bcgi.util.db.ParamDef.IN_OUT"></ref></property>
	</bean>
	<bean id="activate_msisdn_acct_param_13" class="net.bcgi.util.db.ParamDef" scope="singleton">
			<property name="name"><value>po_account_id</value></property>
			<property name="mapTo"><value>po_account_id</value></property>
			<property name="type"><ref bean="java.sql.Types.BIGINT"></ref></property>
			<property name="position"><value>13</value></property>
			<property name="parameterType"><ref bean="net.bcgi.util.db.ParamDef.OUT"></ref></property>
	</bean>
	<bean id="activate_msisdn_acct_param_14" class="net.bcgi.util.db.ParamDef" scope="singleton">
			<property name="name"><value>po_re_activate_yn</value></property>
			<property name="mapTo"><value>po_re_activate_yn</value></property>
			<property name="type"><ref bean="java.sql.Types.VARCHAR"></ref></property>
			<property name="position"><value>14</value></property>
			<property name="parameterType"><ref bean="net.bcgi.util.db.ParamDef.IN_OUT"></ref></property>
	</bean>
	<bean id="activate_msisdn_acct_param_15" class="net.bcgi.util.db.ParamDef" scope="singleton">
			<property name="name"><value>po_mo_or_mt_service_exist</value></property>
			<property name="mapTo"><value>po_mo_or_mt_service_exist</value></property>
			<property name="type"><ref bean="java.sql.Types.VARCHAR"></ref></property>
			<property name="position"><value>15</value></property>
			<property name="parameterType"><ref bean="net.bcgi.util.db.ParamDef.IN_OUT"></ref></property>
	</bean>
	<bean id="activate_msisdn_acct_param_16" class="net.bcgi.util.db.ParamDef" scope="singleton">
			<property name="name"><value>po_data_service_exist</value></property>
			<property name="mapTo"><value>po_data_service_exist</value></property>
			<property name="type"><ref bean="java.sql.Types.VARCHAR"></ref></property>
			<property name="position"><value>16</value></property>
			<property name="parameterType"><ref bean="net.bcgi.util.db.ParamDef.IN_OUT"></ref></property>
	</bean>
	<bean id="activate_msisdn_acct_param_17" class="net.bcgi.util.db.ParamDef" scope="singleton">
			<property name="name"><value>po_optional_activ_service_flag</value></property>
			<property name="mapTo"><value>po_optional_activ_service_flag</value></property>
			<property name="type"><ref bean="java.sql.Types.VARCHAR"></ref></property>
			<property name="position"><value>17</value></property>
			<property name="parameterType"><ref bean="net.bcgi.util.db.ParamDef.IN_OUT"></ref></property>
	</bean>
	<bean id="activate_msisdn_acct_param_18" class="net.bcgi.util.db.ParamDef" scope="singleton">
			<property name="name"><value>po_error_code</value></property>
			<property name="mapTo"><value>po_error_code</value></property>
			<property name="type"><ref bean="java.sql.Types.VARCHAR"></ref></property>
			<property name="position"><value>18</value></property>
			<property name="parameterType"><ref bean="net.bcgi.util.db.ParamDef.OUT"></ref></property>
	</bean>

 </beans>
