<!--
	Requirement: MSP 4.0 CCUI enhancements 
	Usage	   : view_trouble_ticket
	Author	   : Phani Chavala
	Date	   : 29th Mar 2012		 
-->
<!DOCTYPE beans PUBLIC "-//SPRING//DTD BEAN//EN" "http://www.springframework.org/dtd/spring-beans.dtd">
<beans>
	<bean id="get_tkt_history" class="net.bcgi.util.db.SPDefinition" scope="prototype">
		<property name="name"><value>TKT_PKG_TROUBLE_TICKETS.get_tkt_history</value></property>
		<property name="returnsResult"><value>false</value></property>
		<property name="parameters">
			<list> <!--  parameter list -->
				<ref bean="get_tkt_history_param_1"></ref>
				<ref bean="get_tkt_history_param_2"></ref>				
				<ref bean="get_tkt_history_param_3"></ref>
				<ref bean="get_tkt_history_param_4"></ref>
				<ref bean="get_tkt_history_param_5"></ref>
			
			</list>
		</property>
		<property name="refCursors">
			<map>
				<entry key="3">
					<ref bean="po_tkt_history_ref_bean"/>
				</entry>
			</map>
		</property>
	</bean>
	
	<bean id="po_tkt_history_ref_bean" class="net.bcgi.util.db.ResultSetDef" scope="prototype">
		<property name="resultSetParams">
			<list>
				<ref bean="po_tkt_history_cursor_param_1"></ref>
				<ref bean="po_tkt_history_cursor_param_2"></ref>
				<ref bean="po_tkt_history_cursor_param_3"></ref>
				<ref bean="po_tkt_history_cursor_param_4"></ref>
				<ref bean="po_tkt_history_cursor_param_5"></ref>
				<ref bean="po_tkt_history_cursor_param_6"></ref>
				<ref bean="po_tkt_history_cursor_param_7"></ref>
				<ref bean="po_tkt_history_cursor_param_8"></ref>
				<ref bean="po_tkt_history_cursor_param_9"></ref>
				<ref bean="po_tkt_history_cursor_param_10"></ref>
				
			</list>
		</property>
		<property name="className" value="com.xius.billing.agent.domaindata.impl.actmgmt.GetTroubleTktHistoryCursorData"/>
	</bean>
	    
    
	<bean id="po_tkt_history_cursor_param_1" class="net.bcgi.util.db.ResultSetParam" scope="singleton">
	  <property name="procedureColumnName"><value>tkt_no</value></property>
	  <property name="mapTo"><value>tkt_no</value></property>
	  <property name="columnType"><ref bean="java.sql.Types.BIGINT"></ref></property>
	  <property name="position"><value>1</value></property>
	</bean>
	<bean id="po_tkt_history_cursor_param_2" class="net.bcgi.util.db.ResultSetParam" scope="singleton">
	  <property name="procedureColumnName"><value>sys_creation_date</value></property>
	  <property name="mapTo"><value>sys_creation_date</value></property>
	  <property name="columnType"><ref bean="java.sql.Types.VARCHAR"></ref></property>
	  <property name="position"><value>2</value></property>
	</bean>
	<bean id="po_tkt_history_cursor_param_3" class="net.bcgi.util.db.ResultSetParam" scope="singleton">
	  <property name="procedureColumnName"><value>heading</value></property>
	  <property name="mapTo"><value>heading</value></property>
	  <property name="columnType"><ref bean="java.sql.Types.VARCHAR"></ref></property>
	  <property name="position"><value>3</value></property>
	</bean>
	<bean id="po_tkt_history_cursor_param_4" class="net.bcgi.util.db.ResultSetParam" scope="singleton">
	  <property name="procedureColumnName"><value>assigned_to</value></property>
	  <property name="mapTo"><value>assigned_to</value></property>
	  <property name="columnType"><ref bean="java.sql.Types.VARCHAR"></ref></property>
	  <property name="position"><value>4</value></property>
	</bean>
	<bean id="po_tkt_history_cursor_param_5" class="net.bcgi.util.db.ResultSetParam" scope="singleton">
	  <property name="procedureColumnName"><value>status</value></property>
	  <property name="mapTo"><value>status</value></property>
	  <property name="columnType"><ref bean="java.sql.Types.VARCHAR"></ref></property>
	  <property name="position"><value>5</value></property>
	</bean>
	<bean id="po_tkt_history_cursor_param_6" class="net.bcgi.util.db.ResultSetParam" scope="singleton">
	  <property name="procedureColumnName"><value>status_change_date</value></property>
	  <property name="mapTo"><value>status_change_date</value></property>
	  <property name="columnType"><ref bean="java.sql.Types.VARCHAR"></ref></property>
	  <property name="position"><value>6</value></property>
	</bean>
	<bean id="po_tkt_history_cursor_param_7" class="net.bcgi.util.db.ResultSetParam" scope="singleton">
	  <property name="procedureColumnName"><value>severity</value></property>
	  <property name="mapTo"><value>severity</value></property>
	  <property name="columnType"><ref bean="java.sql.Types.VARCHAR"></ref></property>
	  <property name="position"><value>7</value></property>
	</bean>
	<bean id="po_tkt_history_cursor_param_8" class="net.bcgi.util.db.ResultSetParam" scope="singleton">
	  <property name="procedureColumnName"><value>tkt_created_by</value></property>
	  <property name="mapTo"><value>tkt_created_by</value></property>
	  <property name="columnType"><ref bean="java.sql.Types.VARCHAR"></ref></property>
	  <property name="position"><value>8</value></property>
	</bean>
	<bean id="po_tkt_history_cursor_param_9" class="net.bcgi.util.db.ResultSetParam" scope="singleton">
	  <property name="procedureColumnName"><value>tkt_updated_by</value></property>
	  <property name="mapTo"><value>tkt_updated_by</value></property>
	  <property name="columnType"><ref bean="java.sql.Types.VARCHAR"></ref></property>
	  <property name="position"><value>9</value></property>
	</bean>
	<bean id="po_tkt_history_cursor_param_10" class="net.bcgi.util.db.ResultSetParam" scope="singleton">
	  <property name="procedureColumnName"><value>problem_desc</value></property>
	  <property name="mapTo"><value>problem_desc</value></property>
	  <property name="columnType"><ref bean="java.sql.Types.VARCHAR"></ref></property>
	  <property name="position"><value>10</value></property>
	</bean>
	
	
	<!-- End of cursor mapping -->

	<bean id="get_tkt_history_param_1" class="net.bcgi.util.db.ParamDef" scope="singleton">
		<property name="name"><value>pi_network_id</value></property>
		<property name="mapTo"><value>pi_network_id</value></property>
		<property name="type"><ref bean="java.sql.Types.BIGINT"></ref></property>
		<property name="position"><value>1</value></property>
		<property name="parameterType"><ref bean="net.bcgi.util.db.ParamDef.IN"></ref></property>
	</bean>	
	
	<bean id="get_tkt_history_param_2" class="net.bcgi.util.db.ParamDef" scope="singleton">
		<property name="name"><value>pi_ticket_no</value></property>
		<property name="mapTo"><value>pi_ticket_no</value></property>
		<property name="type"><ref bean="java.sql.Types.BIGINT"></ref></property>
		<property name="position"><value>2</value></property>
		<property name="parameterType"><ref bean="net.bcgi.util.db.ParamDef.IN"></ref></property>
	</bean>	
	

	
	<bean id="get_tkt_history_param_3" class="net.bcgi.util.db.ParamDef" scope="singleton">
  		<property name="name"><value>po_tkt_history</value></property>
  		<property name="mapTo"><value>po_tkt_history</value></property>
  		<property name="type"><ref bean="oracle.jdbc.driver.OracleTypes.CURSOR"></ref></property>
  		<property name="position"><value>3</value></property>
  		<property name="parameterType"><ref bean="net.bcgi.util.db.ParamDef.OUT"></ref></property>
	</bean>
		<bean id="get_tkt_history_param_4" class="net.bcgi.util.db.ParamDef" scope="singleton">
		<property name="name"><value>po_error_code</value></property>
		<property name="mapTo"><value>po_error_code</value></property>
		<property name="type"><ref bean="java.sql.Types.BIGINT"></ref></property>
		<property name="position"><value>4</value></property>
		<property name="parameterType"><ref bean="net.bcgi.util.db.ParamDef.OUT"></ref></property>
	</bean>	
	<bean id="get_tkt_history_param_5" class="net.bcgi.util.db.ParamDef" scope="singleton">
		<property name="name"><value>po_error_desc</value></property>
		<property name="mapTo"><value>po_error_mesg</value></property>
		<property name="type"><ref bean="java.sql.Types.VARCHAR"></ref></property>
		<property name="position"><value>5</value></property>
		<property name="parameterType"><ref bean="net.bcgi.util.db.ParamDef.OUT"></ref></property>
	</bean>	
	
</beans>