<!DOCTYPE beans PUBLIC "-//SPRING//DTD BEAN//EN" "http://www.springframework.org/dtd/spring-beans.dtd">
<beans>
	<bean id="pro_sim_registration" class="net.bcgi.util.db.SPDefinition" scope="prototype">
	<property name="name"><value>CS_PKG_SIM_REGISTRATION.pro_sim_registration</value></property>
	<property name="returnsResult"><value>false</value></property>
	<property name="parameters">
		<list> <!--  parameter list -->
			<ref bean="pro_sim_registration_1"></ref>
			<ref bean="pro_sim_registration_2"></ref>
			<ref bean="pro_sim_registration_3"></ref>
			<ref bean="pro_sim_registration_4"></ref>
			<ref bean="pro_sim_registration_5"></ref>
			<ref bean="pro_sim_registration_6"></ref>
			<ref bean="pro_sim_registration_7"></ref>
			<ref bean="pro_sim_registration_8"></ref>
			<ref bean="pro_sim_registration_9"></ref>
			<ref bean="pro_sim_registration_10"></ref>
			<ref bean="pro_sim_registration_11"></ref>
			<ref bean="pro_sim_registration_12"></ref>
			<ref bean="pro_sim_registration_13"></ref>
			<ref bean="pro_sim_registration_14"></ref>
			<ref bean="pro_sim_registration_15"></ref>
			<ref bean="pro_sim_registration_16"></ref>
			<ref bean="pro_sim_registration_17"></ref>
			<ref bean="pro_sim_registration_18"></ref>
			<ref bean="pro_sim_registration_19"></ref>
			<ref bean="pro_sim_registration_20"></ref>
			<ref bean="pro_sim_registration_21"></ref>
			<ref bean="pro_sim_registration_22"></ref>
			<ref bean="pro_sim_registration_23"></ref>
			<ref bean="pro_sim_registration_24"></ref>
			<ref bean="pro_sim_registration_25"></ref>
			<ref bean="pro_sim_registration_26"></ref>
			<ref bean="pro_sim_registration_27"></ref>
			<ref bean="pro_sim_registration_28"></ref>
			<ref bean="pro_sim_registration_29"></ref>
			<ref bean="pro_sim_registration_30"></ref>
			<ref bean="pro_sim_registration_31"></ref>
			<ref bean="pro_sim_registration_32"></ref>
		</list>
	</property>
	</bean>
	<bean id="pro_sim_registration_1" class="net.bcgi.util.db.ParamDef" scope="singleton">
		<property name="name"><value>pi_sim</value></property>
		<property name="mapTo"><value>pi_sim</value></property>
		<property name="type"><ref bean="java.sql.Types.VARCHAR"></ref></property>
		<property name="position"><value>1</value></property>
		<property name="parameterType"><ref bean="net.bcgi.util.db.ParamDef.IN"></ref></property>
	</bean>
	<bean id="pro_sim_registration_2" class="net.bcgi.util.db.ParamDef" scope="singleton">
		<property name="name"><value>pi_id_no</value></property>
		<property name="mapTo"><value>pi_id_no</value></property>
		<property name="type"><ref bean="java.sql.Types.VARCHAR"></ref></property>
		<property name="position"><value>2</value></property>
		<property name="parameterType"><ref bean="net.bcgi.util.db.ParamDef.IN"></ref></property>
	</bean>
	<bean id="pro_sim_registration_3" class="net.bcgi.util.db.ParamDef" scope="singleton">
		<property name="name"><value>pi_id_type</value></property>
		<property name="mapTo"><value>pi_id_type</value></property>
		<property name="type"><ref bean="java.sql.Types.VARCHAR"></ref></property>
		<property name="position"><value>3</value></property>
		<property name="parameterType"><ref bean="net.bcgi.util.db.ParamDef.IN"></ref></property>
	</bean>
	<bean id="pro_sim_registration_4" class="net.bcgi.util.db.ParamDef" scope="singleton">
		<property name="name"><value>pi_promo_code</value></property>
		<property name="mapTo"><value>pi_promo_code</value></property>
		<property name="type"><ref bean="java.sql.Types.VARCHAR"></ref></property>
		<property name="position"><value>4</value></property>
		<property name="parameterType"><ref bean="net.bcgi.util.db.ParamDef.IN"></ref></property>
	</bean>
	<bean id="pro_sim_registration_5" class="net.bcgi.util.db.ParamDef" scope="singleton">
		<property name="name"><value>pi_login_id</value></property>
		<property name="mapTo"><value>pi_user_id</value></property>
		<property name="type"><ref bean="java.sql.Types.VARCHAR"></ref></property>
		<property name="position"><value>5</value></property>
		<property name="parameterType"><ref bean="net.bcgi.util.db.ParamDef.IN_OUT"></ref></property>
	</bean>
	<bean id="pro_sim_registration_6" class="net.bcgi.util.db.ParamDef" scope="singleton">
		<property name="name"><value>pi_network_id</value></property>
		<property name="mapTo"><value>pi_network_id</value></property>
		<property name="type"><ref bean="java.sql.Types.BIGINT"></ref></property>
		<property name="position"><value>6</value></property>
		<property name="parameterType"><ref bean="net.bcgi.util.db.ParamDef.IN"></ref></property>
	</bean>
	<bean id="pro_sim_registration_7" class="net.bcgi.util.db.ParamDef" scope="singleton">
		<property name="name"><value>pi_user_type</value></property>
		<property name="mapTo"><value>pi_user_type</value></property>
		<property name="type"><ref bean="java.sql.Types.VARCHAR"></ref></property>
		<property name="position"><value>7</value></property>
		<property name="parameterType"><ref bean="net.bcgi.util.db.ParamDef.IN"></ref></property>
	</bean>
	<bean id="pro_sim_registration_8" class="net.bcgi.util.db.ParamDef" scope="singleton">
		<property name="name"><value>pi_delear_msisdn</value></property>
		<property name="mapTo"><value>pi_msisdn</value></property>
		<property name="type"><ref bean="java.sql.Types.VARCHAR"></ref></property>
		<property name="position"><value>8</value></property>
		<property name="parameterType"><ref bean="net.bcgi.util.db.ParamDef.IN"></ref></property>
	</bean>
	<bean id="pro_sim_registration_9" class="net.bcgi.util.db.ParamDef" scope="singleton">
		<property name="name"><value>pi_order_no</value></property>
		<property name="mapTo"><value>pi_order_no</value></property>
		<property name="type"><ref bean="java.sql.Types.VARCHAR"></ref></property>
		<property name="position"><value>9</value></property>
		<property name="parameterType"><ref bean="net.bcgi.util.db.ParamDef.IN_OUT"></ref></property>
	</bean>
	
	<bean id="pro_sim_registration_10" class="net.bcgi.util.db.ParamDef" scope="singleton">
		<property name="name"><value>pi_account_type</value></property>
		<property name="mapTo"><value>pi_account_type</value></property>
		<property name="type"><ref bean="java.sql.Types.VARCHAR"></ref></property>
		<property name="position"><value>10</value></property>
		<property name="parameterType"><ref bean="net.bcgi.util.db.ParamDef.IN"></ref></property>
	</bean>
	<!--
   		REQ#1235: corporate UI post paid changes
   		Modified: Phani.Chavala
   		Date: 20th Sep, 2012
   				
   		Disc: 
   	-->
	<bean id="pro_sim_registration_11" class="net.bcgi.util.db.ParamDef" scope="singleton">
		<property name="name"><value>pi_is_corp_user</value></property>
		<property name="mapTo"><value>isCropAcct</value></property>
		<property name="type"><ref bean="java.sql.Types.VARCHAR"></ref></property>
		<property name="position"><value>11</value></property>
		<property name="parameterType"><ref bean="net.bcgi.util.db.ParamDef.IN"></ref></property>
	</bean>
	
	<bean id="pro_sim_registration_12" class="net.bcgi.util.db.ParamDef" scope="singleton">
		<property name="name"><value>pi_max_credit_limit</value></property>
		<property name="mapTo"><value>maxCreditLimit</value></property>
		<property name="type"><ref bean="java.sql.Types.DECIMAL"></ref></property>
		<property name="position"><value>12</value></property>
		<property name="parameterType"><ref bean="net.bcgi.util.db.ParamDef.IN"></ref></property>
	</bean>
	
	<bean id="pro_sim_registration_13" class="net.bcgi.util.db.ParamDef" scope="singleton">
		<property name="name"><value>pi_billing_type</value></property>
		<property name="mapTo"><value>pi_billing_type</value></property>
		<property name="type"><ref bean="java.sql.Types.VARCHAR"></ref></property>
		<property name="position"><value>13</value></property>
		<property name="parameterType"><ref bean="net.bcgi.util.db.ParamDef.IN"></ref></property>
	</bean>
	<bean id="pro_sim_registration_14" class="net.bcgi.util.db.ParamDef" scope="singleton">
		<property name="name"><value>pi_billing_frequency</value></property>
		<property name="mapTo"><value>pi_billing_frequency</value></property>
		<property name="type"><ref bean="java.sql.Types.BIGINT"></ref></property>
		<property name="position"><value>14</value></property>
		<property name="parameterType"><ref bean="net.bcgi.util.db.ParamDef.IN"></ref></property>
	</bean>
	
	<bean id="pro_sim_registration_15" class="net.bcgi.util.db.ParamDef" scope="singleton">
		<property name="name"><value>pi_billing_date</value></property>
		<property name="mapTo"><value>billingDate</value></property>
		<property name="type"><ref bean="java.sql.Types.VARCHAR"></ref></property>
		<property name="position"><value>15</value></property>
		<property name="parameterType"><ref bean="net.bcgi.util.db.ParamDef.IN"></ref></property>
	</bean>
	
	<bean id="pro_sim_registration_16" class="net.bcgi.util.db.ParamDef" scope="singleton">
		<property name="name"><value>pi_location_code</value></property>
		<property name="mapTo"><value>locationCode</value></property>
		<property name="type"><ref bean="java.sql.Types.VARCHAR"></ref></property>
		<property name="position"><value>16</value></property>
		<property name="parameterType"><ref bean="net.bcgi.util.db.ParamDef.IN"></ref></property>
	</bean>
	
	<bean id="pro_sim_registration_17" class="net.bcgi.util.db.ParamDef" scope="singleton">
		<property name="name"><value>pi_tariffpackage_id</value></property>
		<property name="mapTo"><value>tariffPackageId</value></property>
		<property name="type"><ref bean="java.sql.Types.BIGINT"></ref></property>
		<property name="position"><value>17</value></property>
		<property name="parameterType"><ref bean="net.bcgi.util.db.ParamDef.IN"></ref></property>
	</bean>
	
	<bean id="pro_sim_registration_18" class="net.bcgi.util.db.ParamDef" scope="singleton">
		<property name="name"><value>po_msisdn_type</value></property>
		<property name="mapTo"><value>po_msisdn_type</value></property>
		<property name="type"><ref bean="java.sql.Types.BIGINT"></ref></property>
		<property name="position"><value>18</value></property>
		<property name="parameterType"><ref bean="net.bcgi.util.db.ParamDef.OUT"></ref></property>
	</bean>
	
	<bean id="pro_sim_registration_19" class="net.bcgi.util.db.ParamDef" scope="singleton">
		<property name="name"><value>po_msisdn</value></property>
		<property name="mapTo"><value>po_msisdn</value></property>
		<property name="type"><ref bean="java.sql.Types.BIGINT"></ref></property>
		<property name="position"><value>19</value></property>
		<property name="parameterType"><ref bean="net.bcgi.util.db.ParamDef.OUT"></ref></property>
	</bean>
	
	<bean id="pro_sim_registration_20" class="net.bcgi.util.db.ParamDef" scope="singleton">
		<property name="name"><value>po_odb_fr_transaction</value></property>
		<property name="mapTo"><value>po_odb_fr_transaction</value></property>
		<property name="type"><ref bean="java.sql.Types.BIGINT"></ref></property>
		<property name="position"><value>20</value></property>
		<property name="parameterType"><ref bean="net.bcgi.util.db.ParamDef.OUT"></ref></property>
	</bean>
	<!--
		Change Description: Following 4 out fields are added as part of req#905 MSP 4.0 CCUI 
		Added By		  : Phani.Chavala
		Date			  : 08 Mar, 2012 
	 -->
	<bean id="pro_sim_registration_21" class="net.bcgi.util.db.ParamDef" scope="singleton">
		<property name="name"><value>po_old_imsi</value></property>
		<property name="mapTo"><value>po_old_imsi</value></property>
		<property name="type"><ref bean="java.sql.Types.VARCHAR"></ref></property>
		<property name="position"><value>21</value></property>
		<property name="parameterType"><ref bean="net.bcgi.util.db.ParamDef.OUT"></ref></property>
	</bean>
	
	<bean id="pro_sim_registration_22" class="net.bcgi.util.db.ParamDef" scope="singleton">
		<property name="name"><value>po_gsm_gprs_orboth</value></property>
		<property name="mapTo"><value>po_gsm_gprs_orboth</value></property>
		<property name="type"><ref bean="java.sql.Types.VARCHAR"></ref></property>
		<property name="position"><value>22</value></property>
		<property name="parameterType"><ref bean="net.bcgi.util.db.ParamDef.OUT"></ref></property>
	</bean>
	
	<bean id="pro_sim_registration_23" class="net.bcgi.util.db.ParamDef" scope="singleton">
		<property name="name"><value>po_msisdn_cc_ndc</value></property>
		<property name="mapTo"><value>po_msisdn_cc_ndc</value></property>
		<property name="type"><ref bean="java.sql.Types.BIGINT"></ref></property>
		<property name="position"><value>23</value></property>
		<property name="parameterType"><ref bean="net.bcgi.util.db.ParamDef.OUT"></ref></property>
	</bean>
	
	<bean id="pro_sim_registration_24" class="net.bcgi.util.db.ParamDef" scope="singleton">
		<property name="name"><value>po_new_msisdn_cc_ndc</value></property>
		<property name="mapTo"><value>po_new_msisdn_cc_ndc</value></property>
		<property name="type"><ref bean="java.sql.Types.BIGINT"></ref></property>
		<property name="position"><value>24</value></property>
		<property name="parameterType"><ref bean="net.bcgi.util.db.ParamDef.OUT"></ref></property>
	</bean>	
	
	<bean id="pro_sim_registration_25" class="net.bcgi.util.db.ParamDef" scope="singleton">
		<property name="name"><value>po_actual_msisdn</value></property>
		<property name="mapTo"><value>po_actual_msisdn</value></property>
		<property name="type"><ref bean="java.sql.Types.BIGINT"></ref></property>
		<property name="position"><value>25</value></property>
		<property name="parameterType"><ref bean="net.bcgi.util.db.ParamDef.OUT"></ref></property>
	</bean>	
	
	<bean id="pro_sim_registration_26" class="net.bcgi.util.db.ParamDef" scope="singleton">
		<property name="name"><value>po_blocked_msisdn</value></property>
		<property name="mapTo"><value>po_blocked_msisdn</value></property>
		<property name="type"><ref bean="java.sql.Types.BIGINT"></ref></property>
		<property name="position"><value>26</value></property>
		<property name="parameterType"><ref bean="net.bcgi.util.db.ParamDef.OUT"></ref></property>
	</bean>	
	
	<bean id="pro_sim_registration_27" class="net.bcgi.util.db.ParamDef" scope="singleton">
		<property name="name"><value>po_imsi</value></property>
		<property name="mapTo"><value>po_imsi</value></property>
		<property name="type"><ref bean="java.sql.Types.BIGINT"></ref></property>
		<property name="position"><value>27</value></property>
		<property name="parameterType"><ref bean="net.bcgi.util.db.ParamDef.OUT"></ref></property>
	</bean>	
	<bean id="pro_sim_registration_28" class="net.bcgi.util.db.ParamDef" scope="singleton">
		<property name="name"><value>po_account_id</value></property>
		<property name="mapTo"><value>po_account_id</value></property>
		<property name="type"><ref bean="java.sql.Types.BIGINT"></ref></property>
		<property name="position"><value>28</value></property>
		<property name="parameterType"><ref bean="net.bcgi.util.db.ParamDef.OUT"></ref></property>
	</bean>	
	<bean id="pro_sim_registration_29" class="net.bcgi.util.db.ParamDef" scope="singleton">
		<property name="name"><value>po_credit_limit</value></property>
		<property name="mapTo"><value>po_credit_limit</value></property>
		<!-- type is changed from bigint to decimal with release version 1.0.5.0 during release intigrations with 1.0.11.0 -->
		<property name="type"><ref bean="java.sql.Types.DECIMAL"></ref></property>
		<property name="position"><value>29</value></property>
		<property name="parameterType"><ref bean="net.bcgi.util.db.ParamDef.OUT"></ref></property>
	</bean>	
	<bean id="pro_sim_registration_30" class="net.bcgi.util.db.ParamDef" scope="singleton">
		<property name="name"><value>po_tariff_package_id</value></property>
		<property name="mapTo"><value>po_tariff_package_id</value></property>
		<property name="type"><ref bean="java.sql.Types.BIGINT"></ref></property>
		<property name="position"><value>30</value></property>
		<property name="parameterType"><ref bean="net.bcgi.util.db.ParamDef.OUT"></ref></property>
	</bean>
	<bean id="pro_sim_registration_31" class="net.bcgi.util.db.ParamDef" scope="singleton">
		<property name="name"><value>po_error_code</value></property>
		<property name="mapTo"><value>po_error_code</value></property>
		<property name="type"><ref bean="java.sql.Types.BIGINT"></ref></property>
		<property name="position"><value>31</value></property>
		<property name="parameterType"><ref bean="net.bcgi.util.db.ParamDef.OUT"></ref></property>
	</bean>
	<bean id="pro_sim_registration_32" class="net.bcgi.util.db.ParamDef" scope="singleton">
		<property name="name"><value>po_error_desc</value></property>
		<property name="mapTo"><value>po_error_mesg</value></property>
		<property name="type"><ref bean="java.sql.Types.VARCHAR"></ref></property>
		<property name="position"><value>32</value></property>
		<property name="parameterType"><ref bean="net.bcgi.util.db.ParamDef.OUT"></ref></property>
	</bean>
	
	
</beans>