<!--
	Requirement: OCS 
	Usage	   : pro_get_charge_pre_info
	Author	   : Siva
	Date	   : 15th july 2014		 
-->
<!DOCTYPE beans PUBLIC "-//SPRING//DTD BEAN//EN" "http://www.springframework.org/dtd/spring-beans.dtd">
<beans>
	<bean id="pro_get_charge_pre_info" class="net.bcgi.util.db.SPDefinition" scope="prototype">
		<property name="name"><value>CS_SUBSCRIBER_MANAGEMENT.pro_get_charge_pre_info</value></property>
		<property name="returnsResult"><value>false</value></property>
		<property name="parameters">
			<list> <!--  parameter list -->
				<ref bean="pro_get_charge_pre_info_param_1"/>
				<ref bean="pro_get_charge_pre_info_param_2"/>				
				<ref bean="pro_get_charge_pre_info_param_3"/>
				<ref bean="pro_get_charge_pre_info_param_4"/>
				<ref bean="pro_get_charge_pre_info_param_5"/>
				<ref bean="pro_get_charge_pre_info_param_6"/>				
				<ref bean="pro_get_charge_pre_info_param_7"/>				
				<ref bean="pro_get_charge_pre_info_param_8"/>				
				<ref bean="pro_get_charge_pre_info_param_9"/>				
				<ref bean="pro_get_charge_pre_info_param_10"/>				
				<ref bean="pro_get_charge_pre_info_param_11"/>				
				<ref bean="pro_get_charge_pre_info_param_12"/>				
				<ref bean="pro_get_charge_pre_info_param_13"/>				
				<ref bean="pro_get_charge_pre_info_param_14"/>				
			</list>
		</property>		
	</bean>
	
	<bean id="pro_get_charge_pre_info_param_1" class="net.bcgi.util.db.ParamDef" scope="singleton">
		<property name="name"><value>pi_network_id</value></property>
		<property name="mapTo"><value>pi_network_id</value></property>
		<property name="type"><ref bean="java.sql.Types.BIGINT"></ref></property>
		<property name="position"><value>1</value></property>
		<property name="parameterType"><ref bean="net.bcgi.util.db.ParamDef.IN"></ref></property>
	</bean>	
	<bean id="pro_get_charge_pre_info_param_2" class="net.bcgi.util.db.ParamDef" scope="singleton">
		<property name="name"><value>oldAccountId</value></property>
		<property name="mapTo"><value>oldAccountId</value></property>
		<property name="type"><ref bean="java.sql.Types.BIGINT"></ref></property>
		<property name="position"><value>2</value></property>
		<property name="parameterType"><ref bean="net.bcgi.util.db.ParamDef.IN"></ref></property>
	</bean>	
	<bean id="pro_get_charge_pre_info_param_3" class="net.bcgi.util.db.ParamDef" scope="singleton">
		<property name="name"><value>oldMSISDN</value></property>
		<property name="mapTo"><value>oldMSISDN</value></property>
		<property name="type"><ref bean="java.sql.Types.BIGINT"></ref></property>
		<property name="position"><value>3</value></property>
		<property name="parameterType"><ref bean="net.bcgi.util.db.ParamDef.IN"></ref></property>
	</bean>	
	<bean id="pro_get_charge_pre_info_param_4" class="net.bcgi.util.db.ParamDef" scope="singleton">
		<property name="name"><value>newMSISDN</value></property>
		<property name="mapTo"><value>newMSISDN</value></property>
		<property name="type"><ref bean="java.sql.Types.BIGINT"></ref></property>
		<property name="position"><value>4</value></property>
		<property name="parameterType"><ref bean="net.bcgi.util.db.ParamDef.IN"></ref></property>
	</bean>	
	<bean id="pro_get_charge_pre_info_param_5" class="net.bcgi.util.db.ParamDef" scope="singleton">
		<property name="name"><value>operationType</value></property>
		<property name="mapTo"><value>operationType</value></property>
		<property name="type"><ref bean="java.sql.Types.VARCHAR"></ref></property>
		<property name="position"><value>5</value></property>
		<property name="parameterType"><ref bean="net.bcgi.util.db.ParamDef.IN"></ref></property>
	</bean>	
	<bean id="pro_get_charge_pre_info_param_6" class="net.bcgi.util.db.ParamDef" scope="singleton">
		<property name="name"><value>currentBalance</value></property>
		<property name="mapTo"><value>currentBalance</value></property>
		<property name="type"><ref bean="java.sql.Types.VARCHAR"></ref></property>
		<property name="position"><value>6</value></property>
		<property name="parameterType"><ref bean="net.bcgi.util.db.ParamDef.OUT"></ref></property>
	</bean>
	<bean id="pro_get_charge_pre_info_param_7" class="net.bcgi.util.db.ParamDef" scope="singleton">
		<property name="name"><value>charge</value></property>
		<property name="mapTo"><value>charge</value></property>
		<property name="type"><ref bean="java.sql.Types.VARCHAR"></ref></property>
		<property name="position"><value>7</value></property>
		<property name="parameterType"><ref bean="net.bcgi.util.db.ParamDef.OUT"></ref></property>
	</bean>
	<bean id="pro_get_charge_pre_info_param_8" class="net.bcgi.util.db.ParamDef" scope="singleton">
		<property name="name"><value>po_debit_activity_id</value></property>
		<property name="mapTo"><value>debitActivityId</value></property>
		<property name="type"><ref bean="java.sql.Types.BIGINT"></ref></property>
		<property name="position"><value>8</value></property>
		<property name="parameterType"><ref bean="net.bcgi.util.db.ParamDef.OUT"></ref></property>
	</bean>
	<bean id="pro_get_charge_pre_info_param_9" class="net.bcgi.util.db.ParamDef" scope="singleton">
		<property name="name"><value>po_credit_activity_id</value></property>
		<property name="mapTo"><value>creditActivityId</value></property>
		<property name="type"><ref bean="java.sql.Types.BIGINT"></ref></property>
		<property name="position"><value>9</value></property>
		<property name="parameterType"><ref bean="net.bcgi.util.db.ParamDef.OUT"></ref></property>
	</bean>
	<bean id="pro_get_charge_pre_info_param_10" class="net.bcgi.util.db.ParamDef" scope="singleton">
		<property name="name"><value>po_debit_activity_reason</value></property>
		<property name="mapTo"><value>debitActivityReason</value></property>
		<property name="type"><ref bean="java.sql.Types.VARCHAR"></ref></property>
		<property name="position"><value>10</value></property>
		<property name="parameterType"><ref bean="net.bcgi.util.db.ParamDef.OUT"></ref></property>
	</bean>
	<bean id="pro_get_charge_pre_info_param_11" class="net.bcgi.util.db.ParamDef" scope="singleton">
		<property name="name"><value>po_credit_activity_reason</value></property>
		<property name="mapTo"><value>creditActivityReason</value></property>
		<property name="type"><ref bean="java.sql.Types.VARCHAR"></ref></property>
		<property name="position"><value>11</value></property>
		<property name="parameterType"><ref bean="net.bcgi.util.db.ParamDef.OUT"></ref></property>
	</bean>
	<bean id="pro_get_charge_pre_info_param_12" class="net.bcgi.util.db.ParamDef" scope="singleton">
		<property name="name"><value>po_transaction_id</value></property>
		<property name="mapTo"><value>transactionId</value></property>
		<property name="type"><ref bean="java.sql.Types.VARCHAR"></ref></property>
		<property name="position"><value>12</value></property>
		<property name="parameterType"><ref bean="net.bcgi.util.db.ParamDef.OUT"></ref></property>
	</bean>
	<bean id="pro_get_charge_pre_info_param_13" class="net.bcgi.util.db.ParamDef" scope="singleton">
		<property name="name"><value>po_error_code</value></property>
		<property name="mapTo"><value>po_error_code</value></property>
		<property name="type"><ref bean="java.sql.Types.BIGINT"></ref></property>
		<property name="position"><value>13</value></property>
		<property name="parameterType"><ref bean="net.bcgi.util.db.ParamDef.OUT"></ref></property>
	</bean>	
	<bean id="pro_get_charge_pre_info_param_14" class="net.bcgi.util.db.ParamDef" scope="singleton">
		<property name="name"><value>po_error_mesg</value></property>
		<property name="mapTo"><value>po_error_mesg</value></property>
		<property name="type"><ref bean="java.sql.Types.VARCHAR"></ref></property>
		<property name="position"><value>14</value></property>
		<property name="parameterType"><ref bean="net.bcgi.util.db.ParamDef.OUT"></ref></property>
	</bean>
</beans>