<!DOCTYPE beans PUBLIC "-//SPRING//DTD BEAN//EN" "http://www.springframework.org/dtd/spring-beans.dtd">
<beans>
	<bean id="pro_ams_sim_registration" class="net.bcgi.util.db.SPDefinition" scope="prototype">
		<property name="name"><value>pro_ams_sim_registration</value></property>
		<property name="returnsResult"><value>false</value></property>
		<property name="parameters">
			<list> <!--  parameter list -->
				<ref bean="pro_ams_sim_registration_param_1"></ref>
				<ref bean="pro_ams_sim_registration_param_2"></ref>				
				<ref bean="pro_ams_sim_registration_param_3"></ref>
				<ref bean="pro_ams_sim_registration_param_4"></ref>
				<ref bean="pro_ams_sim_registration_param_5"></ref>
				<ref bean="pro_ams_sim_registration_param_6"></ref>				
				<ref bean="pro_ams_sim_registration_param_7"></ref>
				<ref bean="pro_ams_sim_registration_param_8"></ref>
				<ref bean="pro_ams_sim_registration_param_9"></ref>
				<ref bean="pro_ams_sim_registration_param_10"></ref>
				<ref bean="pro_ams_sim_registration_param_11"></ref>
				<ref bean="pro_ams_sim_registration_param_12"></ref>
				<ref bean="pro_ams_sim_registration_param_13"></ref>
				<ref bean="pro_ams_sim_registration_param_14"></ref>
				<ref bean="pro_ams_sim_registration_param_15"></ref>
			</list>
		</property>
	</bean>
	
	<!-- End of cursor mapping -->
	
	<bean id="pro_ams_sim_registration_param_1" class="net.bcgi.util.db.ParamDef" scope="singleton">
		<property name="name"><value>pi_new_sim</value></property>
		<property name="mapTo"><value>newSim</value></property>
		<property name="type"><ref bean="java.sql.Types.VARCHAR"></ref></property>
		<property name="position"><value>1</value></property>
		<property name="parameterType"><ref bean="net.bcgi.util.db.ParamDef.IN"></ref></property>
	</bean>	
	
	<bean id="pro_ams_sim_registration_param_2" class="net.bcgi.util.db.ParamDef" scope="singleton">
		<property name="name"><value>pio_old_msisdn</value></property>
		<property name="mapTo"><value>oldMsisdn</value></property>
		<property name="type"><ref bean="java.sql.Types.BIGINT"></ref></property>
		<property name="position"><value>2</value></property>
		<property name="parameterType"><ref bean="net.bcgi.util.db.ParamDef.IN_OUT"></ref></property>
	</bean>	
	
	<bean id="pro_ams_sim_registration_param_3" class="net.bcgi.util.db.ParamDef" scope="singleton">
		<property name="name"><value>pio_old_account_id</value></property>
		<property name="mapTo"><value>oldAccountId</value></property>
		<property name="type"><ref bean="java.sql.Types.BIGINT"></ref></property>
		<property name="position"><value>3</value></property>
		<property name="parameterType"><ref bean="net.bcgi.util.db.ParamDef.IN_OUT"></ref></property>
	</bean>	
	
	<bean id="pro_ams_sim_registration_param_4" class="net.bcgi.util.db.ParamDef" scope="singleton">
		<property name="name"><value>pi_id_no</value></property>
		<property name="mapTo"><value>IdNo</value></property>
		<property name="type"><ref bean="java.sql.Types.VARCHAR"></ref></property>
		<property name="position"><value>4</value></property>
		<property name="parameterType"><ref bean="net.bcgi.util.db.ParamDef.IN"></ref></property>
	</bean>
	
	<bean id="pro_ams_sim_registration_param_5" class="net.bcgi.util.db.ParamDef" scope="singleton">
		<property name="name"><value>pi_network_id</value></property>
		<property name="mapTo"><value>pi_network_id</value></property>
		<property name="type"><ref bean="java.sql.Types.BIGINT"></ref></property>
		<property name="position"><value>5</value></property>
		<property name="parameterType"><ref bean="net.bcgi.util.db.ParamDef.IN"></ref></property>
	</bean>
	
	<bean id="pro_ams_sim_registration_param_6" class="net.bcgi.util.db.ParamDef" scope="singleton">
		<property name="name"><value>pi_user_type</value></property>
		<property name="mapTo"><value>userType</value></property>
		<property name="type"><ref bean="java.sql.Types.VARCHAR"></ref></property>
		<property name="position"><value>6</value></property>
		<property name="parameterType"><ref bean="net.bcgi.util.db.ParamDef.IN"></ref></property>
	</bean>
	
	<bean id="pro_ams_sim_registration_param_7" class="net.bcgi.util.db.ParamDef" scope="singleton">
		<property name="name"><value>pi_login_id</value></property>
		<property name="mapTo"><value>pi_user_id</value></property>
		<property name="type"><ref bean="java.sql.Types.VARCHAR"></ref></property>
		<property name="position"><value>7</value></property>
		<property name="parameterType"><ref bean="net.bcgi.util.db.ParamDef.IN"></ref></property>
	</bean>
	
	<bean id="pro_ams_sim_registration_param_8" class="net.bcgi.util.db.ParamDef" scope="singleton">
  		<property name="name"><value>pi_dealer_msisdn</value></property>
  		<property name="mapTo"><value>dealerMsisdn</value></property>
  		<property name="type"><ref bean="java.sql.Types.VARCHAR"></ref></property>
  		<property name="position"><value>8</value></property>
  		<property name="parameterType"><ref bean="net.bcgi.util.db.ParamDef.IN"></ref></property>
	</bean>
	<bean id="pro_ams_sim_registration_param_9" class="net.bcgi.util.db.ParamDef" scope="singleton">
		<property name="name"><value>po_old_cc_msisdn</value></property>
		<property name="mapTo"><value>oldCCMsisdn</value></property>
		<property name="type"><ref bean="java.sql.Types.BIGINT"></ref></property>
		<property name="position"><value>9</value></property>
		<property name="parameterType"><ref bean="net.bcgi.util.db.ParamDef.OUT"></ref></property>
	</bean>
	<bean id="pro_ams_sim_registration_param_10" class="net.bcgi.util.db.ParamDef" scope="singleton">
		<property name="name"><value>po_new_cc_msisdn</value></property>
		<property name="mapTo"><value>newCCMsisdn</value></property>
		<property name="type"><ref bean="java.sql.Types.BIGINT"></ref></property>
		<property name="position"><value>10</value></property>
		<property name="parameterType"><ref bean="net.bcgi.util.db.ParamDef.OUT"></ref></property>
	</bean>
	<bean id="pro_ams_sim_registration_param_11" class="net.bcgi.util.db.ParamDef" scope="singleton">
		<property name="name"><value>po_old_imsi</value></property>
		<property name="mapTo"><value>oldIMSI</value></property>
		<property name="type"><ref bean="java.sql.Types.BIGINT"></ref></property>
		<property name="position"><value>11</value></property>
		<property name="parameterType"><ref bean="net.bcgi.util.db.ParamDef.OUT"></ref></property>
	</bean>
	<bean id="pro_ams_sim_registration_param_12" class="net.bcgi.util.db.ParamDef" scope="singleton">
		<property name="name"><value>po_new_imsi</value></property>
		<property name="mapTo"><value>newIMSI</value></property>
		<property name="type"><ref bean="java.sql.Types.BIGINT"></ref></property>
		<property name="position"><value>12</value></property>
		<property name="parameterType"><ref bean="net.bcgi.util.db.ParamDef.OUT"></ref></property>
	</bean>
	<bean id="pro_ams_sim_registration_param_13" class="net.bcgi.util.db.ParamDef" scope="singleton">
		<property name="name"><value>po_msisdn_type</value></property>
		<property name="mapTo"><value>msisdnType</value></property>
		<property name="type"><ref bean="java.sql.Types.VARCHAR"></ref></property>
		<property name="position"><value>13</value></property>
		<property name="parameterType"><ref bean="net.bcgi.util.db.ParamDef.OUT"></ref></property>
	</bean>
	<bean id="pro_ams_sim_registration_param_14" class="net.bcgi.util.db.ParamDef" scope="singleton">
		<property name="name"><value>po_error_code</value></property>
		<property name="mapTo"><value>po_error_code</value></property>
		<property name="type"><ref bean="java.sql.Types.BIGINT"></ref></property>
		<property name="position"><value>14</value></property>
		<property name="parameterType"><ref bean="net.bcgi.util.db.ParamDef.OUT"></ref></property>
	</bean>
	<bean id="pro_ams_sim_registration_param_15" class="net.bcgi.util.db.ParamDef" scope="singleton">
		<property name="name"><value>po_error_desc</value></property>
		<property name="mapTo"><value>po_error_mesg</value></property>
		<property name="type"><ref bean="java.sql.Types.VARCHAR"></ref></property>
		<property name="position"><value>15</value></property>
		<property name="parameterType"><ref bean="net.bcgi.util.db.ParamDef.OUT"></ref></property>
	</bean>		
	        
</beans>