<?xml version="1.0" encoding="UTF-8" ?>
<!-- ====================================================================== -->
<!--                                                                        -->
<!-- XIUS-bcgi SMSC Agent            -->
<!--                                                                       -->
<!-- $Id: //depot/xb/MSP1.0/MSP-AWS/agents/iba/main/config/configxmls/proc-config/account/pro_get_credit_profile_details.xml#1 $     -->
<!-- This file  will maps the SP input parameters to java fields. -->
<!-- $Author: shashidhar.p $  $DateTime: 2023/08/04 15:19:58 $ $Change: 224525 $      -->
<!-- ====================================================================== -->

<!DOCTYPE beans PUBLIC "-//SPRING//DTD BEAN//EN" "http://www.springframework.org/dtd/spring-beans.dtd">

<beans>
	<!-- start pro_user_authentication -->
	<bean id="pro_get_credit_profile_details"
		class="net.bcgi.util.db.SPDefinition" scope="singleton">
		<property name="name"><value>CS_PKG_MNG_POSTPAID_SUBSCRIBER.PRO_GET_CREDIT_PROFILE_DETAILS</value></property>
		<property name="returnsResult"><value>false</value></property>
		<property name="parameters">
			<list>
				<ref bean="pro_get_credit_profile_details_param_1"></ref>
				<ref bean="pro_get_credit_profile_details_param_2"></ref>
				<ref bean="pro_get_credit_profile_details_param_3"></ref>
				<ref bean="pro_get_credit_profile_details_param_4"></ref>
				<ref bean="pro_get_credit_profile_details_param_5"></ref>
				<ref bean="pro_get_credit_profile_details_param_6"></ref>
				<ref bean="pro_get_credit_profile_details_param_7"></ref>
			</list>
		</property>
		<property name="refCursors">
			<map>
				<entry key="3">
					<ref bean="po_available_credit_prof_dets_ref_cursor"/>
				</entry>
				<entry key="4">
					<ref bean="po_assigned_credit_prof_dets_ref_cursor"/>
				</entry>
				<entry key="5">
					<ref bean="po_available_card_prof_dets_ref_cursor"/>
				</entry>
				<entry key="6">
					<ref bean="po_assigned_card_prof_dets_ref_cursor"/>
				</entry>
			</map>
		</property>
	</bean>
	
	<bean id="po_available_credit_prof_dets_ref_cursor" class="net.bcgi.util.db.ResultSetDef" scope="prototype">
		<property name="resultSetParams">
			<list>
				<ref bean="po_available_credit_profile_cursor_param_1"></ref>
				<ref bean="po_available_credit_profile_cursor_param_2"></ref>
				<ref bean="po_available_credit_profile_cursor_param_3"></ref>
			</list>
		</property>
		<property name="className" value="com.xius.billing.agent.domaindata.impl.actmgmt.GetCreditProfilesCursData"/>
	</bean>
	
	<bean id="po_assigned_credit_prof_dets_ref_cursor" class="net.bcgi.util.db.ResultSetDef" scope="prototype">
		<property name="resultSetParams">
			<list>
				<ref bean="po_assigned_credit_profile_cursor_param_1"></ref>
				<ref bean="po_assigned_credit_profile_cursor_param_2"></ref>
				<ref bean="po_assigned_credit_profile_cursor_param_3"></ref>
			</list>
		</property>
		<property name="className" value="com.xius.billing.agent.domaindata.impl.actmgmt.GetCreditProfilesCursData"/>
	</bean>
	
	<bean id="po_available_card_prof_dets_ref_cursor" class="net.bcgi.util.db.ResultSetDef" scope="prototype">
		<property name="resultSetParams">
			<list>
				<ref bean="po_available_card_profile_cursor_param_1"></ref>
				<ref bean="po_available_card_profile_cursor_param_2"></ref>
			</list>
		</property>
		<property name="className" value="com.xius.billing.agent.domaindata.impl.actmgmt.GetCreditProfilesCursData"/>
	</bean>
	
	<bean id="po_assigned_card_prof_dets_ref_cursor" class="net.bcgi.util.db.ResultSetDef" scope="prototype">
		<property name="resultSetParams">
			<list>
				<ref bean="po_assigned_card_profile_cursor_param_1"></ref>
				<ref bean="po_assigned_card_profile_cursor_param_2"></ref>
			</list>
		</property>
		<property name="className" value="com.xius.billing.agent.domaindata.impl.actmgmt.GetCreditProfilesCursData"/>
	</bean>
	
	<bean id="po_assigned_card_profile_cursor_param_1" class="net.bcgi.util.db.ResultSetParam" scope="singleton">
	  <property name="procedureColumnName"><value>profileId</value></property>
	  <property name="mapTo"><value>profileId</value></property>
	  <property name="columnType"><ref bean="java.sql.Types.BIGINT"></ref></property>
	  <property name="position"><value>1</value></property>
	</bean>
	<bean id="po_assigned_card_profile_cursor_param_2" class="net.bcgi.util.db.ResultSetParam" scope="singleton">
	  <property name="procedureColumnName"><value>profileName</value></property>
	  <property name="mapTo"><value>profileName</value></property>
	  <property name="columnType"><ref bean="java.sql.Types.VARCHAR"></ref></property>
	  <property name="position"><value>2</value></property>
	</bean>
	
	<bean id="po_available_card_profile_cursor_param_1" class="net.bcgi.util.db.ResultSetParam" scope="singleton">
	  <property name="procedureColumnName"><value>profileId</value></property>
	  <property name="mapTo"><value>profileId</value></property>
	  <property name="columnType"><ref bean="java.sql.Types.BIGINT"></ref></property>
	  <property name="position"><value>1</value></property>
	</bean>
	<bean id="po_available_card_profile_cursor_param_2" class="net.bcgi.util.db.ResultSetParam" scope="singleton">
	  <property name="procedureColumnName"><value>profileName</value></property>
	  <property name="mapTo"><value>profileName</value></property>
	  <property name="columnType"><ref bean="java.sql.Types.VARCHAR"></ref></property>
	  <property name="position"><value>2</value></property>
	</bean>
	
	<bean id="po_assigned_credit_profile_cursor_param_1" class="net.bcgi.util.db.ResultSetParam" scope="singleton">
	  <property name="procedureColumnName"><value>profileId</value></property>
	  <property name="mapTo"><value>profileId</value></property>
	  <property name="columnType"><ref bean="java.sql.Types.BIGINT"></ref></property>
	  <property name="position"><value>1</value></property>
	</bean>
	<bean id="po_assigned_credit_profile_cursor_param_2" class="net.bcgi.util.db.ResultSetParam" scope="singleton">
	  <property name="procedureColumnName"><value>profileName</value></property>
	  <property name="mapTo"><value>profileName</value></property>
	  <property name="columnType"><ref bean="java.sql.Types.VARCHAR"></ref></property>
	  <property name="position"><value>2</value></property>
	</bean>
	<bean id="po_assigned_credit_profile_cursor_param_3" class="net.bcgi.util.db.ResultSetParam" scope="singleton">
	  <property name="procedureColumnName"><value>creditLimit</value></property>
	  <property name="mapTo"><value>creditLimit</value></property>
	  <property name="columnType"><ref bean="java.sql.Types.DECIMAL"></ref></property>
	  <property name="position"><value>3</value></property>
	</bean>
	
	<bean id="po_available_credit_profile_cursor_param_1" class="net.bcgi.util.db.ResultSetParam" scope="singleton">
	  <property name="procedureColumnName"><value>profileId</value></property>
	  <property name="mapTo"><value>profileId</value></property>
	  <property name="columnType"><ref bean="java.sql.Types.BIGINT"></ref></property>
	  <property name="position"><value>1</value></property>
	</bean>
	<bean id="po_available_credit_profile_cursor_param_2" class="net.bcgi.util.db.ResultSetParam" scope="singleton">
	  <property name="procedureColumnName"><value>profileName</value></property>
	  <property name="mapTo"><value>profileName</value></property>
	  <property name="columnType"><ref bean="java.sql.Types.VARCHAR"></ref></property>
	  <property name="position"><value>2</value></property>
	</bean>
	<bean id="po_available_credit_profile_cursor_param_3" class="net.bcgi.util.db.ResultSetParam" scope="singleton">
	  <property name="procedureColumnName"><value>creditLimit</value></property>
	  <property name="mapTo"><value>creditLimit</value></property>
	  <property name="columnType"><ref bean="java.sql.Types.DECIMAL"></ref></property>
	  <property name="position"><value>3</value></property>
	</bean>
	
	
	<bean id="pro_get_credit_profile_details_param_1" class="net.bcgi.util.db.ParamDef" scope="singleton">
			<property name="name"><value>pi_network_id</value></property>
			<property name="mapTo"><value>pi_network_id</value></property>
			<property name="type"><ref bean="java.sql.Types.BIGINT"></ref></property>
			<property name="position"><value>1</value></property>
			<property name="parameterType"><ref bean="net.bcgi.util.db.ParamDef.IN"></ref></property>
	</bean>
	<bean id="pro_get_credit_profile_details_param_2" class="net.bcgi.util.db.ParamDef" scope="singleton">
			<property name="name"><value>pi_account_id</value></property>
			<property name="mapTo"><value>acctId</value></property>
			<property name="type"><ref bean="java.sql.Types.BIGINT"></ref></property>
			<property name="position"><value>3</value></property>
			<property name="parameterType"><ref bean="net.bcgi.util.db.ParamDef.IN"></ref></property>
	</bean>
	<bean id="pro_get_credit_profile_details_param_3" class="net.bcgi.util.db.ParamDef" scope="singleton">
			<property name="name"><value>po_available_credit_prof_dets</value></property>
			<property name="mapTo"><value>po_available_credit_prof_dets</value></property>
			<property name="type"><ref bean="oracle.jdbc.driver.OracleTypes.CURSOR"></ref></property>
			<property name="position"><value>3</value></property>
			<property name="parameterType"><ref bean="net.bcgi.util.db.ParamDef.OUT"></ref></property>
	</bean>
	
	<bean id="pro_get_credit_profile_details_param_4" class="net.bcgi.util.db.ParamDef" scope="singleton">
			<property name="name"><value>po_assigned_credit_prof_dets</value></property>
			<property name="mapTo"><value>po_assigned_credit_prof_dets</value></property>
			<property name="type"><ref bean="oracle.jdbc.driver.OracleTypes.CURSOR"></ref></property>
			<property name="position"><value>4</value></property>
			<property name="parameterType"><ref bean="net.bcgi.util.db.ParamDef.OUT"></ref></property>
	</bean>
	
	<bean id="pro_get_credit_profile_details_param_5" class="net.bcgi.util.db.ParamDef" scope="singleton">
			<property name="name"><value>po_available_card_prof_dets</value></property>
			<property name="mapTo"><value>po_available_card_prof_dets</value></property>
			<property name="type"><ref bean="oracle.jdbc.driver.OracleTypes.CURSOR"></ref></property>
			<property name="position"><value>5</value></property>
			<property name="parameterType"><ref bean="net.bcgi.util.db.ParamDef.OUT"></ref></property>
	</bean>
	
	<bean id="pro_get_credit_profile_details_param_6" class="net.bcgi.util.db.ParamDef" scope="singleton">
			<property name="name"><value>po_assigned_card_prof_dets</value></property>
			<property name="mapTo"><value>po_assigned_card_prof_dets</value></property>
			<property name="type"><ref bean="oracle.jdbc.driver.OracleTypes.CURSOR"></ref></property>
			<property name="position"><value>6</value></property>
			<property name="parameterType"><ref bean="net.bcgi.util.db.ParamDef.OUT"></ref></property>
	</bean>
	
	<bean id="pro_get_credit_profile_details_param_7" class="net.bcgi.util.db.ParamDef" scope="singleton">
			<property name="name"><value>po_error_code</value></property>
			<property name="mapTo"><value>po_error_code</value></property>
			<property name="type"><ref bean="java.sql.Types.BIGINT"></ref></property>
			<property name="position"><value>7</value></property>
			<property name="parameterType"><ref bean="net.bcgi.util.db.ParamDef.OUT"></ref></property>
	</bean>

 </beans>
