<?xml version="1.0" encoding="UTF-8"?>
<!DOCTYPE beans PUBLIC "-//SPRING//DTD BEAN//EN" "http://www.springframework.org/dtd/spring-beans.dtd">
<beans>
	<bean id="pro_get_force_renewal_dtls" class="net.bcgi.util.db.SPDefinition"
		scope="prototype">
		<property name="name">
			<value>pro_get_force_renewal_dtls</value>
		</property>
		<property name="returnsResult">
			<value>false</value>
		</property>
		<property name="parameters">
			<list> <!-- parameter list -->
				<ref bean="pro_get_force_renewal_dtls_insert_param_1"></ref>
				<ref bean="pro_get_force_renewal_dtls_insert_param_2"></ref>
				<ref bean="pro_get_force_renewal_dtls_insert_param_3"></ref>
				<ref bean="pro_get_force_renewal_dtls_insert_param_4"></ref>
				<ref bean="pro_get_force_renewal_dtls_insert_param_5"></ref>
			</list>
		</property>
		<property name="refCursors">
			<map>
				<entry key="3">
					<ref bean="po_force_renewal_dtls" />
				</entry>
			</map>
		</property>
	</bean>
	<bean id="po_force_renewal_dtls" class="net.bcgi.util.db.ResultSetDef"
		scope="prototype">
		<property name="resultSetParams">
			<list>
				<ref bean="po_force_renewal_dtls_cursor_param_1"></ref>
				<ref bean="po_force_renewal_dtls_cursor_param_2"></ref>
				<ref bean="po_force_renewal_dtls_cursor_param_3"></ref>
				<ref bean="po_force_renewal_dtls_cursor_param_4"></ref>
				<ref bean="po_force_renewal_dtls_cursor_param_5"></ref>
				<ref bean="po_force_renewal_dtls_cursor_param_6"></ref>
			</list>
		</property>
		<property name="className"
			value="com.xius.billing.agent.domaindata.impl.actmgmt.ForceRenCursurData" />
	</bean>

	<bean id="po_force_renewal_dtls_cursor_param_1" class="net.bcgi.util.db.ResultSetParam"
		scope="singleton">
		<property name="procedureColumnName">
			<value>old_tariff_pack</value>
		</property>
		<property name="mapTo">
			<value>old_tariff_pack</value>
		</property>
		<property name="columnType">
			<ref bean="java.sql.Types.VARCHAR"></ref>
		</property>
		<property name="position">
			<value>1</value>
		</property>
	</bean>
	<bean id="po_force_renewal_dtls_cursor_param_2" class="net.bcgi.util.db.ResultSetParam"
		scope="singleton">
		<property name="procedureColumnName">
			<value>new_tariff_pack</value>
		</property>
		<property name="mapTo">
			<value>new_tariff_pack</value>
		</property>
		<property name="columnType">
			<ref bean="java.sql.Types.VARCHAR"></ref>
		</property>
		<property name="position">
			<value>2</value>
		</property>
	</bean>
	<bean id="po_force_renewal_dtls_cursor_param_3" class="net.bcgi.util.db.ResultSetParam"
		scope="singleton">
		<property name="procedureColumnName">
			<value>old_charge</value>
		</property>
		<property name="mapTo">
			<value>old_charge</value>
		</property>
		<property name="columnType">
			<ref bean="java.sql.Types.DECIMAL"></ref>
		</property>
		<property name="position">
			<value>3</value>
		</property>
	</bean>
	<bean id="po_force_renewal_dtls_cursor_param_4" class="net.bcgi.util.db.ResultSetParam"
		scope="singleton">
		<property name="procedureColumnName">
			<value>new_charge</value>
		</property>
		<property name="mapTo">
			<value>new_charge</value>
		</property>
		<property name="columnType">
			<ref bean="java.sql.Types.DECIMAL"></ref>
		</property>
		<property name="position">
			<value>4</value>
		</property>
	</bean>
	
	<bean id="po_force_renewal_dtls_cursor_param_5" class="net.bcgi.util.db.ResultSetParam"
		scope="singleton">
		<property name="procedureColumnName">
			<value>old_tariff_package_desc</value>
		</property>
		<property name="mapTo">
			<value>old_tariff_package_desc</value>
		</property>
		<property name="columnType">
			<ref bean="java.sql.Types.VARCHAR"></ref>
		</property>
		<property name="position">
			<value>5</value>
		</property>
	</bean>
	<bean id="po_force_renewal_dtls_cursor_param_6" class="net.bcgi.util.db.ResultSetParam"
		scope="singleton">
		<property name="procedureColumnName">
			<value>new_tariff_package_desc</value>
		</property>
		<property name="mapTo">
			<value>new_tariff_package_desc</value>
		</property>
		<property name="columnType">
			<ref bean="java.sql.Types.VARCHAR"></ref>
		</property>
		<property name="position">
			<value>6</value>
		</property>
	</bean>
	
	
		<!-- Cursor Closed -->







	<bean id="pro_get_force_renewal_dtls_insert_param_1" class="net.bcgi.util.db.ParamDef"
		scope="singleton">
		<property name="name">
			<value>pi_network_id</value>
		</property>
		<property name="mapTo">
			<value>pi_network_id</value>
		</property>
		<property name="type">
			<ref bean="java.sql.Types.BIGINT"></ref>
		</property>
		<property name="position">
			<value>1</value>
		</property>
		<property name="parameterType">
			<ref bean="net.bcgi.util.db.ParamDef.IN"></ref>
		</property>
	</bean>
	
	<bean id="pro_get_force_renewal_dtls_insert_param_2" class="net.bcgi.util.db.ParamDef"
		scope="singleton">
		<property name="name">
			<value>pi_account_id</value>
		</property>
		<property name="mapTo">
			<value>pi_account_id</value>
		</property>
		<property name="type">
			<ref bean="java.sql.Types.BIGINT"></ref>
		</property>
		<property name="position">
			<value>2</value>
		</property>
		<property name="parameterType">
			<ref bean="net.bcgi.util.db.ParamDef.IN"></ref>
		</property>
	</bean>
	
	<bean id="pro_get_force_renewal_dtls_insert_param_3" class="net.bcgi.util.db.ParamDef"
		scope="singleton">
		<property name="name">
			<value>po_force_renewal_dtls</value>
		</property>
		<property name="mapTo">
			<value>po_force_renewal_dtls</value>
		</property>
		<property name="type">
			<ref bean="oracle.jdbc.driver.OracleTypes.CURSOR"></ref>
		</property>
		<property name="position">
			<value>3</value>
		</property>
		<property name="parameterType">
			<ref bean="net.bcgi.util.db.ParamDef.OUT"></ref>
		</property>
	</bean>

	<bean id="pro_get_force_renewal_dtls_insert_param_4" class="net.bcgi.util.db.ParamDef"
		scope="singleton">
		<property name="name">
			<value>po_error_code</value>
		</property>
		<property name="mapTo">
			<value>po_error_code</value>
		</property>
		<property name="type">
			<ref bean="java.sql.Types.BIGINT"></ref>
		</property>
		<property name="position">
			<value>4</value>
		</property>
		<property name="parameterType">
			<ref bean="net.bcgi.util.db.ParamDef.OUT"></ref>
		</property>
	</bean>
	<bean id="pro_get_force_renewal_dtls_insert_param_5" class="net.bcgi.util.db.ParamDef"
		scope="singleton">
		<property name="name">
			<value>po_error_desc</value>
		</property>
		<property name="mapTo">
			<value>po_error_mesg</value>
		</property>
		<property name="type">
			<ref bean="java.sql.Types.VARCHAR"></ref>
		</property>
		<property name="position">
			<value>5</value>
		</property>
		<property name="parameterType">
			<ref bean="net.bcgi.util.db.ParamDef.OUT"></ref>
		</property>
	</bean>
</beans>