<?xml version="1.0" encoding="UTF-8" ?>
<!-- ====================================================================== -->
<!--                                                                        -->
<!-- XIUS-bcgi SMSC Agent            -->
<!--                                                                       -->
<!-- $Id: //depot/xb/MSP1.0/MSP-AWS/agents/iba/main/config/configxmls/proc-config/account/pro_simswap_bal_chng_status.xml#1 $     -->
<!-- This file  will maps the SP input parameters to java fields. -->
<!-- $Author: shashidhar.p $  $DateTime: 2023/08/04 15:19:58 $ $Change: 224525 $      -->
<!-- ====================================================================== -->

<!DOCTYPE beans PUBLIC "-//SPRING//DTD BEAN//EN" "http://www.springframework.org/dtd/spring-beans.dtd">

<beans>
	<!-- start pro_user_authentication -->
	<bean id="pro_simswap_bal_chng_status"
		class="net.bcgi.util.db.SPDefinition" scope="singleton">
		<property name="name"><value>pro_simswap_bal_chng_status</value></property>
		<property name="returnsResult"><value>false</value></property>
		<property name="parameters">
			<list>
				<ref bean="pro_simswap_bal_chng_status_param_1"></ref>
				<ref bean="pro_simswap_bal_chng_status_param_2"></ref>
				<ref bean="pro_simswap_bal_chng_status_param_3"></ref>
				<ref bean="pro_simswap_bal_chng_status_param_4"></ref>
				<ref bean="pro_simswap_bal_chng_status_param_5"></ref>
				<ref bean="pro_simswap_bal_chng_status_param_6"></ref>
				<ref bean="pro_simswap_bal_chng_status_param_7"></ref>
				<ref bean="pro_simswap_bal_chng_status_param_8"></ref>
				<ref bean="pro_simswap_bal_chng_status_param_9"></ref>
				<ref bean="pro_simswap_bal_chng_status_param_10"></ref>
				<ref bean="pro_simswap_bal_chng_status_param_11"></ref>
				<ref bean="pro_simswap_bal_chng_status_param_12"></ref>				
			</list>
		</property>
	</bean>
	<bean id="pro_simswap_bal_chng_status_param_1" class="net.bcgi.util.db.ParamDef" scope="singleton">
			<property name="name"><value>pi_network_id</value></property>
			<property name="mapTo"><value>pi_network_id</value></property>
			<property name="type"><ref bean="java.sql.Types.BIGINT"></ref></property>
			<property name="position"><value>1</value></property>
			<property name="parameterType"><ref bean="net.bcgi.util.db.ParamDef.IN"></ref></property>
	</bean>
	<bean id="pro_simswap_bal_chng_status_param_2" class="net.bcgi.util.db.ParamDef" scope="singleton">
			<property name="name"><value>account_id</value></property>
			<property name="mapTo"><value>account_id</value></property>
			<property name="type"><ref bean="java.sql.Types.BIGINT"></ref></property>
			<property name="position"><value>2</value></property>
			<property name="parameterType"><ref bean="net.bcgi.util.db.ParamDef.IN"></ref></property>
	</bean>
	<bean id="pro_simswap_bal_chng_status_param_3" class="net.bcgi.util.db.ParamDef" scope="singleton">
			<property name="name"><value>msisdn</value></property>
			<property name="mapTo"><value>msisdn</value></property>
			<property name="type"><ref bean="java.sql.Types.BIGINT"></ref></property>
			<property name="position"><value>3</value></property>
			<property name="parameterType"><ref bean="net.bcgi.util.db.ParamDef.IN"></ref></property>
	</bean>
	<bean id="pro_simswap_bal_chng_status_param_4" class="net.bcgi.util.db.ParamDef" scope="singleton">
			<property name="name"><value>newsim</value></property>
			<property name="mapTo"><value>newsim</value></property>
			<property name="type"><ref bean="java.sql.Types.VARCHAR"></ref></property>
			<property name="position"><value>4</value></property>
			<property name="parameterType"><ref bean="net.bcgi.util.db.ParamDef.IN"></ref></property>
	</bean>
	
	<bean id="pro_simswap_bal_chng_status_param_5" class="net.bcgi.util.db.ParamDef" scope="singleton">
			<property name="name"><value>accountBal</value></property>
			<property name="mapTo"><value>accountBal</value></property>
			<property name="type"><ref bean="java.sql.Types.DECIMAL"></ref></property>
			<property name="position"><value>5</value></property>
			<property name="parameterType"><ref bean="net.bcgi.util.db.ParamDef.IN"></ref></property>
	</bean>
	<bean id="pro_simswap_bal_chng_status_param_6" class="net.bcgi.util.db.ParamDef" scope="singleton">
			<property name="name"><value>expiryDate</value></property>
			<property name="mapTo"><value>expiryDate</value></property>
			<property name="type"><ref bean="java.sql.Types.VARCHAR"></ref></property>
			<property name="position"><value>6</value></property>
			<property name="parameterType"><ref bean="net.bcgi.util.db.ParamDef.IN"></ref></property>
	</bean>
	<bean id="pro_simswap_bal_chng_status_param_7" class="net.bcgi.util.db.ParamDef" scope="singleton">
			<property name="name"><value>validityDate</value></property>
			<property name="mapTo"><value>validityDate</value></property>
			<property name="type"><ref bean="java.sql.Types.VARCHAR"></ref></property>
			<property name="position"><value>7</value></property>
			<property name="parameterType"><ref bean="net.bcgi.util.db.ParamDef.IN"></ref></property>
	</bean>
	<bean id="pro_simswap_bal_chng_status_param_8" class="net.bcgi.util.db.ParamDef" scope="singleton">
			<property name="name"><value>gracePeriodDate</value></property>
			<property name="mapTo"><value>gracePeriodDate</value></property>
			<property name="type"><ref bean="java.sql.Types.VARCHAR"></ref></property>
			<property name="position"><value>8</value></property>
			<property name="parameterType"><ref bean="net.bcgi.util.db.ParamDef.IN"></ref></property>
	</bean>
	<bean id="pro_simswap_bal_chng_status_param_9" class="net.bcgi.util.db.ParamDef" scope="singleton">
			<property name="name"><value>status</value></property>
			<property name="mapTo"><value>status</value></property>
			<property name="type"><ref bean="java.sql.Types.VARCHAR"></ref></property>
			<property name="position"><value>9</value></property>
			<property name="parameterType"><ref bean="net.bcgi.util.db.ParamDef.IN"></ref></property>
	</bean>
	<bean id="pro_simswap_bal_chng_status_param_10" class="net.bcgi.util.db.ParamDef" scope="singleton">
			<property name="name"><value>remarks</value></property>
			<property name="mapTo"><value>remarks</value></property>
			<property name="type"><ref bean="java.sql.Types.VARCHAR"></ref></property>
			<property name="position"><value>10</value></property>
			<property name="parameterType"><ref bean="net.bcgi.util.db.ParamDef.IN"></ref></property>
	</bean>
	<bean id="pro_simswap_bal_chng_status_param_11" class="net.bcgi.util.db.ParamDef" scope="singleton">
			<property name="name"><value>po_error_code</value></property>
			<property name="mapTo"><value>po_error_code</value></property>
			<property name="type"><ref bean="java.sql.Types.BIGINT"></ref></property>
			<property name="position"><value>11</value></property>
			<property name="parameterType"><ref bean="net.bcgi.util.db.ParamDef.OUT"></ref></property>
	</bean>
	<bean id="pro_simswap_bal_chng_status_param_12" class="net.bcgi.util.db.ParamDef" scope="singleton">
			<property name="name"><value>po_error_message</value></property>
			<property name="mapTo"><value>po_error_mesg</value></property>
			<property name="type"><ref bean="java.sql.Types.VARCHAR"></ref></property>
			<property name="position"><value>12</value></property>
			<property name="parameterType"><ref bean="net.bcgi.util.db.ParamDef.OUT"></ref></property>
	</bean>
 </beans>
