<?xml version="1.0" encoding="UTF-8" ?>
<!DOCTYPE beans PUBLIC "-//SPRING//DTD BEAN//EN" "http://www.springframework.org/dtd/spring-beans.dtd">

<beans>
	
	<bean id="pro_manual_retntal_update"
		class="net.bcgi.util.db.SPDefinition" scope="singleton">
		<property name="name"><value>cs_pkg_rentals_v1.pro_manual_rental_update</value></property>
		<property name="returnsResult"><value>false</value></property>
		<property name="parameters">
			<list>
				<ref bean="pro_manual_retntal_update_1"></ref>
				<ref bean="pro_manual_retntal_update_2"></ref>
				<ref bean="pro_manual_retntal_update_3"></ref>
				<ref bean="pro_manual_retntal_update_4"></ref>	
				<ref bean="pro_manual_retntal_update_5"></ref>	
				<ref bean="pro_manual_retntal_update_6"></ref>	
				<ref bean="pro_manual_retntal_update_7"></ref>	
				<ref bean="pro_manual_retntal_update_8"></ref>
				<ref bean="pro_manual_retntal_update_9"></ref>
				<ref bean="pro_manual_retntal_update_10"></ref>
				<ref bean="pro_manual_retntal_update_11"></ref>
				<ref bean="pro_manual_retntal_update_12"></ref>
				<ref bean="pro_manual_retntal_update_13"></ref>
				<ref bean="pro_manual_retntal_update_14"></ref>	
				<ref bean="pro_manual_retntal_update_15"></ref>
				<ref bean="pro_manual_retntal_update_16"></ref>
			</list>
		</property>
		<property name="refCursors">
			<map>
				<entry key="7">
					<ref bean="po_credit_card_detail"/>
				</entry>
			</map>
		</property>
	</bean>
	<bean id="po_credit_card_detail"
		class="net.bcgi.util.db.ResultSetDef" scope="prototype">
		<property name="resultSetParams">
			<list>
				<ref bean="po_credit_card_details_cursor_param_1"></ref>
				<ref bean="po_credit_card_details_cursor_param_2"></ref>
				<ref bean="po_credit_card_details_cursor_param_3"></ref>
				<ref bean="po_credit_card_details_cursor_param_4"></ref>
				<ref bean="po_credit_card_details_cursor_param_5"></ref>
				<ref bean="po_credit_card_details_cursor_param_6"></ref>
				<ref bean="po_credit_card_details_cursor_param_7"></ref>
				<ref bean="po_credit_card_details_cursor_param_8"></ref>
				<ref bean="po_credit_card_details_cursor_param_9"></ref>
				<ref bean="po_credit_card_details_cursor_param_10"></ref>	
				
			</list>
		</property>		
		<property name="className" value="com.xius.billing.agent.domaindata.impl.actmgmt.CreditCardDetailsCursorData"/>
	</bean>
	<bean id="po_credit_card_details_cursor_param_1" class="net.bcgi.util.db.ResultSetParam" scope="singleton">
	  <property name="procedureColumnName"><value>cardno</value></property>
	  <property name="mapTo"><value>cardno</value></property>
	  <property name="columnType"><ref bean="java.sql.Types.VARCHAR"></ref></property>
	  <property name="position"><value>1</value></property>
	</bean>
	<bean id="po_credit_card_details_cursor_param_2" class="net.bcgi.util.db.ResultSetParam" scope="singleton">
	  <property name="procedureColumnName"><value>cardtype</value></property>
	  <property name="mapTo"><value>cardtype</value></property>
	  <property name="columnType"><ref bean="java.sql.Types.VARCHAR"></ref></property>
	  <property name="position"><value>2</value></property>
	</bean>
	<bean id="po_credit_card_details_cursor_param_3" class="net.bcgi.util.db.ResultSetParam" scope="singleton">
	  <property name="procedureColumnName"><value>cc_expiry_date</value></property>
	  <property name="mapTo"><value>cc_expiry_date</value></property>
	  <property name="columnType"><ref bean="java.sql.Types.VARCHAR"></ref></property>
	  <property name="position"><value>3</value></property>
	</bean>
	<bean id="po_credit_card_details_cursor_param_4" class="net.bcgi.util.db.ResultSetParam" scope="singleton">
	  <property name="procedureColumnName"><value>cvv</value></property>
	  <property name="mapTo"><value>cvv</value></property>
	  <property name="columnType"><ref bean="java.sql.Types.VARCHAR"></ref></property>
	  <property name="position"><value>4</value></property>
	</bean>
	<bean id="po_credit_card_details_cursor_param_5" class="net.bcgi.util.db.ResultSetParam" scope="singleton">
	  <property name="procedureColumnName"><value>fund_src_type</value></property>
	  <property name="mapTo"><value>fund_src_type</value></property>
	  <property name="columnType"><ref bean="java.sql.Types.VARCHAR"></ref></property>
	  <property name="position"><value>5</value></property>
	</bean>
	<bean id="po_credit_card_details_cursor_param_6" class="net.bcgi.util.db.ResultSetParam" scope="singleton">
	  <property name="procedureColumnName"><value>nameoncard</value></property>
	  <property name="mapTo"><value>nameoncard</value></property>
	  <property name="columnType"><ref bean="java.sql.Types.VARCHAR"></ref></property>
	  <property name="position"><value>6</value></property>
	</bean>
	<bean id="po_credit_card_details_cursor_param_7" class="net.bcgi.util.db.ResultSetParam" scope="singleton">
	  <property name="procedureColumnName"><value>status</value></property>
	  <property name="mapTo"><value>status</value></property>
	  <property name="columnType"><ref bean="java.sql.Types.VARCHAR"></ref></property>
	  <property name="position"><value>7</value></property>
	</bean>
	<bean id="po_credit_card_details_cursor_param_8" class="net.bcgi.util.db.ResultSetParam" scope="singleton">
	  <property name="procedureColumnName"><value>msisdn_no</value></property>
	  <property name="mapTo"><value>msisdn_no</value></property>
	  <property name="columnType"><ref bean="java.sql.Types.BIGINT"></ref></property>
	  <property name="position"><value>8</value></property>
	</bean>
	<bean id="po_credit_card_details_cursor_param_9" class="net.bcgi.util.db.ResultSetParam" scope="singleton">
	  <property name="procedureColumnName"><value>profile_imsi_no</value></property>
	  <property name="mapTo"><value>profile_imsi_no</value></property>
	  <property name="columnType"><ref bean="java.sql.Types.BIGINT"></ref></property>
	  <property name="position"><value>9</value></property>
	</bean>
	<bean id="po_credit_card_details_cursor_param_10" class="net.bcgi.util.db.ResultSetParam" scope="singleton">
	  <property name="procedureColumnName"><value>rental_amount</value></property>
	  <property name="mapTo"><value>rental_amount</value></property>
	  <property name="columnType"><ref bean="java.sql.Types.DECIMAL"></ref></property>
	  <property name="position"><value>10</value></property>
	</bean>
	
	<!-- End of cursor mapping -->
	
	<bean id="pro_manual_retntal_update_1" class="net.bcgi.util.db.ParamDef" scope="singleton">
			<property name="name"><value>pi_network_id</value></property>
			<property name="mapTo"><value>pi_network_id</value></property>
			<property name="type"><ref bean="java.sql.Types.BIGINT"></ref></property>
			<property name="position"><value>1</value></property>
			<property name="parameterType"><ref bean="net.bcgi.util.db.ParamDef.IN"></ref></property>
	</bean>
	<bean id="pro_manual_retntal_update_2" class="net.bcgi.util.db.ParamDef" scope="singleton">
		<property name="name"><value>pi_account_id</value></property>
		<property name="mapTo"><value>pi_account_id</value></property>
		<property name="type"><ref bean="java.sql.Types.VARCHAR"></ref></property>
		<property name="position"><value>2</value></property>
		<property name="parameterType">	<ref bean="net.bcgi.util.db.ParamDef.IN"></ref></property>
	</bean>
	<bean id="pro_manual_retntal_update_3" class="net.bcgi.util.db.ParamDef" scope="singleton">
			<property name="name"><value>pi_status</value></property>
			<property name="mapTo"><value>pi_status</value></property>
			<property name="type"><ref bean="java.sql.Types.VARCHAR"></ref></property>
			<property name="position"><value>3</value></property>
			<property name="parameterType"><ref bean="net.bcgi.util.db.ParamDef.IN"></ref></property>
	</bean>	
	
	<bean id="pro_manual_retntal_update_4" class="net.bcgi.util.db.ParamDef" scope="singleton">
  		<property name="name"><value>pi_remarks</value></property>
  		<property name="mapTo"><value>pi_remarks</value></property>
  		<property name="type"><ref bean="java.sql.Types.VARCHAR"></ref></property>
  		<property name="position"><value>4</value></property>
  		<property name="parameterType"><ref bean="net.bcgi.util.db.ParamDef.IN"></ref></property>
	</bean>
	
	<bean id="pro_manual_retntal_update_5" class="net.bcgi.util.db.ParamDef" scope="singleton">
			<property name="name"><value>pi_action_flag</value></property>
			<property name="mapTo"><value>pi_action_flag</value></property>
			<property name="type"><ref bean="java.sql.Types.VARCHAR"></ref></property>
			<property name="position"><value>5</value></property>
			<property name="parameterType"><ref bean="net.bcgi.util.db.ParamDef.IN"></ref></property>
	</bean>
	<bean id="pro_manual_retntal_update_6" class="net.bcgi.util.db.ParamDef" scope="singleton">
			<property name="name"><value>pio_trans_id</value></property>
			<property name="mapTo"><value>pio_trans_id</value></property>
			<property name="type"><ref bean="java.sql.Types.VARCHAR"></ref></property>
			<property name="position"><value>6</value></property>
			<property name="parameterType"><ref bean="net.bcgi.util.db.ParamDef.IN_OUT"></ref></property>
	</bean>
	<bean id="pro_manual_retntal_update_7" class="net.bcgi.util.db.ParamDef" scope="singleton">
			<property name="name"><value>po_credit_card_details</value></property>
			<property name="mapTo"><value>po_credit_card_details</value></property>
			<property name="type"><ref bean="oracle.jdbc.driver.OracleTypes.CURSOR"></ref></property>
			<property name="position"><value>7</value></property>
			<property name="parameterType"><ref bean="net.bcgi.util.db.ParamDef.OUT"></ref></property>
	</bean>	
	<bean id="pro_manual_retntal_update_8" class="net.bcgi.util.db.ParamDef" scope="singleton">
			<property name="name"><value>po_validity_date</value></property>
			<property name="mapTo"><value>po_validity_date</value></property>
			<property name="type"><ref bean="java.sql.Types.VARCHAR"></ref></property>
			<property name="position"><value>8</value></property>
			<property name="parameterType"><ref bean="net.bcgi.util.db.ParamDef.OUT"></ref></property>
	</bean>
	<bean id="pro_manual_retntal_update_9" class="net.bcgi.util.db.ParamDef" scope="singleton">
			<property name="name"><value>po_graceperiod1_end_date</value></property>
			<property name="mapTo"><value>po_graceperiod1_end_date</value></property>
			<property name="type"><ref bean="java.sql.Types.VARCHAR"></ref></property>
			<property name="position"><value>9</value></property>
			<property name="parameterType"><ref bean="net.bcgi.util.db.ParamDef.OUT"></ref></property>
	</bean>	
	<bean id="pro_manual_retntal_update_10" class="net.bcgi.util.db.ParamDef" scope="singleton">
			<property name="name"><value>po_graceperiod2_end_date</value></property>
			<property name="mapTo"><value>po_graceperiod2_end_date</value></property>
			<property name="type"><ref bean="java.sql.Types.VARCHAR"></ref></property>
			<property name="position"><value>9</value></property>
			<property name="parameterType"><ref bean="net.bcgi.util.db.ParamDef.OUT"></ref></property>
	</bean>	
	<bean id="pro_manual_retntal_update_11" class="net.bcgi.util.db.ParamDef" scope="singleton">
			<property name="name"><value>po_expiry_date</value></property>
			<property name="mapTo"><value>po_expiry_date</value></property>
			<property name="type"><ref bean="java.sql.Types.VARCHAR"></ref></property>
			<property name="position"><value>11</value></property>
			<property name="parameterType"><ref bean="net.bcgi.util.db.ParamDef.OUT"></ref></property>
	</bean>	
		<bean id="pro_manual_retntal_update_12" class="net.bcgi.util.db.ParamDef" scope="singleton">
			<property name="name"><value>po_technology</value></property>
			<property name="mapTo"><value>po_technology</value></property>
			<property name="type"><ref bean="java.sql.Types.VARCHAR"></ref></property>
			<property name="position"><value>12</value></property>
			<property name="parameterType"><ref bean="net.bcgi.util.db.ParamDef.OUT"></ref></property>
	</bean>	
			<bean id="pro_manual_retntal_update_13" class="net.bcgi.util.db.ParamDef" scope="singleton">
			<property name="name"><value>po_activity_id</value></property>
			<property name="mapTo"><value>po_activity_id</value></property>
			<property name="type"><ref bean="java.sql.Types.BIGINT"></ref></property>
			<property name="position"><value>13</value></property>
			<property name="parameterType"><ref bean="net.bcgi.util.db.ParamDef.OUT"></ref></property>
	</bean>
	                           <!-- added by premalatha -->
	
	<bean id="pro_manual_retntal_update_14" class="net.bcgi.util.db.ParamDef" scope="singleton">
			<property name="name"><value>po_msisdn_no</value></property>
			<property name="mapTo"><value>po_msisdn_no</value></property>
			<property name="type"><ref bean="java.sql.Types.BIGINT"></ref></property>
			<property name="position"><value>14</value></property>
			<property name="parameterType"><ref bean="net.bcgi.util.db.ParamDef.OUT"></ref></property>
	</bean>
	<bean id="pro_manual_retntal_update_15" class="net.bcgi.util.db.ParamDef" scope="singleton">
			<property name="name"><value>po_error_code</value></property>
			<property name="mapTo"><value>po_error_code</value></property>
			<property name="type"><ref bean="java.sql.Types.BIGINT"></ref></property>
			<property name="position"><value>15</value></property>
			<property name="parameterType"><ref bean="net.bcgi.util.db.ParamDef.OUT"></ref></property>
	</bean>
	<bean id="pro_manual_retntal_update_16" class="net.bcgi.util.db.ParamDef" scope="singleton">
			<property name="name"><value>po_error_desc</value></property>
			<property name="mapTo"><value>po_error_mesg</value></property>
			<property name="type"><ref bean="java.sql.Types.VARCHAR"></ref></property>
			<property name="position"><value>16</value></property>
			<property name="parameterType"><ref bean="net.bcgi.util.db.ParamDef.OUT"></ref></property>
	</bean>	
 </beans>