
<!DOCTYPE beans PUBLIC "-//SPRING//DTD BEAN//EN" "http://www.springframework.org/dtd/spring-beans.dtd">
<beans>
	<bean id="pro_get_hlrcode" class="net.bcgi.util.db.SPDefinition" scope="prototype">
		<property name="name"><value>cs_pkg_manage_hlr_code_mapping.pro_get_hlr_code</value></property>
		<property name="returnsResult"><value>false</value></property>
		<property name="parameters">
			<list> <!--  parameter list -->
				<ref bean="pro_get_hlrcode_param_1"></ref>
				<ref bean="pro_get_hlrcode_param_2"></ref>				
				<ref bean="pro_get_hlrcode_param_3"></ref>
				<ref bean="pro_get_hlrcode_param_4"></ref>
				<ref bean="pro_get_hlrcode_param_5"></ref>
				<ref bean="pro_get_hlrcode_param_6"></ref>				
				<ref bean="pro_get_hlrcode_param_7"></ref>
				<ref bean="pro_get_hlrcode_param_8"></ref>
				<ref bean="pro_get_hlrcode_param_9"></ref>
				<ref bean="pro_get_hlrcode_param_10"></ref>
				<ref bean="pro_get_hlrcode_param_11"></ref>
				<ref bean="pro_get_hlrcode_param_12"></ref>
			</list>
		</property>
		<property name="refCursors">
			<map>
				<entry key="9">
					<ref bean="po_publicity_hlr_code_dtls"/>
				</entry>
			</map>
		</property>
	</bean>
	<bean id="po_publicity_hlr_code_dtls" class="net.bcgi.util.db.ResultSetDef" scope="prototype">
		<property name="resultSetParams">
			<list>
				<ref bean="po_pro_get_hlrcode_cursor_param_1"></ref>
				<ref bean="po_pro_get_hlrcode_cursor_param_2"></ref>
				<ref bean="po_pro_get_hlrcode_cursor_param_3"></ref>
				
				
			</list>
		</property>
		<property name="className" value="com.xius.billing.agent.domaindata.impl.actmgmt.PublicityIdHLRcodeGetCurData"/>
	</bean>
	
	<bean id="po_pro_get_hlrcode_cursor_param_1" class="net.bcgi.util.db.ResultSetParam" scope="singleton">
	  <property name="procedureColumnName"><value>atp_id</value></property>
	  <property name="mapTo"><value>atpId</value></property>
	  <property name="columnType"><ref bean="java.sql.Types.BIGINT"></ref></property>
	  <property name="position"><value>1</value></property>
	</bean>
	
	<bean id="po_pro_get_hlrcode_cursor_param_2" class="net.bcgi.util.db.ResultSetParam" scope="singleton">
	  <property name="procedureColumnName"><value>hlr_code</value></property>
	  <property name="mapTo"><value>hlrCode</value></property>
	  <property name="columnType"><ref bean="java.sql.Types.VARCHAR"></ref></property>
	  <property name="position"><value>2</value></property>
	</bean>
	<bean id="po_pro_get_hlrcode_cursor_param_3" class="net.bcgi.util.db.ResultSetParam" scope="singleton">
	  <property name="procedureColumnName"><value>subs_unsubs_flag</value></property>
	  <property name="mapTo"><value>flag</value></property>
	  <property name="columnType"><ref bean="java.sql.Types.VARCHAR"></ref></property>
	  <property name="position"><value>3</value></property>
	</bean>
	
	
	<!-- End of cursor mapping -->
	
	<bean id="pro_get_hlrcode_param_1" class="net.bcgi.util.db.ParamDef" scope="singleton">
		<property name="name"><value>pi_network_id</value></property>
		<property name="mapTo"><value>pi_network_id</value></property>
		<property name="type"><ref bean="java.sql.Types.BIGINT"></ref></property>
		<property name="position"><value>1</value></property>
		<property name="parameterType"><ref bean="net.bcgi.util.db.ParamDef.IN"></ref></property>
	</bean>	
	
	<bean id="pro_get_hlrcode_param_2" class="net.bcgi.util.db.ParamDef" scope="singleton">
		<property name="name"><value>pi_atp_id</value></property>
		<property name="mapTo"><value>pi_atp_id</value></property>
		<property name="type"><ref bean="java.sql.Types.ARRAY"></ref></property>
		<property name="arrayName"><value>ARR_NUMB</value></property>
		<property name="position"><value>2</value></property>
		<property name="parameterType"><ref bean="net.bcgi.util.db.ParamDef.IN"></ref></property>
	</bean>	
	
	<bean id="pro_get_hlrcode_param_3" class="net.bcgi.util.db.ParamDef" scope="singleton">
		<property name="name"><value>pi_publicity_id</value></property>
		<property name="mapTo"><value>pi_publicity_id</value></property>
		<property name="type"><ref bean="java.sql.Types.ARRAY"></ref></property>
		<property name="arrayName"><value>ARR_VARCHAR</value></property>
		<property name="position"><value>3</value></property>
		<property name="parameterType"><ref bean="net.bcgi.util.db.ParamDef.IN"></ref></property>
	</bean>	
	
	<bean id="pro_get_hlrcode_param_4" class="net.bcgi.util.db.ParamDef" scope="singleton">
		<property name="name"><value>pi_msisdn_no</value></property>
		<property name="mapTo"><value>pi_msisdn_no</value></property>
		<property name="type"><ref bean="java.sql.Types.BIGINT"></ref></property>
		<property name="position"><value>4</value></property>
		<property name="parameterType"><ref bean="net.bcgi.util.db.ParamDef.IN"></ref></property>
	</bean>
	
	<bean id="pro_get_hlrcode_param_5" class="net.bcgi.util.db.ParamDef" scope="singleton">
		<property name="name"><value>pi_atp_subs_unsubs_flag</value></property>
		<property name="mapTo"><value>pi_atp_subs_unsubs_flag</value></property>
		<property name="type"><ref bean="java.sql.Types.ARRAY"></ref></property>
		<property name="arrayName"><value>ARR_VARCHAR</value></property>
		<property name="position"><value>5</value></property>
		<property name="parameterType"><ref bean="net.bcgi.util.db.ParamDef.IN"></ref></property>
	</bean>
	
	<bean id="pro_get_hlrcode_param_6" class="net.bcgi.util.db.ParamDef" scope="singleton">
		<property name="name"><value>pi_user_id</value></property>
		<property name="mapTo"><value>pi_user_id</value></property>
		<property name="type"><ref bean="java.sql.Types.VARCHAR"></ref></property>
		<property name="position"><value>6</value></property>
		<property name="parameterType"><ref bean="net.bcgi.util.db.ParamDef.IN"></ref></property>
	</bean>
	
	<bean id="pro_get_hlrcode_param_7" class="net.bcgi.util.db.ParamDef" scope="singleton">
		<property name="name"><value>pi_channel</value></property>
		<property name="mapTo"><value>pi_channel</value></property>
		<property name="type"><ref bean="java.sql.Types.VARCHAR"></ref></property>
		<property name="position"><value>7</value></property>
		<property name="parameterType"><ref bean="net.bcgi.util.db.ParamDef.IN"></ref></property>
	</bean>
	
	<bean id="pro_get_hlrcode_param_8" class="net.bcgi.util.db.ParamDef" scope="singleton">
  		<property name="name"><value>pi_reason</value></property>
  		<property name="mapTo"><value>pi_reason</value></property>
  		<property name="type"><ref bean="java.sql.Types.VARCHAR"></ref></property>
  		<property name="position"><value>8</value></property>
  		<property name="parameterType"><ref bean="net.bcgi.util.db.ParamDef.IN"></ref></property>
	</bean>
	
	<bean id="pro_get_hlrcode_param_9" class="net.bcgi.util.db.ParamDef" scope="singleton">
  		<property name="name"><value>po_publicity_hlr_code_dtls</value></property>
  		<property name="mapTo"><value>po_publicity_hlr_code_dtls</value></property>
  		<property name="type"><ref bean="oracle.jdbc.driver.OracleTypes.CURSOR"></ref></property>
  		<property name="position"><value>9</value></property>
  		<property name="parameterType"><ref bean="net.bcgi.util.db.ParamDef.OUT"></ref></property>
	</bean>
	
	<bean id="pro_get_hlrcode_param_10" class="net.bcgi.util.db.ParamDef" scope="singleton">
		<property name="name"><value>po_transaction_id</value></property>
		<property name="mapTo"><value>po_transaction_id</value></property>
		<property name="type"><ref bean="java.sql.Types.VARCHAR"></ref></property>
		<property name="position"><value>10</value></property>
		<property name="parameterType"><ref bean="net.bcgi.util.db.ParamDef.OUT"></ref></property>
	</bean>	
	
	
	<bean id="pro_get_hlrcode_param_11" class="net.bcgi.util.db.ParamDef" scope="singleton">
		<property name="name"><value>po_error_code</value></property>
		<property name="mapTo"><value>po_error_code</value></property>
		<property name="type"><ref bean="java.sql.Types.BIGINT"></ref></property>
		<property name="position"><value>11</value></property>
		<property name="parameterType"><ref bean="net.bcgi.util.db.ParamDef.OUT"></ref></property>
	</bean>	
	
	<bean id="pro_get_hlrcode_param_12" class="net.bcgi.util.db.ParamDef" scope="singleton">
		<property name="name"><value>po_error_desc</value></property>
		<property name="mapTo"><value>po_error_mesg</value></property>
		<property name="type"><ref bean="java.sql.Types.VARCHAR"></ref></property>
		<property name="position"><value>12</value></property>
		<property name="parameterType"><ref bean="net.bcgi.util.db.ParamDef.OUT"></ref></property>
	</bean>	
</beans>