<!--
	Requirement: MSP 4.0 CCUI enhancements 
	Usage	   : pro_get_scanned_file_dtls
	Author	   : Phani Chavala
	Date	   : 29th Mar 2012		 
-->
<!DOCTYPE beans PUBLIC "-//SPRING//DTD BEAN//EN" "http://www.springframework.org/dtd/spring-beans.dtd">
<beans>
	<bean id="pro_get_scanned_file_dtls" class="net.bcgi.util.db.SPDefinition" scope="prototype">
		<property name="name"><value>pro_get_scanned_file_dtls</value></property>
		<property name="returnsResult"><value>false</value></property>
		<property name="parameters">
			<list> <!--  parameter list -->
				<ref bean="pro_get_scanned_file_dtls_param_1"/>
				<ref bean="pro_get_scanned_file_dtls_param_2"/>				
				<ref bean="pro_get_scanned_file_dtls_param_3"/>
				<ref bean="pro_get_scanned_file_dtls_param_4"/>
				<ref bean="pro_get_scanned_file_dtls_param_5"/>
				<ref bean="pro_get_scanned_file_dtls_param_6"/>				
			</list>
		</property>
		<property name="refCursors">
			<map>
				<entry key="4">
					<ref bean="po_scanned_file_info_bean"/>
				</entry>
			</map>
		</property>
	</bean>
	<bean id="po_scanned_file_info_bean" class="net.bcgi.util.db.ResultSetDef" scope="prototype">
		<property name="resultSetParams">
			<list>
				<ref bean="po_pro_get_scanned_file_dtls_cursor_param_1"/>
				<ref bean="po_pro_get_scanned_file_dtls_cursor_param_2"/>
				<ref bean="po_pro_get_scanned_file_dtls_cursor_param_3"/>
				<ref bean="po_pro_get_scanned_file_dtls_cursor_param_4"/>
				<ref bean="po_pro_get_scanned_file_dtls_cursor_param_5"/>
			</list>
		</property>
		<property name="className" value="com.xius.billing.agent.domaindata.impl.actmgmt.GetPathInfoCursorData"/>
	</bean>
	
	<bean id="po_pro_get_scanned_file_dtls_cursor_param_1" class="net.bcgi.util.db.ResultSetParam" scope="singleton">
	  <property name="procedureColumnName"><value>start</value></property>
	  <property name="mapTo"><value>startRange</value></property>
	  <property name="columnType"><ref bean="java.sql.Types.BIGINT"></ref></property>
	  <property name="position"><value>1</value></property>
	</bean>
	<bean id="po_pro_get_scanned_file_dtls_cursor_param_2" class="net.bcgi.util.db.ResultSetParam" scope="singleton">
	  <property name="procedureColumnName"><value>end</value></property>
	  <property name="mapTo"><value>endRange</value></property>
	  <property name="columnType"><ref bean="java.sql.Types.BIGINT"></ref></property>
	  <property name="position"><value>2</value></property>
	</bean>
	<bean id="po_pro_get_scanned_file_dtls_cursor_param_3" class="net.bcgi.util.db.ResultSetParam" scope="singleton">
	  <property name="procedureColumnName"><value>path</value></property>
	  <property name="mapTo"><value>path</value></property>
	  <property name="columnType"><ref bean="java.sql.Types.VARCHAR"></ref></property>
	  <property name="position"><value>3</value></property>
	</bean>
	<bean id="po_pro_get_scanned_file_dtls_cursor_param_4" class="net.bcgi.util.db.ResultSetParam" scope="singleton">
	  <property name="procedureColumnName"><value>userId</value></property>
	  <property name="mapTo"><value>userId</value></property>
	  <property name="columnType"><ref bean="java.sql.Types.VARCHAR"></ref></property>
	  <property name="position"><value>4</value></property>
	</bean>
	<bean id="po_pro_get_scanned_file_dtls_cursor_param_5" class="net.bcgi.util.db.ResultSetParam" scope="singleton">
	  <property name="procedureColumnName"><value>password</value></property>
	  <property name="mapTo"><value>password</value></property>
	  <property name="columnType"><ref bean="java.sql.Types.VARCHAR"></ref></property>
	  <property name="position"><value>5</value></property>
	</bean>
	
	<!-- End of cursor mapping -->
	
	<bean id="pro_get_scanned_file_dtls_param_1" class="net.bcgi.util.db.ParamDef" scope="singleton">
		<property name="name"><value>purpose</value></property>
		<property name="mapTo"><value>purpose</value></property>
		<property name="type"><ref bean="java.sql.Types.VARCHAR"></ref></property>
		<property name="position"><value>1</value></property>
		<property name="parameterType"><ref bean="net.bcgi.util.db.ParamDef.IN"></ref></property>
	</bean>	
	
	<bean id="pro_get_scanned_file_dtls_param_2" class="net.bcgi.util.db.ParamDef" scope="singleton">
		<property name="name"><value>pi_network_id</value></property>
		<property name="mapTo"><value>pi_network_id</value></property>
		<property name="type"><ref bean="java.sql.Types.BIGINT"></ref></property>
		<property name="position"><value>2</value></property>
		<property name="parameterType"><ref bean="net.bcgi.util.db.ParamDef.IN"></ref></property>
	</bean>	
	
	<bean id="pro_get_scanned_file_dtls_param_3" class="net.bcgi.util.db.ParamDef" scope="singleton">
		<property name="name"><value>pi_account_id</value></property>
		<property name="mapTo"><value>accountId</value></property>
		<property name="type"><ref bean="java.sql.Types.BIGINT"></ref></property>
		<property name="position"><value>3</value></property>
		<property name="parameterType"><ref bean="net.bcgi.util.db.ParamDef.IN"></ref></property>
	</bean>	
	
	<bean id="pro_get_scanned_file_dtls_param_4" class="net.bcgi.util.db.ParamDef" scope="singleton">
  		<property name="name"><value>po_report</value></property>
  		<property name="mapTo"><value>idProfCursor</value></property>
  		<property name="type"><ref bean="oracle.jdbc.driver.OracleTypes.CURSOR"></ref></property>
  		<property name="position"><value>4</value></property>
  		<property name="parameterType"><ref bean="net.bcgi.util.db.ParamDef.OUT"></ref></property>
	</bean>
	<bean id="pro_get_scanned_file_dtls_param_5" class="net.bcgi.util.db.ParamDef" scope="singleton">
		<property name="name"><value>po_error_code</value></property>
		<property name="mapTo"><value>po_error_code</value></property>
		<property name="type"><ref bean="java.sql.Types.BIGINT"></ref></property>
		<property name="position"><value>5</value></property>
		<property name="parameterType"><ref bean="net.bcgi.util.db.ParamDef.OUT"></ref></property>
	</bean>	
	
	<bean id="pro_get_scanned_file_dtls_param_6" class="net.bcgi.util.db.ParamDef" scope="singleton">
		<property name="name"><value>po_error_mesg</value></property>
		<property name="mapTo"><value>po_error_mesg</value></property>
		<property name="type"><ref bean="java.sql.Types.VARCHAR"></ref></property>
		<property name="position"><value>6</value></property>
		<property name="parameterType"><ref bean="net.bcgi.util.db.ParamDef.OUT"></ref></property>
	</bean>	
	
</beans>