
<!DOCTYPE beans PUBLIC "-//SPRING//DTD BEAN//EN" "http://www.springframework.org/dtd/spring-beans.dtd">
<beans>
	<bean id="pro_get_basic_derived_hlr_code" class="net.bcgi.util.db.SPDefinition" scope="prototype">
		<property name="name"><value>cs_pkg_manage_hlr_code_mapping.pro_get_basic_derived_hlr_code</value></property>
		<property name="returnsResult"><value>false</value></property>
		<property name="parameters">
			<list> <!--  parameter list -->
				<ref bean="pro_get_basic_derived_hlr_code_param_1"></ref>
				<ref bean="pro_get_basic_derived_hlr_code_param_2"></ref>				
				<ref bean="pro_get_basic_derived_hlr_code_param_3"></ref>
				<ref bean="pro_get_basic_derived_hlr_code_param_4"></ref>
				<ref bean="pro_get_basic_derived_hlr_code_param_5"></ref>
				<ref bean="pro_get_basic_derived_hlr_code_param_6"></ref>				
				<ref bean="pro_get_basic_derived_hlr_code_param_7"></ref>
				<ref bean="pro_get_basic_derived_hlr_code_param_8"></ref>
				<ref bean="pro_get_basic_derived_hlr_code_param_9"></ref>
				<ref bean="pro_get_basic_derived_hlr_code_param_10"></ref>
				<ref bean="pro_get_basic_derived_hlr_code_param_11"></ref>
				<ref bean="pro_get_basic_derived_hlr_code_param_12"></ref>
				<ref bean="pro_get_basic_derived_hlr_code_param_13"></ref>
			</list>
		</property>
		
	</bean>

	
	<bean id="pro_get_basic_derived_hlr_code_param_1" class="net.bcgi.util.db.ParamDef" scope="singleton">
		<property name="name"><value>pi_network_id</value></property>
		<property name="mapTo"><value>pi_network_id</value></property>
		<property name="type"><ref bean="java.sql.Types.BIGINT"></ref></property>
		<property name="position"><value>1</value></property>
		<property name="parameterType"><ref bean="net.bcgi.util.db.ParamDef.IN"></ref></property>
	</bean>	
	
	<bean id="pro_get_basic_derived_hlr_code_param_2" class="net.bcgi.util.db.ParamDef" scope="singleton">
		<property name="name"><value>pi_basic_service_id</value></property>
		<property name="mapTo"><value>pi_basic_service_id</value></property>
		<property name="type"><ref bean="java.sql.Types.ARRAY"></ref></property>
		<property name="arrayName"><value>ARR_NUMB</value></property>
		<property name="position"><value>2</value></property>
		<property name="parameterType"><ref bean="net.bcgi.util.db.ParamDef.IN"></ref></property>
	</bean>	
	
	<bean id="pro_get_basic_derived_hlr_code_param_3" class="net.bcgi.util.db.ParamDef" scope="singleton">
		<property name="name"><value>pi_derived_service_id</value></property>
		<property name="mapTo"><value>pi_derived_service_id</value></property>
		<property name="type"><ref bean="java.sql.Types.ARRAY"></ref></property>
		<property name="arrayName"><value>ARR_NUMB</value></property>
		<property name="position"><value>3</value></property>
		<property name="parameterType"><ref bean="net.bcgi.util.db.ParamDef.IN"></ref></property>
	</bean>	
	
	<bean id="pro_get_basic_derived_hlr_code_param_4" class="net.bcgi.util.db.ParamDef" scope="singleton">
		<property name="name"><value>pi_msisdn_no</value></property>
		<property name="mapTo"><value>pi_msisdn_no</value></property>
		<property name="type"><ref bean="java.sql.Types.BIGINT"></ref></property>
		<property name="position"><value>4</value></property>
		<property name="parameterType"><ref bean="net.bcgi.util.db.ParamDef.IN"></ref></property>
	</bean>
	
	<bean id="pro_get_basic_derived_hlr_code_param_5" class="net.bcgi.util.db.ParamDef" scope="singleton">
		<property name="name"><value>pi_hlr_subs_unsubs_flag</value></property>
		<property name="mapTo"><value>pi_atp_subs_unsubs_flag</value></property>
		<property name="type"><ref bean="java.sql.Types.ARRAY"></ref></property>
		<property name="arrayName"><value>ARR_VARCHAR</value></property>
		<property name="position"><value>5</value></property>
		<property name="parameterType"><ref bean="net.bcgi.util.db.ParamDef.IN"></ref></property>
	</bean>
	
	<bean id="pro_get_basic_derived_hlr_code_param_6" class="net.bcgi.util.db.ParamDef" scope="singleton">
		<property name="name"><value>pi_user_id</value></property>
		<property name="mapTo"><value>pi_user_id</value></property>
		<property name="type"><ref bean="java.sql.Types.VARCHAR"></ref></property>
		<property name="position"><value>6</value></property>
		<property name="parameterType"><ref bean="net.bcgi.util.db.ParamDef.IN"></ref></property>
	</bean>
	
	<bean id="pro_get_basic_derived_hlr_code_param_7" class="net.bcgi.util.db.ParamDef" scope="singleton">
		<property name="name"><value>pi_channel</value></property>
		<property name="mapTo"><value>pi_channel</value></property>
		<property name="type"><ref bean="java.sql.Types.VARCHAR"></ref></property>
		<property name="position"><value>7</value></property>
		<property name="parameterType"><ref bean="net.bcgi.util.db.ParamDef.IN"></ref></property>
	</bean>
	
	<bean id="pro_get_basic_derived_hlr_code_param_8" class="net.bcgi.util.db.ParamDef" scope="singleton">
  		<property name="name"><value>pi_reason</value></property>
  		<property name="mapTo"><value>pi_reason</value></property>
  		<property name="type"><ref bean="java.sql.Types.VARCHAR"></ref></property>
  		<property name="position"><value>8</value></property>
  		<property name="parameterType"><ref bean="net.bcgi.util.db.ParamDef.IN"></ref></property>
	</bean>
	
	<bean id="pro_get_basic_derived_hlr_code_param_9" class="net.bcgi.util.db.ParamDef" scope="singleton">
  		<property name="name"><value>po_hlr_code</value></property>
  		<property name="mapTo"><value>po_hlr_code</value></property>
  		<property name="type"><ref bean="java.sql.Types.ARRAY"></ref></property>
		<property name="arrayName"><value>ARR_VARCHAR</value></property>
  		<property name="position"><value>9</value></property>
  		<property name="parameterType"><ref bean="net.bcgi.util.db.ParamDef.OUT"></ref></property>
	</bean>
	
	<bean id="pro_get_basic_derived_hlr_code_param_10" class="net.bcgi.util.db.ParamDef" scope="singleton">
  		<property name="name"><value>po_hlr_subs_unsubs_flag</value></property>
  		<property name="mapTo"><value>po_atp_subs_unsubs_flag</value></property>
  		<property name="type"><ref bean="java.sql.Types.ARRAY"></ref></property>
		<property name="arrayName"><value>ARR_VARCHAR</value></property>
  		<property name="position"><value>10</value></property>
  		<property name="parameterType"><ref bean="net.bcgi.util.db.ParamDef.OUT"></ref></property>
	</bean>
	
	<bean id="pro_get_basic_derived_hlr_code_param_11" class="net.bcgi.util.db.ParamDef" scope="singleton">
		<property name="name"><value>po_transaction_id</value></property>
		<property name="mapTo"><value>po_transaction_id</value></property>
		<property name="type"><ref bean="java.sql.Types.VARCHAR"></ref></property>
		<property name="position"><value>11</value></property>
		<property name="parameterType"><ref bean="net.bcgi.util.db.ParamDef.OUT"></ref></property>
	</bean>	
	
	
	<bean id="pro_get_basic_derived_hlr_code_param_12" class="net.bcgi.util.db.ParamDef" scope="singleton">
		<property name="name"><value>po_error_code</value></property>
		<property name="mapTo"><value>po_error_code</value></property>
		<property name="type"><ref bean="java.sql.Types.BIGINT"></ref></property>
		<property name="position"><value>12</value></property>
		<property name="parameterType"><ref bean="net.bcgi.util.db.ParamDef.OUT"></ref></property>
	</bean>	
	
	<bean id="pro_get_basic_derived_hlr_code_param_13" class="net.bcgi.util.db.ParamDef" scope="singleton">
		<property name="name"><value>po_error_desc</value></property>
		<property name="mapTo"><value>po_error_mesg</value></property>
		<property name="type"><ref bean="java.sql.Types.VARCHAR"></ref></property>
		<property name="position"><value>13</value></property>
		<property name="parameterType"><ref bean="net.bcgi.util.db.ParamDef.OUT"></ref></property>
	</bean>	
</beans>