<!--
	Requirement: MSP 4.0 CCUI enhancements 
	Usage	   : pro_manage_id_proofs_account_path
	Author	   : Phani Chavala
	Date	   : 29th Mar 2012		 
-->
<!DOCTYPE beans PUBLIC "-//SPRING//DTD BEAN//EN" "http://www.springframework.org/dtd/spring-beans.dtd">
<beans>
	<bean id="pro_manage_path_info" class="net.bcgi.util.db.SPDefinition" scope="prototype">
		<property name="name"><value>pro_manage_path_info</value></property>
		<property name="returnsResult"><value>false</value></property>
		<property name="parameters">
			<list> <!--  parameter list -->
				<ref bean="manage_id_proofs_path_param_1"/>
				<ref bean="manage_id_proofs_path_param_2"/>				
				<ref bean="manage_id_proofs_path_param_3"/>
				<ref bean="manage_id_proofs_path_param_4"/>
				<ref bean="manage_id_proofs_path_param_5"/>
				<ref bean="manage_id_proofs_path_param_6"/>
				
				<ref bean="manage_id_proofs_path_param_7"/>
				<ref bean="manage_id_proofs_path_param_8"/>				
				<ref bean="manage_id_proofs_path_param_9"/>
				<ref bean="manage_id_proofs_path_param_10"/>
				<ref bean="manage_id_proofs_path_param_11"/>
				<ref bean="manage_id_proofs_path_param_12"/>					
				<ref bean="manage_id_proofs_path_param_13"/>
				<ref bean="manage_id_proofs_path_param_14"/>
			</list>
		</property>
		<property name="refCursors">
			<map>
				<entry key="12">
					<ref bean="manage_id_proof_path_bean"/>
				</entry>
			</map>
		</property>
	</bean>
	<bean id="manage_id_proof_path_bean" class="net.bcgi.util.db.ResultSetDef" scope="prototype">
		<property name="resultSetParams">
			<list>
				<ref bean="manage_id_proofs_path_cursor_param_1"/>
				<ref bean="manage_id_proofs_path_cursor_param_2"/>
				<ref bean="manage_id_proofs_path_cursor_param_3"/>
				<ref bean="manage_id_proofs_path_cursor_param_4"/>
				<ref bean="manage_id_proofs_path_cursor_param_5"/>				
				<ref bean="manage_id_proofs_path_cursor_param_6"/>
				<ref bean="manage_id_proofs_path_cursor_param_7"/>
				<ref bean="manage_id_proofs_path_cursor_param_8"/>
				<ref bean="manage_id_proofs_path_cursor_param_9"/>				
				<ref bean="manage_id_proofs_path_cursor_param_10"/>
				<ref bean="manage_id_proofs_path_cursor_param_11"/>
				<ref bean="manage_id_proofs_path_cursor_param_12"/>
				<ref bean="manage_id_proofs_path_cursor_param_13"/>
			</list>
		</property>
		<property name="className" value="com.xius.billing.agent.domaindata.impl.actmgmt.GetPathInfoCursorData"/>
	</bean>
	
	<bean id="manage_id_proofs_path_cursor_param_1" class="net.bcgi.util.db.ResultSetParam" scope="singleton">
	  <property name="procedureColumnName"><value>networkId</value></property>
	  <property name="mapTo"><value>networkId</value></property>
	  <property name="columnType"><ref bean="java.sql.Types.BIGINT"></ref></property>
	  <property name="position"><value>1</value></property>
	</bean>
	
	<bean id="manage_id_proofs_path_cursor_param_2" class="net.bcgi.util.db.ResultSetParam" scope="singleton">
	  <property name="procedureColumnName"><value>path</value></property>
	  <property name="mapTo"><value>path</value></property>
	  <property name="columnType"><ref bean="java.sql.Types.VARCHAR"></ref></property>
	  <property name="position"><value>2</value></property>
	</bean>
	<bean id="manage_id_proofs_path_cursor_param_3" class="net.bcgi.util.db.ResultSetParam" scope="singleton">
	  <property name="procedureColumnName"><value>fileType</value></property>
	  <property name="mapTo"><value>fileType</value></property>
	  <property name="columnType"><ref bean="java.sql.Types.VARCHAR"></ref></property>
	  <property name="position"><value>3</value></property>
	</bean>
	<bean id="manage_id_proofs_path_cursor_param_4" class="net.bcgi.util.db.ResultSetParam" scope="singleton">
	  <property name="procedureColumnName"><value>userId</value></property>
	  <property name="mapTo"><value>userId</value></property>
	  <property name="columnType"><ref bean="java.sql.Types.VARCHAR"></ref></property>
	  <property name="position"><value>4</value></property>
	</bean>
	<bean id="manage_id_proofs_path_cursor_param_5" class="net.bcgi.util.db.ResultSetParam" scope="singleton">
	  <property name="procedureColumnName"><value>createdDate</value></property>
	  <property name="mapTo"><value>createdDate</value></property>
	  <property name="columnType"><ref bean="java.sql.Types.VARCHAR"></ref></property>
	  <property name="position"><value>5</value></property>
	</bean>
	<bean id="manage_id_proofs_path_cursor_param_6" class="net.bcgi.util.db.ResultSetParam" scope="singleton">
	  <property name="procedureColumnName"><value>updatedBy</value></property>
	  <property name="mapTo"><value>updatedBy</value></property>
	  <property name="columnType"><ref bean="java.sql.Types.VARCHAR"></ref></property>
	  <property name="position"><value>6</value></property>
	</bean>
	<bean id="manage_id_proofs_path_cursor_param_7" class="net.bcgi.util.db.ResultSetParam" scope="singleton">
	  <property name="procedureColumnName"><value>updatedDate</value></property>
	  <property name="mapTo"><value>updatedDate</value></property>
	  <property name="columnType"><ref bean="java.sql.Types.VARCHAR"></ref></property>
	  <property name="position"><value>7</value></property>
	</bean>
	<bean id="manage_id_proofs_path_cursor_param_8" class="net.bcgi.util.db.ResultSetParam" scope="singleton">
	  <property name="procedureColumnName"><value>purpose</value></property>
	  <property name="mapTo"><value>purpose</value></property>
	  <property name="columnType"><ref bean="java.sql.Types.VARCHAR"></ref></property>
	  <property name="position"><value>8</value></property>
	</bean>
	<bean id="manage_id_proofs_path_cursor_param_9" class="net.bcgi.util.db.ResultSetParam" scope="singleton">
	  <property name="procedureColumnName"><value>validation1_by</value></property>
	  <property name="mapTo"><value>validation1_by</value></property>
	  <property name="columnType"><ref bean="java.sql.Types.VARCHAR"></ref></property>
	  <property name="position"><value>9</value></property>
	</bean>
	<bean id="manage_id_proofs_path_cursor_param_10" class="net.bcgi.util.db.ResultSetParam" scope="singleton">
	  <property name="procedureColumnName"><value>validation1_date</value></property>
	  <property name="mapTo"><value>validation1_date</value></property>
	  <property name="columnType"><ref bean="java.sql.Types.VARCHAR"></ref></property>
	  <property name="position"><value>10</value></property>
	</bean>
	<bean id="manage_id_proofs_path_cursor_param_11" class="net.bcgi.util.db.ResultSetParam" scope="singleton">
	  <property name="procedureColumnName"><value>validation2_by</value></property>
	  <property name="mapTo"><value>validation2_by</value></property>
	  <property name="columnType"><ref bean="java.sql.Types.VARCHAR"></ref></property>
	  <property name="position"><value>11</value></property>
	</bean>
	<bean id="manage_id_proofs_path_cursor_param_12" class="net.bcgi.util.db.ResultSetParam" scope="singleton">
	  <property name="procedureColumnName"><value>validation2_date</value></property>
	  <property name="mapTo"><value>validation2_date</value></property>
	  <property name="columnType"><ref bean="java.sql.Types.VARCHAR"></ref></property>
	  <property name="position"><value>12</value></property>
	</bean>
	<bean id="manage_id_proofs_path_cursor_param_13" class="net.bcgi.util.db.ResultSetParam" scope="singleton">
	  <property name="procedureColumnName"><value>validation_status</value></property>
	  <property name="mapTo"><value>validation_status</value></property>
	  <property name="columnType"><ref bean="java.sql.Types.VARCHAR"></ref></property>
	  <property name="position"><value>13</value></property>
	</bean>
	
	<!-- End of cursor mapping -->
	
	<bean id="manage_id_proofs_path_param_1" class="net.bcgi.util.db.ParamDef" scope="singleton">
		<property name="name"><value>actionFlag</value></property>
		<property name="mapTo"><value>actionFlag</value></property>
		<property name="type"><ref bean="java.sql.Types.VARCHAR"></ref></property>
		<property name="position"><value>1</value></property>
		<property name="parameterType"><ref bean="net.bcgi.util.db.ParamDef.IN"></ref></property>
	</bean>	
	
	<bean id="manage_id_proofs_path_param_2" class="net.bcgi.util.db.ParamDef" scope="singleton">
		<property name="name"><value>pi_network_id</value></property>
		<property name="mapTo"><value>pi_network_id</value></property>
		<property name="type"><ref bean="java.sql.Types.BIGINT"></ref></property>
		<property name="position"><value>2</value></property>
		<property name="parameterType"><ref bean="net.bcgi.util.db.ParamDef.IN"></ref></property>
	</bean>	
	
	<bean id="manage_id_proofs_path_param_3" class="net.bcgi.util.db.ParamDef" scope="singleton">
		<property name="name"><value>purpose</value></property>
		<property name="mapTo"><value>purpose</value></property>
		<property name="type"><ref bean="java.sql.Types.VARCHAR"></ref></property>
		<property name="position"><value>3</value></property>
		<property name="parameterType"><ref bean="net.bcgi.util.db.ParamDef.IN"></ref></property>
	</bean>	
	
	<bean id="manage_id_proofs_path_param_4" class="net.bcgi.util.db.ParamDef" scope="singleton">
		<property name="name"><value>accountId</value></property>
		<property name="mapTo"><value>accountId</value></property>
		<property name="type"><ref bean="java.sql.Types.BIGINT"></ref></property>
		<property name="position"><value>4</value></property>
		<property name="parameterType"><ref bean="net.bcgi.util.db.ParamDef.IN"></ref></property>
	</bean>	
	
	<bean id="manage_id_proofs_path_param_5" class="net.bcgi.util.db.ParamDef" scope="singleton">
		<property name="name"><value>MSISDN</value></property>
		<property name="mapTo"><value>MSISDN</value></property>
		<property name="type"><ref bean="java.sql.Types.BIGINT"></ref></property>
		<property name="position"><value>5</value></property>
		<property name="parameterType"><ref bean="net.bcgi.util.db.ParamDef.IN"></ref></property>
	</bean>	
	
	<bean id="manage_id_proofs_path_param_6" class="net.bcgi.util.db.ParamDef" scope="singleton">
		<property name="name"><value>IMSI</value></property>
		<property name="mapTo"><value>IMSI</value></property>
		<property name="type"><ref bean="java.sql.Types.BIGINT"></ref></property>
		<property name="position"><value>6</value></property>
		<property name="parameterType"><ref bean="net.bcgi.util.db.ParamDef.IN"></ref></property>
	</bean>	
	
	<bean id="manage_id_proofs_path_param_7" class="net.bcgi.util.db.ParamDef" scope="singleton">
		<property name="name"><value>SIM</value></property>
		<property name="mapTo"><value>SIM</value></property>
		<property name="type"><ref bean="java.sql.Types.VARCHAR"></ref></property>
		<property name="position"><value>7</value></property>
		<property name="parameterType"><ref bean="net.bcgi.util.db.ParamDef.IN"></ref></property>
	</bean>	
	
	<bean id="manage_id_proofs_path_param_8" class="net.bcgi.util.db.ParamDef" scope="singleton">
		<property name="name"><value>filePath</value></property>
		<property name="mapTo"><value>filePath</value></property>
		<property name="type"><ref bean="java.sql.Types.VARCHAR"></ref></property>
		<property name="position"><value>8</value></property>
		<property name="parameterType"><ref bean="net.bcgi.util.db.ParamDef.IN"></ref></property>
	</bean>	
	
	<bean id="manage_id_proofs_path_param_9" class="net.bcgi.util.db.ParamDef" scope="singleton">
		<property name="name"><value>fileType</value></property>
		<property name="mapTo"><value>fileType</value></property>
		<property name="type"><ref bean="java.sql.Types.VARCHAR"></ref></property>
		<property name="position"><value>9</value></property>
		<property name="parameterType"><ref bean="net.bcgi.util.db.ParamDef.IN"></ref></property>
	</bean>
	
	<bean id="manage_id_proofs_path_param_10" class="net.bcgi.util.db.ParamDef" scope="singleton">
		<property name="name"><value>pi_user_id</value></property>
		<property name="mapTo"><value>pi_user_id</value></property>
		<property name="type"><ref bean="java.sql.Types.VARCHAR"></ref></property>
		<property name="position"><value>10</value></property>
		<property name="parameterType"><ref bean="net.bcgi.util.db.ParamDef.IN"></ref></property>
	</bean>
	<bean id="manage_id_proofs_path_param_11" class="net.bcgi.util.db.ParamDef" scope="singleton">
		<property name="name"><value>pi_validation_flag</value></property>
		<property name="mapTo"><value>pi_validation_flag</value></property>
		<property name="type"><ref bean="java.sql.Types.VARCHAR"></ref></property>
		<property name="position"><value>11</value></property>
		<property name="parameterType"><ref bean="net.bcgi.util.db.ParamDef.IN"></ref></property>
	</bean>
	
	
	<bean id="manage_id_proofs_path_param_12" class="net.bcgi.util.db.ParamDef" scope="singleton">
  		<property name="name"><value>po_report</value></property>
  		<property name="mapTo"><value>cursor</value></property>
  		<property name="type"><ref bean="oracle.jdbc.driver.OracleTypes.CURSOR"></ref></property>
  		<property name="position"><value>12</value></property>
  		<property name="parameterType"><ref bean="net.bcgi.util.db.ParamDef.OUT"></ref></property>
	</bean>
	<bean id="manage_id_proofs_path_param_13" class="net.bcgi.util.db.ParamDef" scope="singleton">
		<property name="name"><value>po_error_code</value></property>
		<property name="mapTo"><value>po_error_code</value></property>
		<property name="type"><ref bean="java.sql.Types.BIGINT"></ref></property>
		<property name="position"><value>13</value></property>
		<property name="parameterType"><ref bean="net.bcgi.util.db.ParamDef.OUT"></ref></property>
	</bean>	
	
	<bean id="manage_id_proofs_path_param_14" class="net.bcgi.util.db.ParamDef" scope="singleton">
		<property name="name"><value>po_error_mesg</value></property>
		<property name="mapTo"><value>po_error_mesg</value></property>
		<property name="type"><ref bean="java.sql.Types.VARCHAR"></ref></property>
		<property name="position"><value>14</value></property>
		<property name="parameterType"><ref bean="net.bcgi.util.db.ParamDef.OUT"></ref></property>
	</bean>	
	
</beans>