<?xml version="1.0" encoding="UTF-8"?>
<!DOCTYPE beans PUBLIC "-//SPRING//DTD BEAN//EN" "http://www.springframework.org/dtd/spring-beans.dtd">
<beans>
	<bean id="pro_pcrf_atp_intimation_dtls" class="net.bcgi.util.db.SPDefinition"
		scope="prototype">
		<property name="name">
			<value>pkg_pcrf_atp_intimation_mng.pro_pcrf_atp_intimation_dtls</value>
		</property>
		<property name="returnsResult">
			<value>false</value>
		</property>
		<property name="parameters">
			<list> <!-- parameter list -->
				<ref bean="pro_pcrf_atp_intimation_dtls_insert_param_1"></ref>
				<ref bean="pro_pcrf_atp_intimation_dtls_insert_param_2"></ref>
				<ref bean="pro_pcrf_atp_intimation_dtls_insert_param_3"></ref>
				<ref bean="pro_pcrf_atp_intimation_dtls_insert_param_4"></ref>
				<ref bean="pro_pcrf_atp_intimation_dtls_insert_param_5"></ref>
				<ref bean="pro_pcrf_atp_intimation_dtls_insert_param_6"></ref>
				<ref bean="pro_pcrf_atp_intimation_dtls_insert_param_7"></ref>
				<ref bean="pro_pcrf_atp_intimation_dtls_insert_param_8"></ref>
			</list>
		</property>
		<property name="refCursors">
			<map>
				<entry key="6">
					<ref bean="po_subs_atp_dtls" />
				</entry>
			</map>
		</property>
	</bean>
	<bean id="po_subs_atp_dtls" class="net.bcgi.util.db.ResultSetDef"
		scope="prototype">
		<property name="resultSetParams">
			<list>
				<ref bean="po_subs_atp_dtls_cursor_param_1"></ref>
				<ref bean="po_subs_atp_dtls_cursor_param_2"></ref>
				<ref bean="po_subs_atp_dtls_cursor_param_3"></ref>
				<ref bean="po_subs_atp_dtls_cursor_param_4"></ref>
			</list>
		</property>
		<property name="className"
			value="com.xius.billing.agent.domaindata.impl.actmgmt.GetTTPCRFintimateDtlsCurData" />
	</bean>

	<bean id="po_subs_atp_dtls_cursor_param_1" class="net.bcgi.util.db.ResultSetParam"
		scope="singleton">
		<property name="procedureColumnName">
			<value>trans_id</value>
		</property>
		<property name="mapTo">
			<value>transaction_id</value>
		</property>
		<property name="columnType">
			<ref bean="java.sql.Types.VARCHAR"></ref>
		</property>
		<property name="position">
			<value>1</value>
		</property>
	</bean>
	<bean id="po_subs_atp_dtls_cursor_param_2" class="net.bcgi.util.db.ResultSetParam"
		scope="singleton">
		<property name="procedureColumnName">
			<value>trariff_package_id</value>
		</property>
		<property name="mapTo">
			<value>tp_id</value>
		</property>
		<property name="columnType">
			<ref bean="java.sql.Types.BIGINT"></ref>
		</property>
		<property name="position">
			<value>2</value>
		</property>
	</bean>
	<bean id="po_subs_atp_dtls_cursor_param_3" class="net.bcgi.util.db.ResultSetParam"
		scope="singleton">
		<property name="procedureColumnName">
			<value>start_date</value>
		</property>
		<property name="mapTo">
			<value>start_date</value>
		</property>
		<property name="columnType">
			<ref bean="java.sql.Types.VARCHAR"></ref>
		</property>
		<property name="position">
			<value>3</value>
		</property>
	</bean>
	<bean id="po_subs_atp_dtls_cursor_param_4" class="net.bcgi.util.db.ResultSetParam"
		scope="singleton">
		<property name="procedureColumnName">
			<value>end_date</value>
		</property>
		<property name="mapTo">
			<value>end_date</value>
		</property>
		<property name="columnType">
			<ref bean="java.sql.Types.VARCHAR"></ref>
		</property>
		<property name="position">
			<value>4</value>
		</property>
	</bean>
		<!-- Cursor Closed -->



	<bean id="pro_pcrf_atp_intimation_dtls_insert_param_1" class="net.bcgi.util.db.ParamDef"
		scope="singleton">
		<property name="name">
			<value>pi_network_id</value>
		</property>
		<property name="mapTo">
			<value>pi_network_id</value>
		</property>
		<property name="type">
			<ref bean="java.sql.Types.BIGINT"></ref>
		</property>
		<property name="position">
			<value>1</value>
		</property>
		<property name="parameterType">
			<ref bean="net.bcgi.util.db.ParamDef.IN"></ref>
		</property>
	</bean>
	
	<bean id="pro_pcrf_atp_intimation_dtls_insert_param_2" class="net.bcgi.util.db.ParamDef"
		scope="singleton">
		<property name="name">
			<value>pi_msisdn_no</value>
		</property>
		<property name="mapTo">
			<value>pi_msisdn_no</value>
		</property>
		<property name="type">
			<ref bean="java.sql.Types.BIGINT"></ref>
		</property>
		<property name="position">
			<value>2</value>
		</property>
		<property name="parameterType">
			<ref bean="net.bcgi.util.db.ParamDef.IN"></ref>
		</property>
	</bean>
	
	<bean id="pro_pcrf_atp_intimation_dtls_insert_param_3" class="net.bcgi.util.db.ParamDef"
		scope="singleton">
		<property name="name">
			<value>pi_publicity_id</value>
		</property>
		<property name="mapTo">
			<value>pi_publicity_id</value>
		</property>
		<property name="type">
			<ref bean="java.sql.Types.VARCHAR"></ref>
		</property>
		<property name="position">
			<value>3</value>
		</property>
		<property name="parameterType">
			<ref bean="net.bcgi.util.db.ParamDef.IN"></ref>
		</property>
	</bean>
	
	
	<bean id="pro_pcrf_atp_intimation_dtls_insert_param_4" class="net.bcgi.util.db.ParamDef"
		scope="singleton">
		<property name="name">
			<value>pi_atp_id</value>
		</property>
		<property name="mapTo">
			<value>pi_atp_id</value>
		</property>
		<property name="type">
			<ref bean="java.sql.Types.BIGINT"></ref>
		</property>
		<property name="position">
			<value>4</value>
		</property>
		<property name="parameterType">
			<ref bean="net.bcgi.util.db.ParamDef.IN"></ref>
		</property>
	</bean>
	
	
	<bean id="pro_pcrf_atp_intimation_dtls_insert_param_5" class="net.bcgi.util.db.ParamDef"
		scope="singleton">
		<property name="name">
			<value>pi_sub_unsub_flag</value>
		</property>
		<property name="mapTo">
			<value>pi_sub_unsub_flag</value>
		</property>
		<property name="type">
			<ref bean="java.sql.Types.VARCHAR"></ref>
		</property>
		<property name="position">
			<value>5</value>
		</property>
		<property name="parameterType">
			<ref bean="net.bcgi.util.db.ParamDef.IN"></ref>
		</property>
	</bean>
	
	
	<bean id="pro_pcrf_atp_intimation_dtls_insert_param_6" class="net.bcgi.util.db.ParamDef"
		scope="singleton">
		<property name="name">
			<value>po_subs_atp_dtls</value>
		</property>
		<property name="mapTo">
			<value>po_subs_atp_dtls</value>
		</property>
		<property name="type">
			<ref bean="oracle.jdbc.driver.OracleTypes.CURSOR"></ref>
		</property>
		<property name="position">
			<value>6</value>
		</property>
		<property name="parameterType">
			<ref bean="net.bcgi.util.db.ParamDef.OUT"></ref>
		</property>
	</bean>

	<bean id="pro_pcrf_atp_intimation_dtls_insert_param_7" class="net.bcgi.util.db.ParamDef"
		scope="singleton">
		<property name="name">
			<value>po_error_code</value>
		</property>
		<property name="mapTo">
			<value>po_error_code</value>
		</property>
		<property name="type">
			<ref bean="java.sql.Types.BIGINT"></ref>
		</property>
		<property name="position">
			<value>7</value>
		</property>
		<property name="parameterType">
			<ref bean="net.bcgi.util.db.ParamDef.OUT"></ref>
		</property>
	</bean>
	<bean id="pro_pcrf_atp_intimation_dtls_insert_param_8" class="net.bcgi.util.db.ParamDef"
		scope="singleton">
		<property name="name">
			<value>po_error_desc</value>
		</property>
		<property name="mapTo">
			<value>po_error_mesg</value>
		</property>
		<property name="type">
			<ref bean="java.sql.Types.VARCHAR"></ref>
		</property>
		<property name="position">
			<value>8</value>
		</property>
		<property name="parameterType">
			<ref bean="net.bcgi.util.db.ParamDef.OUT"></ref>
		</property>
	</bean>
</beans>