<?xml version="1.0" encoding="UTF-8"?>
<!DOCTYPE beans PUBLIC "-//SPRING//DTD BEAN//EN" "http://www.springframework.org/dtd/spring-beans.dtd">

<beans>
	<!-- start pro_user_authentication -->
	<bean id="pro_get_technology"
		class="net.bcgi.util.db.SPDefinition" scope="singleton">
		<property name="name"><value>pkg_subscriber_management_ext.pro_get_technology</value></property>
		<property name="returnsResult"><value>false</value></property>
		<property name="parameters">
			<list>
				<ref bean="pro_get_technology_param_1"/>
				<ref bean="pro_get_technology_param_2"/>
				<ref bean="pro_get_technology_param_3"/>
				<ref bean="pro_get_technology_param_4"/>
				<ref bean="pro_get_technology_param_5"/>
				
			</list>
		</property>
	</bean>
	
   
	<bean id="pro_get_technology_param_1" class="net.bcgi.util.db.ParamDef" scope="singleton">
			<property name="name"><value>pi_network_id</value></property>
			<property name="mapTo"><value>pi_network_id</value></property>
			<property name="type"><ref bean="java.sql.Types.BIGINT"></ref></property>
			<property name="position"><value>1</value></property>
			<property name="parameterType"><ref bean="net.bcgi.util.db.ParamDef.IN"></ref></property>
	</bean>
	<bean id="pro_get_technology_param_2" class="net.bcgi.util.db.ParamDef" scope="singleton">
			<property name="name"><value>pi_msisdn_no</value></property>
			<property name="mapTo"><value>pi_msisdn_no</value></property>
			<property name="type"><ref bean="java.sql.Types.BIGINT"></ref></property>
			<property name="position"><value>2</value></property>
			<property name="parameterType"><ref bean="net.bcgi.util.db.ParamDef.IN"></ref></property>
	</bean>
	<bean id="pro_get_technology_param_3" class="net.bcgi.util.db.ParamDef" scope="singleton">
			<property name="name"><value>po_technology</value></property>
			<property name="mapTo"><value>po_technology</value></property>
			<property name="type"><ref bean="java.sql.Types.VARCHAR"></ref></property>
			<property name="position"><value>3</value></property>
			<property name="parameterType"><ref bean="net.bcgi.util.db.ParamDef.OUT"></ref></property>
	</bean>
	
	<bean id="pro_get_technology_param_4" class="net.bcgi.util.db.ParamDef" scope="singleton">
			<property name="name"><value>po_error_code</value></property>
			<property name="mapTo"><value>po_error_code</value></property>
			<property name="type"><ref bean="java.sql.Types.BIGINT"></ref></property>
			<property name="position"><value>4</value></property>
			<property name="parameterType"><ref bean="net.bcgi.util.db.ParamDef.OUT"></ref></property>
	</bean>
	<bean id="pro_get_technology_param_5" class="net.bcgi.util.db.ParamDef" scope="singleton">
			<property name="name"><value>po_error_desc</value></property>
			<property name="mapTo"><value>po_error_mesg</value></property>
			<property name="type"><ref bean="java.sql.Types.VARCHAR"></ref></property>
			<property name="position"><value>5</value></property>
			<property name="parameterType"><ref bean="net.bcgi.util.db.ParamDef.OUT"></ref></property>
	</bean>

 </beans>
