<?xml version="1.0" encoding="UTF-8" ?>
<!DOCTYPE beans PUBLIC "-//SPRING//DTD BEAN//EN" "http://www.springframework.org/dtd/spring-beans.dtd">

<beans>
	<!-- start pro_hlr_integration_api -->
	<bean id="pro_hlr_integration_api"
		class="net.bcgi.util.db.SPDefinition" scope="singleton">
		<property name="name"><value>pkg_hlr_integration_api.pro_hlr_integration_api</value></property>
		<property name="returnsResult"><value>false</value></property>
		<property name="parameters">
			<list>
				<ref bean="pro_hlr_integration_api_param_1"></ref>
				<ref bean="pro_hlr_integration_api_param_2"></ref>
				<ref bean="pro_hlr_integration_api_param_3"></ref>
				<ref bean="pro_hlr_integration_api_param_4"></ref>
				<ref bean="pro_hlr_integration_api_param_5"></ref>
				<ref bean="pro_hlr_integration_api_param_6"></ref>
				<ref bean="pro_hlr_integration_api_param_7"></ref>																
				<ref bean="pro_hlr_integration_api_param_8"></ref>																
				<ref bean="pro_hlr_integration_api_param_9"></ref>																
				<ref bean="pro_hlr_integration_api_param_10"></ref>																
				<ref bean="pro_hlr_integration_api_param_11"></ref>																
				<ref bean="pro_hlr_integration_api_param_12"></ref>
				<ref bean="pro_hlr_integration_api_param_13"></ref>																
				<ref bean="pro_hlr_integration_api_param_14"></ref>
				<ref bean="pro_hlr_integration_api_param_15"></ref>	
				<ref bean="pro_hlr_integration_api_param_16"></ref>	
				<ref bean="pro_hlr_integration_api_param_17"></ref>	
				<ref bean="pro_hlr_integration_api_param_18"></ref>														
			</list>
		</property>
		<property name="refCursors">
			<map>
				<entry key="16">
					<ref bean="pro_hlr_integration_api_ref_bean"/>
				</entry>
			</map>
		</property>
	</bean>
	
	<bean id="pro_hlr_integration_api_ref_bean" class="net.bcgi.util.db.ResultSetDef" scope="prototype">
		<property name="resultSetParams">
			<list>
				<ref bean="pro_hlr_integration_api_cursor_param_1"></ref>
				<ref bean="pro_hlr_integration_api_cursor_param_2"></ref>
				<ref bean="pro_hlr_integration_api_cursor_param_3"></ref>
				<ref bean="pro_hlr_integration_api_cursor_param_4"></ref>
				<ref bean="pro_hlr_integration_api_cursor_param_5"></ref>
				<ref bean="pro_hlr_integration_api_cursor_param_6"></ref>
				<ref bean="pro_hlr_integration_api_cursor_param_7"></ref>
				<ref bean="pro_hlr_integration_api_cursor_param_8"></ref>
			</list>
		</property>
		
		<property name="className" value="com.xius.billing.agent.domaindata.impl.actmgmt.HLRIntegrationCursorData"/>
	</bean>
	<bean id="pro_hlr_integration_api_cursor_param_1" class="net.bcgi.util.db.ResultSetParam" scope="singleton">
	  <property name="procedureColumnName"><value>pi_old_account_id</value></property>
	  <property name="mapTo"><value>pi_old_account_id</value></property>
	  <property name="columnType"><ref bean="java.sql.Types.BIGINT"></ref></property>
	  <property name="position"><value>1</value></property>
	</bean>
	<bean id="pro_hlr_integration_api_cursor_param_2" class="net.bcgi.util.db.ResultSetParam" scope="singleton">
	  <property name="procedureColumnName"><value>pi_new_account_id</value></property>
	  <property name="mapTo"><value>pi_new_account_id</value></property>
	  <property name="columnType"><ref bean="java.sql.Types.BIGINT"></ref></property>
	  <property name="position"><value>2</value></property>
	</bean>
	<bean id="pro_hlr_integration_api_cursor_param_3" class="net.bcgi.util.db.ResultSetParam" scope="singleton">
	  <property name="procedureColumnName"><value>pi_old_msisdn_no</value></property>
	  <property name="mapTo"><value>pi_old_msisdn_no</value></property>
	  <property name="columnType"><ref bean="java.sql.Types.BIGINT"></ref></property>
	  <property name="position"><value>3</value></property>
	</bean>
	<bean id="pro_hlr_integration_api_cursor_param_4" class="net.bcgi.util.db.ResultSetParam" scope="singleton">
	  <property name="procedureColumnName"><value>pi_new_msisdn_no</value></property>
	  <property name="mapTo"><value>pi_new_msisdn_no</value></property>
	  <property name="columnType"><ref bean="java.sql.Types.BIGINT"></ref></property>
	  <property name="position"><value>4</value></property>
	</bean>
	<bean id="pro_hlr_integration_api_cursor_param_5" class="net.bcgi.util.db.ResultSetParam" scope="singleton">
	  <property name="procedureColumnName"><value>pi_old_imsi</value></property>
	  <property name="mapTo"><value>pi_old_imsi</value></property>
	  <property name="columnType"><ref bean="java.sql.Types.BIGINT"></ref></property>
	  <property name="position"><value>5</value></property>
	</bean>
	<bean id="pro_hlr_integration_api_cursor_param_6" class="net.bcgi.util.db.ResultSetParam" scope="singleton">
	  <property name="procedureColumnName"><value>pi_new_imsi</value></property>
	  <property name="mapTo"><value>pi_new_imsi</value></property>
	  <property name="columnType"><ref bean="java.sql.Types.BIGINT"></ref></property>
	  <property name="position"><value>6</value></property>
	</bean>
	<bean id="pro_hlr_integration_api_cursor_param_7" class="net.bcgi.util.db.ResultSetParam" scope="singleton">
	  <property name="procedureColumnName"><value>pi_old_sim</value></property>
	  <property name="mapTo"><value>pi_old_sim</value></property>
	  <property name="columnType"><ref bean="java.sql.Types.VARCHAR"></ref></property>
	  <property name="position"><value>7</value></property>
	</bean>
	<bean id="pro_hlr_integration_api_cursor_param_8" class="net.bcgi.util.db.ResultSetParam" scope="singleton">
	  <property name="procedureColumnName"><value>pi_new_sim</value></property>
	  <property name="mapTo"><value>pi_new_sim</value></property>
	  <property name="columnType"><ref bean="java.sql.Types.VARCHAR"></ref></property>
	  <property name="position"><value>8</value></property>
	</bean>
	
	<!-- End of cursor mapping -->
	
	<bean id="pro_hlr_integration_api_param_1" class="net.bcgi.util.db.ParamDef" scope="singleton">
			<property name="name"><value>pi_network_id</value></property>
			<property name="mapTo"><value>pi_network_id</value></property>
			<property name="type"><ref bean="java.sql.Types.BIGINT"></ref></property>
			<property name="position"><value>1</value></property>
			<property name="parameterType"><ref bean="net.bcgi.util.db.ParamDef.IN_OUT"></ref></property>
	</bean>
	<bean id="pro_hlr_integration_api_param_2" class="net.bcgi.util.db.ParamDef" scope="singleton">
			<property name="name"><value>pi_event_id</value></property>
			<property name="mapTo"><value>pi_event_id</value></property>
			<property name="type"><ref bean="java.sql.Types.VARCHAR"></ref></property>
			<property name="position"><value>2</value></property>
			<property name="parameterType"><ref bean="net.bcgi.util.db.ParamDef.IN_OUT"></ref></property>
	</bean>
	
	<bean id="pro_hlr_integration_api_param_3" class="net.bcgi.util.db.ParamDef" scope="singleton">
			<property name="name"><value>pi_old_account_id</value></property>
			<property name="mapTo"><value>pi_old_account_id</value></property>
			<property name="type"><ref bean="java.sql.Types.BIGINT"></ref></property>
			<property name="position"><value>3</value></property>
			<property name="parameterType"><ref bean="net.bcgi.util.db.ParamDef.IN"></ref></property>
	</bean>
	<bean id="pro_hlr_integration_api_param_4" class="net.bcgi.util.db.ParamDef" scope="singleton">
			<property name="name"><value>pi_new_account_id</value></property>
			<property name="mapTo"><value>pi_new_account_id</value></property>
			<property name="type"><ref bean="java.sql.Types.BIGINT"></ref></property>
			<property name="position"><value>4</value></property>
			<property name="parameterType"><ref bean="net.bcgi.util.db.ParamDef.IN_OUT"></ref></property>
	</bean>
	<bean id="pro_hlr_integration_api_param_5" class="net.bcgi.util.db.ParamDef" scope="singleton">
			<property name="name"><value>pi_old_msisdn_no</value></property>
			<property name="mapTo"><value>pi_old_msisdn_no</value></property>
			<property name="type"><ref bean="java.sql.Types.BIGINT"></ref></property>
			<property name="position"><value>5</value></property>
			<property name="parameterType"><ref bean="net.bcgi.util.db.ParamDef.IN"></ref></property>
	</bean>
	<bean id="pro_hlr_integration_api_param_6" class="net.bcgi.util.db.ParamDef" scope="singleton">
			<property name="name"><value>pi_new_msisdn_no</value></property>
			<property name="mapTo"><value>pi_new_msisdn_no</value></property>
			<property name="type"><ref bean="java.sql.Types.BIGINT"></ref></property>
			<property name="position"><value>6</value></property>
			<property name="parameterType"><ref bean="net.bcgi.util.db.ParamDef.IN"></ref></property>
	</bean>
	<bean id="pro_hlr_integration_api_param_7" class="net.bcgi.util.db.ParamDef" scope="singleton">
			<property name="name"><value>pi_old_imsi</value></property>
			<property name="mapTo"><value>pi_old_imsi</value></property>
			<property name="type"><ref bean="java.sql.Types.BIGINT"></ref></property>
			<property name="position"><value>7</value></property>
			<property name="parameterType"><ref bean="net.bcgi.util.db.ParamDef.IN"></ref></property>
	</bean>
	<bean id="pro_hlr_integration_api_param_8" class="net.bcgi.util.db.ParamDef" scope="singleton">
			<property name="name"><value>pi_new_imsi</value></property>
			<property name="mapTo"><value>pi_new_imsi</value></property>
			<property name="type"><ref bean="java.sql.Types.BIGINT"></ref></property>
			<property name="position"><value>8</value></property>
			<property name="parameterType"><ref bean="net.bcgi.util.db.ParamDef.IN"></ref></property>
	</bean>
	<bean id="pro_hlr_integration_api_param_9" class="net.bcgi.util.db.ParamDef" scope="singleton">
			<property name="name"><value>pi_old_sim</value></property>
			<property name="mapTo"><value>pi_old_sim</value></property>
			<property name="type"><ref bean="java.sql.Types.VARCHAR"></ref></property>
			<property name="position"><value>9</value></property>
			<property name="parameterType"><ref bean="net.bcgi.util.db.ParamDef.IN_OUT"></ref></property>
	</bean>
	<bean id="pro_hlr_integration_api_param_10" class="net.bcgi.util.db.ParamDef" scope="singleton">
			<property name="name"><value>pi_new_sim</value></property>
			<property name="mapTo"><value>pi_new_sim</value></property>
			<property name="type"><ref bean="java.sql.Types.VARCHAR"></ref></property>
			<property name="position"><value>10</value></property>
			<property name="parameterType"><ref bean="net.bcgi.util.db.ParamDef.IN"></ref></property>
	</bean>
	<bean id="pro_hlr_integration_api_param_11" class="net.bcgi.util.db.ParamDef" scope="singleton">
			<property name="name"><value>pi_userid</value></property>
			<property name="mapTo"><value>pi_user_id</value></property>
			<property name="type"><ref bean="java.sql.Types.VARCHAR"></ref></property>
			<property name="position"><value>11</value></property>
			<property name="parameterType"><ref bean="net.bcgi.util.db.ParamDef.IN_OUT"></ref></property>
	</bean>
	<bean id="pro_hlr_integration_api_param_12" class="net.bcgi.util.db.ParamDef" scope="singleton">
			<property name="name"><value>po_transaction_id</value></property>
			<property name="mapTo"><value>po_transaction_id</value></property>
			<property name="type"><ref bean="java.sql.Types.VARCHAR"></ref></property>
			<property name="position"><value>12</value></property>
			<property name="parameterType"><ref bean="net.bcgi.util.db.ParamDef.IN_OUT"></ref></property>
	</bean>
	<bean id="pro_hlr_integration_api_param_13" class="net.bcgi.util.db.ParamDef" scope="singleton">
			<property name="name"><value>po_technology</value></property>
			<property name="mapTo"><value>po_technology</value></property>
			<property name="type"><ref bean="java.sql.Types.VARCHAR"></ref></property>
			<property name="position"><value>13</value></property>
			<property name="parameterType"><ref bean="net.bcgi.util.db.ParamDef.IN_OUT"></ref></property>
	</bean>
	<bean id="pro_hlr_integration_api_param_14" class="net.bcgi.util.db.ParamDef" scope="singleton">
			<property name="name"><value>po_sim</value></property>
			<property name="mapTo"><value>po_sim</value></property>
			<property name="type"><ref bean="java.sql.Types.BIGINT"></ref></property>
			<property name="position"><value>14</value></property>
			<property name="parameterType"><ref bean="net.bcgi.util.db.ParamDef.IN_OUT"></ref></property>
	</bean>
	<bean id="pro_hlr_integration_api_param_15" class="net.bcgi.util.db.ParamDef" scope="singleton">
			<property name="name"><value>po_network_name</value></property>
			<property name="mapTo"><value>po_network_name</value></property>
			<property name="type"><ref bean="java.sql.Types.VARCHAR"></ref></property>
			<property name="position"><value>15</value></property>
			<property name="parameterType"><ref bean="net.bcgi.util.db.ParamDef.IN_OUT"></ref></property>
	</bean>
	<bean id="pro_hlr_integration_api_param_16" class="net.bcgi.util.db.ParamDef" scope="singleton">
  		<property name="name"><value>po_account_details</value></property>
  		<property name="mapTo"><value>cursor</value></property>
  		<property name="type"><ref bean="oracle.jdbc.driver.OracleTypes.CURSOR"></ref></property>
  		<property name="position"><value>16</value></property>
  		<property name="parameterType"><ref bean="net.bcgi.util.db.ParamDef.OUT"></ref></property>
	</bean>
	<bean id="pro_hlr_integration_api_param_17" class="net.bcgi.util.db.ParamDef" scope="singleton">
			<property name="name"><value>po_error_code</value></property>
			<property name="mapTo"><value>po_error_code</value></property>
			<property name="type"><ref bean="java.sql.Types.BIGINT"></ref></property>
			<property name="position"><value>17</value></property>
			<property name="parameterType"><ref bean="net.bcgi.util.db.ParamDef.OUT"></ref></property>
	</bean>
	<bean id="pro_hlr_integration_api_param_18" class="net.bcgi.util.db.ParamDef" scope="singleton">
			<property name="name"><value>po_error_desc</value></property>
			<property name="mapTo"><value>po_error_mesg</value></property>
			<property name="type"><ref bean="java.sql.Types.VARCHAR"></ref></property>
			<property name="position"><value>18</value></property>
			<property name="parameterType"><ref bean="net.bcgi.util.db.ParamDef.IN_OUT"></ref></property>
	</bean>
	
 </beans>
