<!--
	Requirement: MSP 4.0 CCUI enhancements 
	Usage	   : service_details_read
	Author	   : Phani Chavala
	Date	   : 29th Mar 2012		 
-->
<!DOCTYPE beans PUBLIC "-//SPRING//DTD BEAN//EN" "http://www.springframework.org/dtd/spring-beans.dtd">
<beans>
	<bean id="service_details_read" class="net.bcgi.util.db.SPDefinition" scope="prototype">
		<property name="name"><value>RAT_ADDITIONAL_SERVICE.service_details_read</value></property>
		<property name="returnsResult"><value>false</value></property>
		<property name="parameters">
			<list> <!--  parameter list -->
				<ref bean="service_details_read_param_1"></ref>
				<ref bean="service_details_read_param_2"></ref>				
				<ref bean="service_details_read_param_3"></ref>
				<ref bean="service_details_read_param_4"></ref>				
			</list>
		</property>
		<property name="refCursors">
			<map>
				<entry key="3">
					<ref bean="po_service_details_read_ref_bean"/>
				</entry>
			</map>
		</property>
	</bean>
	<bean id="po_service_details_read_ref_bean" class="net.bcgi.util.db.ResultSetDef" scope="prototype">
		<property name="resultSetParams">
			<list>
				<ref bean="po_service_details_read_cursor_param_1"></ref>
				<ref bean="po_service_details_read_cursor_param_2"></ref>
				<ref bean="po_service_details_read_cursor_param_3"></ref>
				<ref bean="po_service_details_read_cursor_param_4"></ref>
				<ref bean="po_service_details_read_cursor_param_5"></ref>
				<ref bean="po_service_details_read_cursor_param_6"></ref>				
			</list>
		</property>
		<property name="className" value="com.xius.billing.agent.domaindata.impl.actmgmt.GetAddtionalServiceCursorData"/>
	</bean>
	
	<bean id="po_service_details_read_cursor_param_1" class="net.bcgi.util.db.ResultSetParam" scope="singleton">
	  <property name="procedureColumnName"><value>service_id</value></property>
	  <property name="mapTo"><value>serviceId</value></property>
	  <property name="columnType"><ref bean="java.sql.Types.BIGINT"></ref></property>
	  <property name="position"><value>1</value></property>
	</bean>
	<bean id="po_service_details_read_cursor_param_2" class="net.bcgi.util.db.ResultSetParam" scope="singleton">
	  <property name="procedureColumnName"><value>service_name</value></property>
	  <property name="mapTo"><value>serviceName</value></property>
	  <property name="columnType"><ref bean="java.sql.Types.VARCHAR"></ref></property>
	  <property name="position"><value>2</value></property>
	</bean>
	<bean id="po_service_details_read_cursor_param_3" class="net.bcgi.util.db.ResultSetParam" scope="singleton">
	  <property name="procedureColumnName"><value>airtime_calendar_id</value></property>
	  <property name="mapTo"><value>airTimeCalId</value></property>
	  <property name="columnType"><ref bean="java.sql.Types.BIGINT"></ref></property>
	  <property name="position"><value>3</value></property>
	</bean>
	<bean id="po_service_details_read_cursor_param_4" class="net.bcgi.util.db.ResultSetParam" scope="singleton">
	  <property name="procedureColumnName"><value>air_calendar_name</value></property>
	  <property name="mapTo"><value>airTimeCalName</value></property>
	  <property name="columnType"><ref bean="java.sql.Types.VARCHAR"></ref></property>
	  <property name="position"><value>4</value></property>
	</bean>
	<bean id="po_service_details_read_cursor_param_5" class="net.bcgi.util.db.ResultSetParam" scope="singleton">
	  <property name="procedureColumnName"><value>pstn_calendar_id</value></property>
	  <property name="mapTo"><value>pstnCalId</value></property>
	  <property name="columnType"><ref bean="java.sql.Types.BIGINT"></ref></property>
	  <property name="position"><value>5</value></property>
	</bean>
	<bean id="po_service_details_read_cursor_param_6" class="net.bcgi.util.db.ResultSetParam" scope="singleton">
	  <property name="procedureColumnName"><value>pstn_calendar_name</value></property>
	  <property name="mapTo"><value>pstnCalName</value></property>
	  <property name="columnType"><ref bean="java.sql.Types.VARCHAR"></ref></property>
	  <property name="position"><value>6</value></property>
	</bean>
	<!-- End of cursor mapping -->
	
	<bean id="service_details_read_param_1" class="net.bcgi.util.db.ParamDef" scope="singleton">
		<property name="name"><value>pi_service_id</value></property>
		<property name="mapTo"><value>serviceId</value></property>
		<property name="type"><ref bean="java.sql.Types.BIGINT"></ref></property>
		<property name="position"><value>1</value></property>
		<property name="parameterType"><ref bean="net.bcgi.util.db.ParamDef.IN"></ref></property>
	</bean>	
	
	<bean id="service_details_read_param_2" class="net.bcgi.util.db.ParamDef" scope="singleton">
		<property name="name"><value>pi_network_id</value></property>
		<property name="mapTo"><value>pi_network_id</value></property>
		<property name="type"><ref bean="java.sql.Types.BIGINT"></ref></property>
		<property name="position"><value>2</value></property>
		<property name="parameterType"><ref bean="net.bcgi.util.db.ParamDef.IN"></ref></property>
	</bean>	
	
	<bean id="service_details_read_param_3" class="net.bcgi.util.db.ParamDef" scope="singleton">
  		<property name="name"><value>po_ser_cursor</value></property>
  		<property name="mapTo"><value>cursor</value></property>
  		<property name="type"><ref bean="oracle.jdbc.driver.OracleTypes.CURSOR"></ref></property>
  		<property name="position"><value>3</value></property>
  		<property name="parameterType"><ref bean="net.bcgi.util.db.ParamDef.OUT"></ref></property>
	</bean>
	<bean id="service_details_read_param_4" class="net.bcgi.util.db.ParamDef" scope="singleton">
		<property name="name"><value>po_error_code</value></property>
		<property name="mapTo"><value>po_error_code</value></property>
		<property name="type"><ref bean="java.sql.Types.BIGINT"></ref></property>
		<property name="position"><value>4</value></property>
		<property name="parameterType"><ref bean="net.bcgi.util.db.ParamDef.OUT"></ref></property>
	</bean>	
</beans>