<!--
	Requirement: MSP 4.0 CCUI enhancements 
	Usage	   : trouble_ticket_pre_info
	Author	   : Phani Chavala
	Date	   : 28th Mar 2012		 
-->
<!DOCTYPE beans PUBLIC "-//SPRING//DTD BEAN//EN" "http://www.springframework.org/dtd/spring-beans.dtd">
<beans>
	<bean id="trouble_ticket_pre_info" class="net.bcgi.util.db.SPDefinition" scope="prototype">
		<property name="name"><value>TKT_PKG_TROUBLE_TICKETS.trouble_ticket_pre_info</value></property>
		<property name="returnsResult"><value>false</value></property>
		<property name="parameters">
			<list> <!--  parameter list -->
				<ref bean="trouble_ticket_pre_info_param_1"></ref>
				<ref bean="trouble_ticket_pre_info_param_2"></ref>			
				<ref bean="trouble_ticket_pre_info_param_3"></ref>		
				<ref bean="trouble_ticket_pre_info_param_4"></ref>					
			</list>
		</property>
		<property name="refCursors">
			<map>
				<entry key="2">
					<ref bean="po_trouble_ticket_pre_info_ref_bean"/>
				</entry>
				<entry key="3">
					<ref bean="po_trouble_ticket_severity_info_ref_bean"/>
				</entry>
			</map>
		</property>
		
		
	</bean>
	<bean id="po_trouble_ticket_pre_info_ref_bean"
		class="net.bcgi.util.db.ResultSetDef" scope="prototype">
		<property name="resultSetParams">
			<list>
				<ref bean="po_trouble_ticket_pre_info_cursor_param_1"></ref>
				<ref bean="po_trouble_ticket_pre_info_cursor_param_2"></ref>
			</list>
		</property>
		<property name="className" value="com.xius.billing.agent.domaindata.impl.actmgmt.TroubleTktsPreInfoCursorData"/>
	</bean>
	
	<bean id="po_trouble_ticket_pre_info_cursor_param_1" class="net.bcgi.util.db.ResultSetParam" scope="singleton">
	  <property name="procedureColumnName"><value>heading_id</value></property>
	  <property name="mapTo"><value>id</value></property>
	  <property name="columnType"><ref bean="java.sql.Types.INTEGER"></ref></property>
	  <property name="position"><value>1</value></property>
	</bean>
	<bean id="po_trouble_ticket_pre_info_cursor_param_2" class="net.bcgi.util.db.ResultSetParam" scope="singleton">
	  <property name="procedureColumnName"><value>heading_desc</value></property>
	  <property name="mapTo"><value>desc</value></property>
	  <property name="columnType"><ref bean="java.sql.Types.VARCHAR"></ref></property>
	  <property name="position"><value>2</value></property>
	</bean>
	
	<!-- End of cursor mapping -->
	
	
	<bean id="po_trouble_ticket_severity_info_ref_bean"
		class="net.bcgi.util.db.ResultSetDef" scope="prototype">
		<property name="resultSetParams">
			<list>
				<ref bean="po_trouble_ticket_severity_info_cursor_param_1"></ref>
				<ref bean="po_trouble_ticket_severity_info_cursor_param_2"></ref>
			</list>
		</property>
		<property name="className" value="com.xius.billing.agent.domaindata.impl.actmgmt.TroubleTktsPreInfoCursorData"/>
	</bean>
	
	<bean id="po_trouble_ticket_severity_info_cursor_param_1" class="net.bcgi.util.db.ResultSetParam" scope="singleton">
	  <property name="procedureColumnName"><value>type_id</value></property>
	  <property name="mapTo"><value>id</value></property>
	  <property name="columnType"><ref bean="java.sql.Types.INTEGER"></ref></property>
	  <property name="position"><value>1</value></property>
	</bean>
	<bean id="po_trouble_ticket_severity_info_cursor_param_2" class="net.bcgi.util.db.ResultSetParam" scope="singleton">
	  <property name="procedureColumnName"><value>type_desc</value></property>
	  <property name="mapTo"><value>desc</value></property>
	  <property name="columnType"><ref bean="java.sql.Types.VARCHAR"></ref></property>
	  <property name="position"><value>2</value></property>
	</bean>
	
	<!-- End of cursor mapping -->
	
	
	
	<bean id="trouble_ticket_pre_info_param_1" class="net.bcgi.util.db.ParamDef" scope="singleton">
  		<property name="name"><value>pi_network_id</value></property>
  		<property name="mapTo"><value>pi_network_id</value></property>
  		<property name="type"><ref bean="java.sql.Types.BIGINT"></ref></property>
		<property name="position"><value>1</value></property>
		<property name="parameterType"><ref bean="net.bcgi.util.db.ParamDef.IN"></ref></property>
	</bean>
	
	<bean id="trouble_ticket_pre_info_param_2" class="net.bcgi.util.db.ParamDef" scope="singleton">
  		<property name="name"><value>po_report</value></property>
  		<property name="mapTo"><value>cursor</value></property>
  		<property name="type"><ref bean="oracle.jdbc.driver.OracleTypes.CURSOR"></ref></property>
  		<property name="position"><value>2</value></property>
  		<property name="parameterType"><ref bean="net.bcgi.util.db.ParamDef.OUT"></ref></property>
	</bean>
	
	<bean id="trouble_ticket_pre_info_param_3" class="net.bcgi.util.db.ParamDef" scope="singleton">
  		<property name="name"><value>po_severity_list</value></property>
  		<property name="mapTo"><value>severityCursor</value></property>
  		<property name="type"><ref bean="oracle.jdbc.driver.OracleTypes.CURSOR"></ref></property>
  		<property name="position"><value>3</value></property>
  		<property name="parameterType"><ref bean="net.bcgi.util.db.ParamDef.OUT"></ref></property>
	</bean>
	<bean id="trouble_ticket_pre_info_param_4" class="net.bcgi.util.db.ParamDef" scope="singleton">
		<property name="name"><value>po_error_code</value></property>
		<property name="mapTo"><value>po_error_code</value></property>
		<property name="type"><ref bean="java.sql.Types.BIGINT"></ref></property>
		<property name="position"><value>4</value></property>
		<property name="parameterType"><ref bean="net.bcgi.util.db.ParamDef.OUT"></ref></property>
	</bean>	
	
</beans>