<!--
	Requirement: MSP 4.0 CCUI enhancements 
	Usage	   : view_trouble_ticket
	Author	   : Phani Chavala
	Date	   : 29th Mar 2012		 
-->
<!DOCTYPE beans PUBLIC "-//SPRING//DTD BEAN//EN" "http://www.springframework.org/dtd/spring-beans.dtd">
<beans>
	<bean id="view_trouble_ticket" class="net.bcgi.util.db.SPDefinition" scope="prototype">
		<property name="name"><value>TKT_PKG_TROUBLE_TICKETS.view_trouble_ticket</value></property>
		<property name="returnsResult"><value>false</value></property>
		<property name="parameters">
			<list> <!--  parameter list -->
				<ref bean="view_trouble_ticket_param_1"></ref>
				<ref bean="view_trouble_ticket_param_2"></ref>				
				<ref bean="view_trouble_ticket_param_3"></ref>
				<ref bean="view_trouble_ticket_param_4"></ref>
				<ref bean="view_trouble_ticket_param_5"></ref>
				<ref bean="view_trouble_ticket_param_6"></ref>				
				<ref bean="view_trouble_ticket_param_7"></ref>
				<ref bean="view_trouble_ticket_param_8"></ref>
				<ref bean="view_trouble_ticket_param_9"></ref>
			</list>
		</property>
		<property name="refCursors">
			<map>
				<entry key="8">
					<ref bean="po_view_trouble_ticket_ref_bean"/>
				</entry>
			</map>
		</property>
	</bean>
	<bean id="po_view_trouble_ticket_ref_bean" class="net.bcgi.util.db.ResultSetDef" scope="prototype">
		<property name="resultSetParams">
			<list>
				<ref bean="po_view_trouble_ticket_cursor_param_1"></ref>
				<ref bean="po_view_trouble_ticket_cursor_param_2"></ref>
				<ref bean="po_view_trouble_ticket_cursor_param_3"></ref>
				<ref bean="po_view_trouble_ticket_cursor_param_4"></ref>
				<ref bean="po_view_trouble_ticket_cursor_param_5"></ref>
				<ref bean="po_view_trouble_ticket_cursor_param_6"></ref>
				<ref bean="po_view_trouble_ticket_cursor_param_7"></ref>
				<ref bean="po_view_trouble_ticket_cursor_param_8"></ref>
				<ref bean="po_view_trouble_ticket_cursor_param_9"></ref>
				<ref bean="po_view_trouble_ticket_cursor_param_10"></ref>
				<ref bean="po_view_trouble_ticket_cursor_param_11"></ref>
				<ref bean="po_view_trouble_ticket_cursor_param_12"></ref>
				<ref bean="po_view_trouble_ticket_cursor_param_13"></ref>
				<ref bean="po_view_trouble_ticket_cursor_param_14"></ref>
				<ref bean="po_view_trouble_ticket_cursor_param_15"></ref>
				<ref bean="po_view_trouble_ticket_cursor_param_16"></ref>
				<ref bean="po_view_trouble_ticket_cursor_param_17"></ref>
				<ref bean="po_view_trouble_ticket_cursor_param_18"></ref>
				<ref bean="po_view_trouble_ticket_cursor_param_19"></ref>
			</list>
		</property>
		<property name="className" value="com.xius.billing.agent.domaindata.impl.actmgmt.ViewTroubleTktsCursorData"/>
	</bean>
	
	<bean id="po_view_trouble_ticket_cursor_param_1" class="net.bcgi.util.db.ResultSetParam" scope="singleton">
	  <property name="procedureColumnName"><value>account_no</value></property>
	  <property name="mapTo"><value>acctId</value></property>
	  <property name="columnType"><ref bean="java.sql.Types.BIGINT"></ref></property>
	  <property name="position"><value>1</value></property>
	</bean>
	<bean id="po_view_trouble_ticket_cursor_param_2" class="net.bcgi.util.db.ResultSetParam" scope="singleton">
	  <property name="procedureColumnName"><value>msisdn</value></property>
	  <property name="mapTo"><value>msisdn</value></property>
	  <property name="columnType"><ref bean="java.sql.Types.BIGINT"></ref></property>
	  <property name="position"><value>2</value></property>
	</bean>
	<bean id="po_view_trouble_ticket_cursor_param_3" class="net.bcgi.util.db.ResultSetParam" scope="singleton">
	  <property name="procedureColumnName"><value>sys_creation_date</value></property>
	  <property name="mapTo"><value>creatDate</value></property>
	  <property name="columnType"><ref bean="java.sql.Types.VARCHAR"></ref></property>
	  <property name="position"><value>3</value></property>
	</bean>
	<bean id="po_view_trouble_ticket_cursor_param_4" class="net.bcgi.util.db.ResultSetParam" scope="singleton">
	  <property name="procedureColumnName"><value>created_by</value></property>
	  <property name="mapTo"><value>createdBy</value></property>
	  <property name="columnType"><ref bean="java.sql.Types.VARCHAR"></ref></property>
	  <property name="position"><value>4</value></property>
	</bean>
	<bean id="po_view_trouble_ticket_cursor_param_5" class="net.bcgi.util.db.ResultSetParam" scope="singleton">
	  <property name="procedureColumnName"><value>heading_desc</value></property>
	  <property name="mapTo"><value>headingDesc</value></property>
	  <property name="columnType"><ref bean="java.sql.Types.VARCHAR"></ref></property>
	  <property name="position"><value>5</value></property>
	</bean>
	<bean id="po_view_trouble_ticket_cursor_param_6" class="net.bcgi.util.db.ResultSetParam" scope="singleton">
	  <property name="procedureColumnName"><value>status_desc</value></property>
	  <property name="mapTo"><value>status</value></property>
	  <property name="columnType"><ref bean="java.sql.Types.VARCHAR"></ref></property>
	  <property name="position"><value>6</value></property>
	</bean>
	<bean id="po_view_trouble_ticket_cursor_param_7" class="net.bcgi.util.db.ResultSetParam" scope="singleton">
	  <property name="procedureColumnName"><value>ticket_no</value></property>
	  <property name="mapTo"><value>tktNum</value></property>
	  <property name="columnType"><ref bean="java.sql.Types.BIGINT"></ref></property>
	  <property name="position"><value>7</value></property>
	</bean>
	<bean id="po_view_trouble_ticket_cursor_param_8" class="net.bcgi.util.db.ResultSetParam" scope="singleton">
	  <property name="procedureColumnName"><value>type_desc</value></property>
	  <property name="mapTo"><value>severity</value></property>
	  <property name="columnType"><ref bean="java.sql.Types.VARCHAR"></ref></property>
	  <property name="position"><value>8</value></property>
	</bean>
	<bean id="po_view_trouble_ticket_cursor_param_9" class="net.bcgi.util.db.ResultSetParam" scope="singleton">
	  <property name="procedureColumnName"><value>status_chng_date</value></property>
	  <property name="mapTo"><value>statChngDate</value></property>
	  <property name="columnType"><ref bean="java.sql.Types.VARCHAR"></ref></property>
	  <property name="position"><value>9</value></property>
	</bean>
	<bean id="po_view_trouble_ticket_cursor_param_10" class="net.bcgi.util.db.ResultSetParam" scope="singleton">
	  <property name="procedureColumnName"><value>tkt_status_reason</value></property>
	  <property name="mapTo"><value>reason</value></property>
	  <property name="columnType"><ref bean="java.sql.Types.VARCHAR"></ref></property>
	  <property name="position"><value>10</value></property>
	</bean>
	<bean id="po_view_trouble_ticket_cursor_param_11" class="net.bcgi.util.db.ResultSetParam" scope="singleton">
	  <property name="procedureColumnName"><value>due_date</value></property>
	  <property name="mapTo"><value>dueDate</value></property>
	  <property name="columnType"><ref bean="java.sql.Types.VARCHAR"></ref></property>
	  <property name="position"><value>11</value></property>
	</bean>
	<bean id="po_view_trouble_ticket_cursor_param_12" class="net.bcgi.util.db.ResultSetParam" scope="singleton">
	  <property name="procedureColumnName"><value>tkt_close_date</value></property>
	  <property name="mapTo"><value>closeDate</value></property>
	  <property name="columnType"><ref bean="java.sql.Types.VARCHAR"></ref></property>
	  <property name="position"><value>12</value></property>
	</bean>
	<bean id="po_view_trouble_ticket_cursor_param_13" class="net.bcgi.util.db.ResultSetParam" scope="singleton">
	  <property name="procedureColumnName"><value>assigned_to</value></property>
	  <property name="mapTo"><value>assignedTo</value></property>
	  <property name="columnType"><ref bean="java.sql.Types.VARCHAR"></ref></property>
	  <property name="position"><value>13</value></property>
	</bean>
	<bean id="po_view_trouble_ticket_cursor_param_14" class="net.bcgi.util.db.ResultSetParam" scope="singleton">
	  <property name="procedureColumnName"><value>assigned_date</value></property>
	  <property name="mapTo"><value>assignedDate</value></property>
	  <property name="columnType"><ref bean="java.sql.Types.VARCHAR"></ref></property>
	  <property name="position"><value>14</value></property>
	</bean>
	<bean id="po_view_trouble_ticket_cursor_param_15" class="net.bcgi.util.db.ResultSetParam" scope="singleton">
	  <property name="procedureColumnName"><value>user_text</value></property>
	  <property name="mapTo"><value>userTxt</value></property>
	  <property name="columnType"><ref bean="java.sql.Types.VARCHAR"></ref></property>
	  <property name="position"><value>15</value></property>
	</bean>
	<bean id="po_view_trouble_ticket_cursor_param_16" class="net.bcgi.util.db.ResultSetParam" scope="singleton">
	  <property name="procedureColumnName"><value>network_id</value></property>
	  <property name="mapTo"><value>networkId</value></property>
	  <property name="columnType"><ref bean="java.sql.Types.BIGINT"></ref></property>
	  <property name="position"><value>16</value></property>
	</bean>
	
	<bean id="po_view_trouble_ticket_cursor_param_17" class="net.bcgi.util.db.ResultSetParam" scope="singleton">
	  <property name="procedureColumnName"><value>tkt_updated_by</value></property>
	  <property name="mapTo"><value>updatedBy</value></property>
	  <property name="columnType"><ref bean="java.sql.Types.VARCHAR"></ref></property>
	  <property name="position"><value>17</value></property>
	</bean>
	<bean id="po_view_trouble_ticket_cursor_param_18" class="net.bcgi.util.db.ResultSetParam" scope="singleton">
	  <property name="procedureColumnName"><value>status_id</value></property>
	  <property name="mapTo"><value>statusId</value></property>
	  <property name="columnType"><ref bean="java.sql.Types.INTEGER"></ref></property>
	  <property name="position"><value>18</value></property>
	</bean>
	<bean id="po_view_trouble_ticket_cursor_param_19" class="net.bcgi.util.db.ResultSetParam" scope="singleton">
	  <property name="procedureColumnName"><value>row_num</value></property>
	  <property name="mapTo"><value>rowNum</value></property>
	  <property name="columnType"><ref bean="java.sql.Types.INTEGER"></ref></property>
	  <property name="position"><value>19</value></property>
	</bean>
	
	<!-- End of cursor mapping -->
	
	<bean id="view_trouble_ticket_param_1" class="net.bcgi.util.db.ParamDef" scope="singleton">
		<property name="name"><value>pi_network_id</value></property>
		<property name="mapTo"><value>pi_network_id</value></property>
		<property name="type"><ref bean="java.sql.Types.BIGINT"></ref></property>
		<property name="position"><value>1</value></property>
		<property name="parameterType"><ref bean="net.bcgi.util.db.ParamDef.IN"></ref></property>
	</bean>	
	
	<bean id="view_trouble_ticket_param_2" class="net.bcgi.util.db.ParamDef" scope="singleton">
		<property name="name"><value>pi_ticket_no</value></property>
		<property name="mapTo"><value>tktNum</value></property>
		<property name="type"><ref bean="java.sql.Types.BIGINT"></ref></property>
		<property name="position"><value>2</value></property>
		<property name="parameterType"><ref bean="net.bcgi.util.db.ParamDef.IN"></ref></property>
	</bean>	
	
	<bean id="view_trouble_ticket_param_3" class="net.bcgi.util.db.ParamDef" scope="singleton">
		<property name="name"><value>pi_account_id</value></property>
		<property name="mapTo"><value>acctId</value></property>
		<property name="type"><ref bean="java.sql.Types.BIGINT"></ref></property>
		<property name="position"><value>3</value></property>
		<property name="parameterType"><ref bean="net.bcgi.util.db.ParamDef.IN"></ref></property>
	</bean>	
	
	<bean id="view_trouble_ticket_param_4" class="net.bcgi.util.db.ParamDef" scope="singleton">
		<property name="name"><value>pi_msisdn</value></property>
		<property name="mapTo"><value>msisdn</value></property>
		<property name="type"><ref bean="java.sql.Types.BIGINT"></ref></property>
		<property name="position"><value>4</value></property>
		<property name="parameterType"><ref bean="net.bcgi.util.db.ParamDef.IN"></ref></property>
	</bean>
	
	<bean id="view_trouble_ticket_param_5" class="net.bcgi.util.db.ParamDef" scope="singleton">
		<property name="name"><value>pi_max_records</value></property>
		<property name="mapTo"><value>maxTkts</value></property>
		<property name="type"><ref bean="java.sql.Types.INTEGER"></ref></property>
		<property name="position"><value>5</value></property>
		<property name="parameterType"><ref bean="net.bcgi.util.db.ParamDef.IN"></ref></property>
	</bean>
	
	<bean id="view_trouble_ticket_param_6" class="net.bcgi.util.db.ParamDef" scope="singleton">
		<property name="name"><value>pi_next_rec_index</value></property>
		<property name="mapTo"><value>rowCount</value></property>
		<property name="type"><ref bean="java.sql.Types.INTEGER"></ref></property>
		<property name="position"><value>6</value></property>
		<property name="parameterType"><ref bean="net.bcgi.util.db.ParamDef.IN"></ref></property>
	</bean>
	
	<bean id="view_trouble_ticket_param_7" class="net.bcgi.util.db.ParamDef" scope="singleton">
		<property name="name"><value>po_total_records</value></property>
		<property name="mapTo"><value>totalTkts</value></property>
		<property name="type"><ref bean="java.sql.Types.BIGINT"></ref></property>
		<property name="position"><value>7</value></property>
		<property name="parameterType"><ref bean="net.bcgi.util.db.ParamDef.OUT"></ref></property>
	</bean>
	
	<bean id="view_trouble_ticket_param_8" class="net.bcgi.util.db.ParamDef" scope="singleton">
  		<property name="name"><value>po_report</value></property>
  		<property name="mapTo"><value>cursor</value></property>
  		<property name="type"><ref bean="oracle.jdbc.driver.OracleTypes.CURSOR"></ref></property>
  		<property name="position"><value>8</value></property>
  		<property name="parameterType"><ref bean="net.bcgi.util.db.ParamDef.OUT"></ref></property>
	</bean>
	<bean id="view_trouble_ticket_param_9" class="net.bcgi.util.db.ParamDef" scope="singleton">
		<property name="name"><value>po_error_code</value></property>
		<property name="mapTo"><value>po_error_code</value></property>
		<property name="type"><ref bean="java.sql.Types.BIGINT"></ref></property>
		<property name="position"><value>9</value></property>
		<property name="parameterType"><ref bean="net.bcgi.util.db.ParamDef.OUT"></ref></property>
	</bean>	
	
</beans>