<?xml version="1.0" encoding="UTF-8" ?>
<!DOCTYPE beans PUBLIC "-//SPRING//DTD BEAN//EN" "http://www.springframework.org/dtd/spring-beans.dtd">
<beans>
	<bean id="marshallerContext" class="org.castor.spring.xml.XMLContextFactoryBean">
	   <property name="castorProperties">
	      <props>
	         <prop key="org.exolab.castor.indent">false</prop>
	      </props>
	   </property>
	   <property name="mappingLocations">
	      <list>
	         <value>castor-mappings/balance/debit-mapping.xml</value>
	         <value>castor-mappings/transfer-mapping.xml</value>
	         <value>castor-mappings/balance/TransferRequest-mapping.xml</value>
	         <value>castor-mappings/balance/SpecialTopUpRequest-mapping.xml</value>
	         <value>castor-mappings/balance/waiver-mapping.xml</value>
	         <value>castor-mappings/balance/topUp-mapping.xml</value>
	         <value>castor-mappings/balance/SpecialDebitRequest-mapping.xml</value>
	         <value>castor-mappings/balance/BulkBalAdjustmentRequest-mapping.xml</value>
		 <!-- Added GetSubscriberInfoRequest and response mapping.xml during merging release 1.0.11.0 with 1.0.9.0 -->
	         <value>castor-mappings/balance/GetSubscriberInfoRequest-mapping.xml</value>
	         <!-- subscriber management related -->
	         <value>castor-mappings/submgmt/GetSubBucketInSessionRequest-mapping.xml</value>
	         <value>castor-mappings/balance/MultiBalanceUpdRequest-mapping.xml</value>
	         <value>castor-mappings/balance/AccountStatusChangeRequest-mapping.xml</value>  
	         <value>castor-mappings/accountmanagement/ActivateSubscriberRequest-mapping.xml</value>
	         <value>castor-mappings/balance/LoanRequest-mapping.xml</value> 
	         
	         <!-- Added By samba For Pomobalance Reversal along with recharge taken form Loop 
	           Date : 06/01/2017
	         -->
	          <value>castor-mappings/balance/BundleBalAdjustmentRequest-mapping.xml</value>  
	          <value>castor-mappings/balance/DebitFullOrPartialCoreBalanceReq.xml</value>  
	          
	          
	        
	      </list>
	   </property>
	</bean>
	<bean id="unMarshallerContext" class="org.castor.spring.xml.XMLContextFactoryBean">
	   <property name="castorProperties">
	      <props>
	         <prop key="org.exolab.castor.indent">true</prop>
	      </props>
	   </property>
	   <property name="mappingLocations">
	      <list>
	         <value>castor-mappings/SuccessFailureResponse-mapping.xml</value>
	         <value>castor-mappings/balance/TransferResponse-mapping.xml</value>	         
		 <!-- Added GetSubBucketInSessionResponse-mapping.xml during merging release 1.0.11.0 with 1.0.9.0 -->
  		 <value>castor-mappings/submgmt/GetSubBucketInSessionResponse-mapping.xml</value>
  		 <value>castor-mappings/balance/MultiBalanceUpdResponse-mapping.xml</value> 
  		 <value>castor-mappings/OffctoSubResponse-mapping.xml</value>
  		 
  		  <!-- Added By samba For Pomobalance Reversal along with recharge taken form Loop 
	           Date : 06/01/2017
	         -->
  		  <value>castor-mappings/balance/BundleBalAdjustmentResponse-mapping.xml</value>  
  		 
  		 
      </list>
	   </property>
	</bean>
	
	<bean id="marshaller"
      class="org.castor.spring.xml.CastorMarshallerFactoryBean">
   		<property name="xmlContext"><ref bean="marshallerContext"/></property>
	</bean>

 	<bean id="unmarshaller"
    	  class="org.castor.spring.xml.CastorUnmarshallerFactoryBean">
  	 	<property name="xmlContext"><ref bean="unMarshallerContext"/></property>
	</bean>
 
	
</beans>        