<!DOCTYPE beans PUBLIC "-//SPRING//DTD BEAN//EN" "http://www.springframework.org/dtd/spring-beans.dtd">

<beans>
	<!-- Login Services APIs -->
	<import resource="proc-config/login/getnetworkdetails.xml"></import>
	<import resource="proc-config/login/activity_insert.xml"></import>
	<import resource="proc-config/login/admin_validate.xml"></import>
	<import resource="proc-config/login/network_roles_read.xml"></import>
	<import resource="proc-config/login/networkDetailsRead.xml"></import>
	<import resource="proc-config/login/privileges_read.xml"></import>
	<import resource="proc-config/login/val_roles_read_new.xml"></import>
	<import resource="proc-config/login/authenticate.xml"></import>
	<import resource="proc-config/login/get_services.xml"></import>
	<import resource="proc-config/login/get_note_type.xml"></import>
	<import resource="proc-config/login/get_voucher_denominations.xml"></import>
	<import resource="proc-config/login/pro_user_authentication.xml"></import>
    <import resource="proc-config/login/pro_get_pp_account_exist_count.xml"></import>
   <import resource="proc-config/login/pro_imei_msisdn_map.xml"></import>
   
   
	<!-- Subscriber Management APIs -->	
	<import resource="proc-config/submgmt/pro_parent_child_crd_limit_upd.xml"></import>
	<import resource="proc-config/submgmt/pro_get_tp_dtls.xml"></import>
	<import resource="proc-config/submgmt/pro_get_account_notes.xml"></import>
	<import resource="proc-config/submgmt/get_static_data.xml"></import>
	<import resource="proc-config/submgmt/account_summary.xml"></import>
	<import resource="proc-config/submgmt/get_associated_msisdns.xml"></import>
	<import resource="proc-config/submgmt/get_npanxx.xml"></import>
	<import resource="proc-config/submgmt/get_npanxx_froexp.xml"></import>
	<import resource="proc-config/submgmt/pro_get_acct_bal_details.xml" />
	<import resource="proc-config/submgmt/change_language.xml" />
	<import resource="proc-config/submgmt/change_language_pre_info.xml" />
	<import resource="proc-config/submgmt/manage_bundle.xml" />
	<import resource="proc-config/submgmt/change_tariffplan_pre_info.xml" />
	<import resource="proc-config/submgmt/add_mod_account_notes.xml"></import>
	<import resource="proc-config/submgmt/manage_fnf_sms.xml" />
	<import resource="proc-config/submgmt/get_sub_viwe_data.xml" />
	<import resource="proc-config/submgmt/get_puk_details.xml" />
	<import resource="proc-config/submgmt/get_buckets.xml" />
	<import resource="proc-config/submgmt/get_bundles.xml" />
	<import resource="proc-config/submgmt/get_fnf_sms.xml" />
	<import resource="proc-config/submgmt/change_tariff_plan.xml" />
	<import resource="proc-config/submgmt/sub_optional_services_pre_info.xml" />
	<import resource="proc-config/submgmt/get_bundle_info.xml" />
	<import resource="proc-config/submgmt/subscribe_optional_services.xml" />
	<import resource="proc-config/submgmt/pro_promo_details_insert.xml" />
	<import resource="proc-config/submgmt/pro_modify_promo_details.xml" />
	<import resource="proc-config/submgmt/pro_promo_approve_reject.xml" />
	<import resource="proc-config/submgmt/get_promo_details.xml" />
	<import resource="proc-config/submgmt/manage_banner.xml" />
	<import resource="proc-config/submgmt/banner_view.xml" />
	<import resource="proc-config/submgmt/banner_view_all.xml" />
	<!-- Added for REQ#1213 data plan management -->
	<import resource="proc-config/submgmt/pro_get_data_plan.xml" />
	<import resource="proc-config/submgmt/data_plan_subscribe_unsubs.xml" />
	<import resource="proc-config/submgmt/pro_get_acct_online_status.xml" />

	<!-- added by taking from mobily on 13th Dec 2012 sarma -->
	<import resource="proc-config/submgmt/pro_ams_get_subscriber_details.xml" />

	<!-- Added ON 19/02/2013 for REQ#1213 data plan management -->
	<import resource="proc-config/submgmt/pro_get_subs_data_plan_status.xml" />
	<!-- Added pro_get_online_data_plan_info.xml during merging release 1.0.11.0 
		with 1.0.9.0 -->
	<import resource="proc-config/submgmt/pro_get_online_data_plan_info.xml" />
	<!-- Added for TT-CM REQ -->
	<import resource="proc-config/submgmt/pro_sms_notification_mng.xml" />
	<!-- Added on July 18th,2014 -->
	<import resource="proc-config/submgmt/pro_subs_svc_plan_manage.xml" />
	<import resource="proc-config/submgmt/sub_additional_svcpack_pre_info.xml" />
	<!-- Added on September 17th,2014 -->
	<import resource="proc-config/submgmt/get_sub_service_details.xml" />
	<import resource="proc-config/submgmt/get_bucket_info.xml" />

	<import resource="proc-config/submgmt/pro_get_atp_by_service.xml" />
	<import resource="proc-config/submgmt/pro_subs_services_view.xml" />
	<import resource="proc-config/submgmt/pro_service_delete.xml" />
	<import resource="proc-config/submgmt/get_msisdn_type.xml" />
	<import resource="proc-config/submgmt/pro_get_acc_bundle_info.xml" />
	<!-- added for appendBulkIMSIs -->
	<import resource="proc-config/submgmt/pro_get_bulk_imsi.xml" />
	<import resource="proc-config/submgmt/pro_update_sub_id.xml" />

	<!-- Account Management APIs -->
	<import resource="proc-config/account/activate_msisdn.xml" />
	<import resource="proc-config/account/sim_swap.xml" />
	<import resource="proc-config/account/pro_ams_reactivate_msisdn_acct.xml" />
	<import resource="proc-config/account/change_msisdn.xml" />
	<import resource="proc-config/account/change_imsi.xml" />
	<import resource="proc-config/account/update_acct_status.xml" />
	<import resource="proc-config/account/change_misisdn_pre_info.xml" />
	<import resource="proc-config/account/change_imsi_pre_info.xml" />
	<import resource="proc-config/account/update_account_details.xml" />
	<import resource="proc-config/account/pro_sim_registration.xml" />
	<import resource="proc-config/account/pro_ams_change_msisdn_bulk.xml" />
	<import resource="proc-config/account/trouble_ticket_pre_info.xml" />
	<import resource="proc-config/account/insert_new_ticket.xml" />
	<import resource="proc-config/account/view_trouble_ticket.xml" />
	<import resource="proc-config/account/sub_group_change.xml" />
	<import resource="proc-config/account/sub_group_change_pre_info.xml" />
	<import resource="proc-config/account/pro_convert_account_type.xml" />
	<import resource="proc-config/account/pro_get_account.xml" />
	<import resource="proc-config/account/pro_get_postpaid_acct_details.xml" />
	<import resource="proc-config/account/pro_get_credit_profile_details.xml" />
	<!--changeSimMdnAudit -->
	<import resource="proc-config/account/pro_change_sim_mdn_audit.xml" />

	<!-- Added new API: validateMSISDN for mobily scratch Added By: Phani.Chavala 
		Date: Apr 21st 2012 -->
	<import resource="proc-config/account/pro_valid_msisdn.xml" />
	<import resource="proc-config/account/service_details_read.xml" />
	<import resource="proc-config/account/manage_service.xml" />
	<import resource="proc-config/account/pro_update_billing_type.xml" />

	<!-- Added new API: UpdatePostPaidDetails for REQ#1235 for corporate post 
		paid changes Added By: Phani.Chavala Date: Oct 11th 2012 -->

	<import resource="proc-config/account/pro_upd_credit_limit.xml" />
	<import resource="proc-config/account/pro_get_scanned_file_dtls.xml" />
	<import resource="proc-config/account/pro_manage_id_proofs_account_path.xml" />
	<import resource="proc-config/account/pro_validate_id.xml" />



	<!-- Added two new APIs: ValidateUserAPI, getAndBlockMSISDN NEW Registration 
		API, pls. REQ1331. -->
	<import resource="proc-config/account/pro_get_blocked_msisdn.xml" />
	<import resource="proc-config/account/pro_get_ext_subs_info.xml" />
	<!-- Merging Activity of OCS,ADR and ServiceManagement -->
	<import resource="proc-config/account/pro_get_charge_pre_info.xml" />
	<import resource="proc-config/account/pro_simswap_bal_chng_status.xml" />
	<import resource="proc-config/account/pro_simreg_retry.xml" />
	
	<!-- Report Management APIs -->
	
	<import resource="proc-config/report/pro_ams_tariiffplan_history.xml" />
	<import resource="proc-config/report/RechargeHistory.xml" />
	<import resource="proc-config/report/pro_sms_buddies_history.xml" />
	<import resource="proc-config/report/pro_ams_call_details.xml" />
	<import resource="proc-config/report/pro_ams_calldetails_duration.xml" />
	<import resource="proc-config/report/pro_ams_calldet_dur_srvc_rntl.xml" />
	<import resource="proc-config/report/pro_ams_calldet_dur_prom.xml" />
	<import resource="proc-config/report/get_callhistory_sms_data.xml" />
	<import resource="proc-config/report/get_callhistory_tune_buddies.xml" />
	<import resource="proc-config/report/get_callhistory_voice.xml" />
	<import resource="proc-config/report/voucher_deactivation_report.xml" />
	<import resource="proc-config/report/voucher_pin_status_report.xml" />
	<import resource="proc-config/report/change_imsi_report.xml" />
	<import resource="proc-config/report/change_msisdn_report.xml" />
	<import resource="proc-config/report/sim_swap_report.xml" />
	<import resource="proc-config/report/debit_report.xml" />
	<import resource="proc-config/report/debit_special_report.xml" />
	<import resource="proc-config/report/activated_msisdns_report.xml" />
	<import resource="proc-config/report/excess_data_usage_report.xml" />
	<import resource="proc-config/report/special_top_up_report.xml" />
	<import resource="proc-config/report/credit_report.xml" />
	<import resource="proc-config/report/pro_get_account_report.xml" />
	<import resource="proc-config/report/pro_get_bundle_audit_rep.xml" />
	<!-- Added by sampath for ADR changes for IBA 2.1.0.0 for getCAReports -->
	<import resource="proc-config/report/get_ca_reports.xml" />
	<import resource="proc-config/report/pro_credit_info_invoice.xml" />
	<import resource="proc-config/report/pro_account_status_chng_rpt.xml" />

	<!-- Balance Management APIs -->
	<import resource="proc-config/balance/retrieve_voucher.xml" />
	<import resource="proc-config/balance/pro_ams_balance_adjustment.xml" />
	<import resource="proc-config/balance/proc_account_discount.xml" />


	<!-- Dealer Management APIs -->
	<import resource="proc-config/dealer/stock_mvmt_insert_range.xml" />

	<import resource="proc-config/provision/network_details_read_partii.xml" />
	<import resource="proc-config/provision/pro_datp_attach_on_activation.xml" />
	<!-- Added for data plan 25/02/2013 -->
	<import resource="proc-config/job/dataplan/pro_subs_data_plan_renewal.xml" />
	<import resource="proc-config/job/dataplan/get_exp_msisdns.xml" />
	<!-- Added pro_get_online_bucketbalance.xml during merging release 1.0.11.0 
		with 1.0.9.0 -->
	<!-- Added for data plan on 19/04/2013 srmnvm for online session data -->
	<import resource="proc-config/submgmt/pro_get_online_bucketbalance.xml" />
	<!-- Added for ASR for Pay as go plan on 28 nov 2014 by kiranmai -->
	<import resource="proc-config/submgmt/pro_get_dre_sessions_for_asr.xml" />
	<!-- Added for data plan 23/03/2015 -->
	<import resource="proc-config/job/gstcredit/get_gst_zero_rated_info.xml" />
	<import resource="proc-config/job/gstcredit/pro_gst_zero_rated_info_update.xml" />
	<!-- EOD JOBS -->
	<import resource="proc-config/eod/pro_get_renewal_data.xml" />
	<import resource="proc-config/eod/pro_get_rental_dets.xml" />
	<import resource="proc-config/eod/pro_renewal_status_upd.xml" />
	<import resource="proc-config/eod/pro_rental_status_upd.xml" />
	<import resource="proc-config/eod/get_ca_renewal_dets.xml" />
	<import resource="proc-config/eod/pro_ca_renewal_update.xml" />

	<!-- Added by sampath for community accounts (CA) management moving to IBA -->
	<import resource="proc-config/camgmt/get_ca_services.xml" />
	<import resource="proc-config/camgmt/get_additional_feature.xml" />
	<import resource="proc-config/camgmt/get_airtime_calendar.xml" />
	<import resource="proc-config/camgmt/get_visiting_network_names.xml" />
	<import resource="proc-config/camgmt/get_ca_preload_data.xml" />

	<import resource="proc-config/camgmt/ca_package_insert.xml" />
	<import resource="proc-config/camgmt/ca_package_view.xml" />
	<import resource="proc-config/camgmt/ca_package_delete.xml" />
	<import resource="proc-config/camgmt/ca_package_update.xml" />

	<import resource="proc-config/camgmt/ca_group_insert.xml" />
	<import resource="proc-config/camgmt/ca_group_update.xml" />
	<import resource="proc-config/camgmt/ca_group_view.xml" />
	<import resource="proc-config/camgmt/get_ca_details.xml" />
	<import resource="proc-config/camgmt/get_ca_charges.xml" />

	<import resource="proc-config/camgmt/ca_renewal_insert_update.xml" />
	<import resource="proc-config/camgmt/get_ca_renewal.xml" />
	<import resource="proc-config/camgmt/manage_addon_features.xml" />
	<import resource="proc-config/camgmt/ca_deactivate_account.xml" />
	<import resource="proc-config/camgmt/subs_ca_svcpack_manage.xml" />
	<import resource="proc-config/camgmt/ca_pkg_trshold_lmt_manage.xml" />
	<import resource="proc-config/camgmt/ca_group_immediate_deactivate.xml" />

	<!-- merging changes -->
	<import resource="proc-config/dealer/pro_get_chanelmember_details.xml" />
	<!-- Added for REQ#1630 -->
	<import resource="proc-config/account/pro_sim_dealer_validation.xml" />
	<!-- Added for DEF238 -->
	<import resource="proc-config/job/dataplan/pro_data_plan_renewal_job_log.xml" />
	<!-- Added for 1507 TTADRPOSTPAID merging -->
	<import resource="proc-config/submgmt/pro_update_notification_data.xml" />
	<import resource="proc-config/submgmt/pro_get_notification_data.xml" />
	<import resource="proc-config/submgmt/get_subs_data.xml" />

	<import resource="proc-config/login/get_bill_cycle_day.xml"></import>
	<import resource="proc-config/login/get_password_rules.xml"></import>
	<import resource="proc-config/login/get_id_type.xml"></import>

	<!--Added REQ1762: Providing API for D2C fund transfer -->
	<!-- Office Balance Management APIs -->
	<import resource="proc-config/officebalance/pro_get_office_balance_api.xml" />
	<import resource="proc-config/officebalance/pro_credit_transfer_api.xml" />
	<import resource="proc-config/officebalance/pro_credit_reversal_api.xml" />

	<!-- For NotifyAfterSales -->
	<import resource="proc-config/provision/pro_notify_after_sales.xml" />

	<!-- added SubscriberValidationAPI -->
	<import resource="proc-config/submgmt/pro_subscriber_validation_api.xml" />

	<!-- added Provisioning APIs -->
	<import resource="proc-config/provision/pro_notify_on_activation.xml" />


	<!-- added for do recharge APIS -->
	<import resource="proc-config/recharge/pro_recharge_trans_enquiry_api.xml" />
	<import resource="proc-config/recharge/pro_do_recharge_reversal_api.xml" />
	<import resource="proc-config/recharge/pro_dorecharge_request_insert.xml" />
	<import resource="proc-config/recharge/pro_dorecharge_request_upd.xml" />


	<import resource="proc-config/account/pro_get_location_assc_mdns.xml" />
	<import resource="proc-config/account/pro_get_ift_assc_mdns.xml" />

	<!-- added PromoBalanceManagement -->
	<import resource="proc-config/promobal/pro_promobal_request_insert.xml" />
	<import resource="proc-config/promobal/pro_promobal_request_upd.xml" />
	<import resource="proc-config/promobal/pro_promo_bal_trans_enquiry.xml" />

	<!-- Added CreditCardDetailsManage in CreditCardManagement -->
	<import resource="proc-config/creditmgmt/pro_creditcard_details_manage.xml" />

	<!-- added SubscriberValidationAPI -->
	<import resource="proc-config/submgmt/pro_get_tariff_package.xml" />

	<!-- Added for TIA renewal Job -->
	<import resource="proc-config/job/TiaRenewal/pro_get_rental_dets.xml" />
	<import resource="proc-config/job/TiaRenewal/pro_rental_status_upd.xml" />


	<import resource="proc-config/account/pro_manual_retntal_update.xml" />
	<import resource="proc-config/submgmt/pro_atp_purchg_audit.xml" />
	<import resource="proc-config/account/pro_hlr_statechange_status_upd.xml" />
	<import resource="proc-config/account/pro_hlr_statechange_notif_upd.xml" />

	<!-- ADDED AS PER RECQUIREMENT API TO GET MSISDNS INFO BY PERSONAL ID -->
	<import resource="proc-config/restsubmgmt/get_associate_msisdn_accts_api.xml" />

	<!-- added HLRIntegration and HLRIntegrationUpdate API's in AccountManagement -->
	<import resource="proc-config/account/pro_hlr_integration_api.xml" />
	<import resource="proc-config/account/pro_hlr_integration_upd_api.xml" />

	<!-- Added CCTransReport in CreditCardManagement -->
	<import resource="proc-config/creditmgmt/pro_get_cc_trans_report.xml" />

	<import resource="proc-config/account/pro_ivr_get_network.xml" />

	<!-- Added for ProductSale -->

	<import resource="proc-config/productmgmt/pro_get_product_details.xml" />
	<import resource="proc-config/productmgmt/pro_product_purchage.xml" />
	<import resource="proc-config/productmgmt/pro_product_purchage_enqiry.xml" />



	<!-- Added for Soriana Card -->

	<import resource="proc-config/card/pro_slpn_msisdn_map.xml" />

	<import resource="proc-config/card/pro_get_slpn_msisdn_details.xml" />



	<import resource="proc-config/card/pro_ext_transaction_update.xml" />


	<import resource="proc-config/card/pro_update_principle_contact.xml" />
	<import resource="proc-config/card/pro_slpn_msisdn_update.xml" />
	<import resource="proc-config/card/pro_get_slpn_points.xml" />
	<import resource="proc-config/card/pro_get_client_id.xml" />

	<!--As per requirement apis are tagged from selfcare Agent -->


	<import resource="proc-config/mnp/port_in_accept.xml" />
	<import resource="proc-config/mnp/mnp_notification.xml" />
	<import resource="proc-config/mnp/validate_port_in.xml" />
	<import resource="proc-config/mnp/validate_port_out.xml" />
	<import resource="proc-config/mnp/port_out.xml" />
	<import resource="proc-config/mnp/validate_cust_name.xml" />

	<import resource="proc-config/mnp/pro_bulk_portin_msisdn_upload.xml" />
	<import resource="proc-config/mnp/pro_get_bulk_upload_txn_dets.xml" />
	<import resource="proc-config/mnp/pro_bulk_pi_txn_status_update.xml" />
	<import resource="proc-config/mnp/get_expired_portin_msisnds.xml" />
	<import resource="proc-config/account/pro_ams_sim_registration.xml" />
	<!--added by premalatha -->
	<import resource="proc-config/submgmt/pro_balance_details.xml" />
	<!--added by premalatha for req 1835 -->
	<import resource="proc-config/provision/pro_actual_imsi_msisdn_insert.xml" />
	<import resource="proc-config/account/pro_get_technology.xml" />
	<import resource="proc-config/submgmt/pro_plan_details.xml" />

	<import resource="proc-config/account/get_tkt_history.xml" />
	<import resource="proc-config/account/get_valid_ticket_statuses.xml" />
	<import resource="proc-config/account/update_trouble_ticket.xml" />

	<!--added by premalatha for IVR -->

	<import resource="proc-config/productmgmt/pro_get_plan_details.xml" />
	<import resource="proc-config/productmgmt/pro_get_available_plans.xml" />
	<import resource="proc-config/productmgmt/pro_get_recharge_promo_details.xml" />
	<!-- added for getProductIdDetails Api -->
	<import resource="proc-config/submgmt/pro_get_publicityid_details.xml" />

	<import resource="proc-config/provision/pro_get_simswap_details.xml" />

	<import resource="proc-config/card/pro_get_slpn_redemption.xml" />
	<import resource="proc-config/card/pro_slpn_redemption_update.xml" />
	<import resource="proc-config/card/pro_slpnpoints_redem_denom_map.xml" />


	<!--added by Sambasiva Rao Aakula for IVR -->

	<import resource="proc-config/account/pro_deact_reactivate_tracker.xml" />
	<import resource="proc-config/account/pro_deact_reactivate_update.xml" />

	<!--added by premalatha -->
	<import resource="proc-config/balance/pro_update_event_accumulators.xml" />
	<import resource="proc-config/productmgmt/pro_get_subs_plan_details.xml" />
	<import resource="proc-config/productmgmt/pro_get_atp_remaining_bktbal.xml" />


	<!--added by sanjana -->
	<import resource="proc-config/balance/cs_pro_get_subsciber_balances.xml" />

	<!-- added by shashidhar.p -->
	<import resource="proc-config/submgmt/pro_initbal_response_processor.xml" />
	<import
		resource="proc-config/job/setinitailbalance/pro_initbal_no_respons_job.xml" />

	<import resource="proc-config/card/mdn_based_get_client_id.xml" />

	<import resource="proc-config/account/pro_roaming_svc_status_upd.xml" />



	<!-- Added for File Read and Write Jobs -->

	<import resource="proc-config/job/Renewal/pro_get_tariffrental_dtls.xml" />

	<import
		resource="proc-config/job/renewalupdate/pro_tariffrental_dtls_update.xml" />

	<import resource="proc-config/job/cctokenread/pro_cc_token_account_mapping.xml" />

	<import
		resource="proc-config/job/sellprocesswrite/pro_get_registered_acct_dtls.xml" />

	<!-- Added by Sambasiva Rao Aakula for TIA ReneWal JOb -->

	<import resource="proc-config/job/TiaRenewal/pro_get_account_dates.xml" />
	<import resource="proc-config/job/TiaRenewal/pro_reneval_status_upd.xml" />

	<import resource="proc-config/account/pro_get_account_dates.xml" />
	<!--added for report payment and cross_promo_transaction -->

	<import resource="proc-config/report/pro_payment_report.xml" />
	<import resource="proc-config/report/cross_promo_trans_report.xml" />
	<import resource="proc-config/productmgmt/pro_get_product_dtls.xml" />

	<import resource="proc-config/account/pro_get_subscriber_category.xml" />

	<import resource="proc-config/productmgmt/pro_get_atp_available_bktbal.xml" />

	<import resource="proc-config/report/pro_usage_report_api.xml" />

	<import resource="proc-config/submgmt/pro_get_attached_plans.xml" />
	<import resource="proc-config/submgmt/pro_account_force_expiry.xml" />

	<import resource="proc-config/submgmt/pro_get_active_bucket_summary.xml" />
	<import resource="proc-config/report/pro_preload_act_deact_reasons.xml" />


	<import resource="proc-config/login/pro_get_pin_state_city_dtls.xml" />
	<import resource="proc-config/balance/pro_get_all_balences_api.xml" />

	<import resource="proc-config/submgmt/pro_get_publicityid_dtls_blk.xml" />

	<!-- Added by Sambasiva Rao Aakula For ForceRenewal Details -->

	<import resource="proc-config/account/pro_get_force_renewal_dtls.xml" />

	<import resource="proc-config/productmgmt/pro_get_tm_remaining_bktbal.xml" />

	<import resource="proc-config/login/ApiAuthentication.xml" />
	<import resource="proc-config/submgmt/pro_postpaid_pre_info.xml" />
	<import resource="proc-config/submgmt/pro_get_tp_activation_fee.xml" />

	<!-- Added For Aerovoice -->
	<import resource="proc-config/submgmt/pro_get_free_pool_msisdns.xml" />

	<import resource="proc-config/submgmt/pro_get_account_exist_count.xml" />
	<import resource="proc-config/balance/pro_get_msisdn_rc_products.xml" />

	<import resource="proc-config/balance/pro_recharge_status_update.xml" />
	<import resource="proc-config/balance/pro_get_rc_products.xml" />
	<import resource="proc-config/balance/pro_get_recharge_info.xml" />

	<!-- Added by Lakshmi Karanki For Get& Update SubscriberCategory on 16/10/2017 -->
	<import resource="proc-config/login/pro_get_subscriber_catgory.xml" />
	<import resource="proc-config/account/pro_update_subscriber_catgory.xml" />
	<import resource="proc-config/balance/pro_rc_pre_load_info.xml" />
	<!-- Added by For TeleVerification from ivr on 15/11/2017 -->
	<import resource="proc-config/account/pro_televerfication_subscriber.xml" />

	<import resource="proc-config/report/pro_rc_transaction_rpt.xml" />
	<import resource="proc-config/submgmt/pro_get_nir_region.xml" />
	<import resource="proc-config/account/pro_corpo_voucher_validate.xml" />
	<import resource="proc-config/balance/pro_office_bal_update.xml" />
	<!-- Added by For fetching creditprofile on 19/1/2017 -->
	<import resource="proc-config/login/pro_get_credit_profile_dtls.xml" />

	<import resource="proc-config/submgmt/pro_get_office_nir.xml" />
	<import resource="proc-config/account/pro_business_acct_in_acct_map.xml" />
	<import resource="proc-config/productmgmt/pro_get_subs_service_dtls.xml" />

	<import resource="proc-config/submgmt/pro_get_subs_services_api.xml" />
	<import resource="proc-config/TTATPRenewal/pro_get_rental_dets_tt.xml" />
	<import resource="proc-config/TTATPRenewal/pro_rental_status_upd_tt.xml" />

	<import resource="proc-config/account/pro_get_hlrcode.xml" />
	<import resource="proc-config/account/pro_upd_hlr_svc_inti.xml" />
	<import resource="proc-config/TTATPRenewal/pro_atp_renewal_job_log.xml" />
	
	<import resource="proc-config/account/pro_get_basic_derived_hlr_code.xml"/>
	<import resource="proc-config/account/pro_upd_hlr_basic_derived_map.xml"/>
	<import resource="proc-config/submgmt/pro_get_atp_dtls_by_name.xml"/>
	<import resource="proc-config/productmgmt/pro_get_tb_remaining_bktbal.xml" />
	<import resource="proc-config/submgmt/pro_rc_pre_load_new_info.xml"/>
	<import resource="proc-config/submgmt/pro_freeapp_subsc_validation.xml"/>
	<import resource="proc-config/submgmt/pro_get_change_tp_required_yn.xml"/>
	<import resource="proc-config/report/pro_corporate_sims_status_rpt.xml"/>
	 <import resource="proc-config/account/pro_pcrf_atp_intimation_dtls.xml"/>
	 <import resource="proc-config/account/pro_tt_pcrf_intimation_update.xml"/>
	 <import resource="proc-config/account/pro_get_pcrf_atp_intim_job.xml"/>
	 <import resource="proc-config/submgmt/pro_get_corp_product.xml"/>
	<import resource="proc-config/report/sim_voucher_activtion_dtls_sim.xml"/>
	<import resource="proc-config/report/sim_voucher_activtion_dtls_voucher.xml"/>
	<import resource="proc-config/admin/pro_get_privilege_details.xml"/>
	<import resource="proc-config/admin/pro_get_sel_privilege_details.xml"/>
 	<import resource="proc-config/admin/pro_get_sel_role_details_info.xml"/>
 	<import resource="proc-config/admin/pro_manage_roles_details.xml"/>
 	<import resource="proc-config/admin/pro_get_office_users.xml"/>
	<import resource="proc-config/admin/subuser_roles_update.xml"/>
	<import resource="proc-config/balance/pro_gprs_toggle_on_trg.xml" />
	<import resource="proc-config/account/pro_acct_product_mapping.xml"/>
	<import resource="proc-config/account/pro_get_corp_tarifpack_product.xml"/>
	<import resource="proc-config/admin/pro_get_subuser_roles.xml"/>
	<import resource="proc-config/admin/pro_get_subuser_privilages.xml"/>
	<import resource="proc-config/productmgmt/pro_my_plan_manage.xml"/>
	<import resource="proc-config/productmgmt/pro_my_plan_view.xml"/>
	 <import resource="proc-config/productmgmt/pro_get_plan_codes.xml"/>
	  <import resource="proc-config/myplanRenewal/pro_get_renewal_dets.xml"/>
	  <import resource="proc-config/myplanRenewal/pro_renewal_status_upd.xml"/>
	  <import resource="proc-config/account/pro_get_corp_tarifpack_product.xml"/>
	  <import resource="proc-config/account/pro_portin_validation_av.xml"/>
	  <import resource="proc-config/balance/pro_get_external_wallet_units.xml"/>
	<import resource="proc-config/balance/pro_rc_trans_enquiry.xml" />
	  
	<import resource="proc-config/mnp/pro_internal_porting_validate.xml" />
	<import resource="proc-config/account/pro_get_simactivation_dtls.xml" />
	 
	<import resource="proc-config/submgmt/pro_bulk_flu_validation.xml" />
	<!-- Added by prince on 13/08/2019 for restImpl in submgmtV1 -->
	<import resource="proc-config/submgmtV1/pro_get_sub_billing_details.xml" />
	<import resource="proc-config/submgmtV1/pro_get_dtls_by_status_seller.xml" />
	<import resource="proc-config/submgmtV1/pro_get_remaining_unitdetail.xml" />
	<import resource="proc-config/submgmtV1/pro_get_account_details.xml" />
	<import resource="proc-config/submgmtV1/pro_get_Active_Packs.xml" />
	<import resource="proc-config/submgmtV1/proc_get_account_loan_details.xml" />
	<import resource="proc-config/submgmtV1/pro_get_svc_pack_unitdetail.xml" />
	<import resource="proc-config/report/sp_cs_ocmp_ivr_report.xml" />
	<import resource="proc-config/balance/pro_rc_atp_unsubscribe.xml" />
	
	<!-- Added for IZZI -->
	<import resource="proc-config/submgmt/pro_get_sub_tpdtls.xml"/>
	<import resource="proc-config/account/pro_get_mdns_izzi.xml"/>
	<import resource="proc-config/account/pro_get_mdn_based_registartion_details.xml"/>
	<!-- Added for IZZI   pro_update_parent_credit_limit -->
	<import resource="proc-config/camgmt/pro_update_parent_credit_limit.xml"/>
	<import resource="proc-config/account/pro_get_account_all_dates.xml" />
	<import resource="proc-config/account/pro_get_account_all_dates.xml" />

	<import resource="proc-config/camgmt/pro_idbase_acc_dtls.xml"/>
	<import resource="proc-config/account/pro_triplet_dtls_for_reg.xml" />
	<import resource="proc-config/account/pro_get_tpdtls_for_policy_trkr.xml" />
	
	<import resource="proc-config/submgmt/pro_get_msdn_comm_tp_dtls.xml" />
	<import resource="proc-config/submgmt/pro_get_msdn_comm_tp_dtls1.xml" />
	<import resource="proc-config/submgmt/pro_state_change.xml" />
	<import resource="proc-config/submgmt/pro_get_trpltsimstatus.xml" />
	<import resource="proc-config/submgmt/pro_get_onreg_flag.xml" />
	
	<import resource="proc-config/submgmt/initiate_Change_TP.xml" />
		
	<import resource="proc-config/camgmt/pro_get_pp_ca_acc_exist_count.xml" />
	<import resource="proc-config/balance/pro_get_recharge_history.xml"/>
	<import resource="proc-config/account/pro_get_5gprov_details.xml"/>
	</beans>

