<?xml version="1.0" encoding="UTF-8" ?>
<!DOCTYPE beans PUBLIC "-//SPRING//DTD BEAN//EN" "http://www.springframework.org/dtd/spring-beans.dtd">
<beans>
  <bean id="storedProcedureDataSources" class="net.bcgi.util.db.DataSourceConfiguration" scope="singleton">
    <property name="dataSourceConfiguration">
      <map>
       
      	<entry key="PRO_GET_DRE_SESSIONS_FOR_ASR">
      		<value>dccs_datasource</value>
      	</entry> 
      	</map>
      	
    </property>
  </bean>
  <!-- <bean id="dccs_datasource" class="org.springframework.jndi.JndiObjectFactoryBean">
	   <property name="jndiName"><value>java:jdbc/DCCS_DB</value></property>
	</bean>  -->
</beans>
