<?xml version="1.0" encoding="UTF-8"?>
<mapping>

	<class name="com.xius.billing.agent.castor.data.submgmt.GetSubBucketInSessionResponse">
		<map-to xml="GetSubBucketInSessionResponse" />
		<field name="success" type="com.xius.billing.agent.castor.data.submgmt.Success">
			<bind-xml name="Success" node="element" />
		</field>
		<field name="failure" type="com.xius.billing.agent.castor.data.submgmt.Failure">
			<bind-xml name="Failure" node="element" />
		</field>
	</class>
		
	<class name="com.xius.billing.agent.castor.data.submgmt.Success">
		<description>Mapping for class com.xius.billing.agent.castor.data.submgmt.Success</description>
		<map-to xml="Success" />
		<field name="buckets" type="com.xius.billing.agent.castor.data.submgmt.Bucket" collection="array">
			<bind-xml name="Bucket" node="element" />
		</field>			
	</class>
		
	<class name="com.xius.billing.agent.castor.data.submgmt.Bucket">
	
		<description>Mapping for class com.xius.billing.agent.castor.data.submgmt..Bucket</description>
		<map-to xml="Bucket" />
		<field name="bucketKey" type="java.lang.String">
			<bind-xml name="BucketKey" node="element" />
		</field>
		<field name="grantedUnits" type="java.lang.String">
			<bind-xml name="GrantedUnits" node="element" />
		</field>
		<field name="loadedDate" type="java.lang.String">
			<bind-xml name="BucketLoadDate" node="element" />
		</field>
	</class>
	
	<class name="com.xius.billing.agent.castor.data.submgmt.Failure">
		<description>Mapping for class com.xius.billing.agent.castor.data.submgmt.Failure</description>
		<map-to xml="Failure" />
		<field name="errorMessage" type="java.lang.String">
			<bind-xml name="ErrorMessage" node="element" />
		</field>
		<field name="errorCode" type="java.lang.String">
			<bind-xml name="ErrorCode" node="element" />
		</field>
	</class>
</mapping>		