<?xml version="1.0" encoding="UTF-8"?>
<!DOCTYPE beans PUBLIC "-//SPRING//DTD BEAN//EN" "http://www.springframework.org/dtd/spring-beans.dtd">
<beans>
<bean id="pro_get_sub_billing_details" class="net.bcgi.util.db.SPDefinition" scope="singleton" >
<property name="name"><value>pkg_third_party_apis.pro_get_sub_billing_details</value></property>
<property name="returnsResult"><value>false</value></property>
<property name="parameters">
  <list>
              <ref bean="pro_get_sub_billing_details_param_1"/>
              <ref bean="pro_get_sub_billing_details_param_2"/>
              <ref bean="pro_get_sub_billing_details_param_3"/>
              <ref bean="pro_get_sub_billing_details_param_4"/>
              <ref bean="pro_get_sub_billing_details_param_5"/>
              <ref bean="pro_get_sub_billing_details_param_6"/>
              <ref bean="pro_get_sub_billing_details_param_7"/>
              <ref bean="pro_get_sub_billing_details_param_8"/>
              <ref bean="pro_get_sub_billing_details_param_9"/>
              <ref bean="pro_get_sub_billing_details_param_10"/>
              <ref bean="pro_get_sub_billing_details_param_11"/>
              <ref bean="pro_get_sub_billing_details_param_12"/>
              <ref bean="pro_get_sub_billing_details_param_13"/>
              <ref bean="pro_get_sub_billing_details_param_14"/>
  </list>
</property>
</bean>

<bean id="pro_get_sub_billing_details_param_1" class="net.bcgi.util.db.ParamDef" scope="singleton">
<property name="name"><value>pio_msisdn_no</value></property>
<property name="mapTo"><value>pio_msisdn_no</value></property>
<property name="type"><ref bean="java.sql.Types.VARCHAR"/></property>
<property name="position"><value>1</value></property>
<property name="parameterType"><ref bean="net.bcgi.util.db.ParamDef.IN_OUT"/></property>
</bean>

<bean id="pro_get_sub_billing_details_param_2" class="net.bcgi.util.db.ParamDef" scope="singleton">
<property name="name"><value>pio_account_id</value></property>
<property name="mapTo"><value>pio_account_id</value></property>
<property name="type"><ref bean="java.sql.Types.BIGINT"/></property>
<property name="position"><value>2</value></property>
<property name="parameterType"><ref bean="net.bcgi.util.db.ParamDef.IN_OUT"/></property>
</bean>

<bean id="pro_get_sub_billing_details_param_3" class="net.bcgi.util.db.ParamDef" scope="singleton">
<property name="name"><value>pi_network_id</value></property>
<property name="mapTo"><value>pi_network_id</value></property>
<property name="type"><ref bean="java.sql.Types.BIGINT"/></property>
<property name="position"><value>3</value></property>
<property name="parameterType"><ref bean="net.bcgi.util.db.ParamDef.IN"/></property>
</bean>

<bean id="pro_get_sub_billing_details_param_4" class="net.bcgi.util.db.ParamDef" scope="singleton">
<property name="name"><value>pi_sellercode</value></property>
<property name="mapTo"><value>pi_sellercode</value></property>
<property name="type"><ref bean="java.sql.Types.VARCHAR"/></property>
<property name="position"><value>4</value></property>
<property name="parameterType"><ref bean="net.bcgi.util.db.ParamDef.IN"/></property>
</bean>

<bean id="pro_get_sub_billing_details_param_5" class="net.bcgi.util.db.ParamDef" scope="singleton">
<property name="name"><value>po_iccid_out</value></property>
<property name="mapTo"><value>po_iccid_out</value></property>
<property name="type"><ref bean="java.sql.Types.VARCHAR"/></property>
<property name="position"><value>5</value></property>
<property name="parameterType"><ref bean="net.bcgi.util.db.ParamDef.OUT"/></property>
</bean>

<bean id="pro_get_sub_billing_details_param_6" class="net.bcgi.util.db.ParamDef" scope="singleton">
<property name="name"><value>po_idvalue</value></property>
<property name="mapTo"><value>po_idvalue</value></property>
<property name="type"><ref bean="java.sql.Types.VARCHAR"/></property>
<property name="position"><value>6</value></property>
<property name="parameterType"><ref bean="net.bcgi.util.db.ParamDef.OUT"/></property>
</bean>

<bean id="pro_get_sub_billing_details_param_7" class="net.bcgi.util.db.ParamDef" scope="singleton">
<property name="name"><value>po_account_balance</value></property>
<property name="mapTo"><value>po_account_balance</value></property>
<property name="type"><ref bean="java.sql.Types.DECIMAL"/></property>
<property name="position"><value>7</value></property>
<property name="parameterType"><ref bean="net.bcgi.util.db.ParamDef.OUT"/></property>
</bean>

<bean id="pro_get_sub_billing_details_param_8" class="net.bcgi.util.db.ParamDef" scope="singleton">
<property name="name"><value>po_account_status</value></property>
<property name="mapTo"><value>po_account_status</value></property>
<property name="type"><ref bean="java.sql.Types.VARCHAR"/></property>
<property name="position"><value>8</value></property>
<property name="parameterType"><ref bean="net.bcgi.util.db.ParamDef.OUT"/></property>
</bean>

<bean id="pro_get_sub_billing_details_param_9" class="net.bcgi.util.db.ParamDef" scope="singleton">
<property name="name"><value>po_account_expdate</value></property>
<property name="mapTo"><value>po_account_expdate</value></property>
<property name="type"><ref bean="java.sql.Types.VARCHAR"/></property>
<property name="position"><value>9</value></property>
<property name="parameterType"><ref bean="net.bcgi.util.db.ParamDef.OUT"/></property>
</bean>

<bean id="pro_get_sub_billing_details_param_10" class="net.bcgi.util.db.ParamDef" scope="singleton">
<property name="name"><value>po_account_validity</value></property>
<property name="mapTo"><value>po_account_validity</value></property>
<property name="type"><ref bean="java.sql.Types.VARCHAR"/></property>
<property name="position"><value>10</value></property>
<property name="parameterType"><ref bean="net.bcgi.util.db.ParamDef.OUT"/></property>
</bean>

<bean id="pro_get_sub_billing_details_param_11" class="net.bcgi.util.db.ParamDef" scope="singleton">
<property name="name"><value>po_tariffpack_name</value></property>
<property name="mapTo"><value>po_tariffpack_name</value></property>
<property name="type"><ref bean="java.sql.Types.VARCHAR"/></property>
<property name="position"><value>11</value></property>
<property name="parameterType"><ref bean="net.bcgi.util.db.ParamDef.OUT"/></property>
</bean>

<bean id="pro_get_sub_billing_details_param_12" class="net.bcgi.util.db.ParamDef"  scope="singleton">
<property name="name"><value>po_tariffpack_validity</value></property>
<property name="mapTo"><value>po_tariffpack_validity</value></property>
<property name="type"><ref bean="java.sql.Types.VARCHAR"/></property>
<property name="position"><value>12</value></property>
<property name="parameterType"><ref bean="net.bcgi.util.db.ParamDef.OUT"/></property>
</bean>

<bean id="pro_get_sub_billing_details_param_13" class="net.bcgi.util.db.ParamDef"  scope="singleton">
<property name="name"><value>po_error_code</value></property>
<property name="mapTo"><value>po_error_code</value></property>
<property name="type"><ref bean="java.sql.Types.BIGINT"/></property>
<property name="position"><value>13</value></property>
<property name="parameterType"><ref bean="net.bcgi.util.db.ParamDef.OUT"/></property>
</bean>

<bean id="pro_get_sub_billing_details_param_14" class="net.bcgi.util.db.ParamDef"  scope="singleton">
<property name="name"><value>po_error_mesg</value></property>
<property name="mapTo"><value>po_error_mesg</value></property>
<property name="type"><ref bean="java.sql.Types.VARCHAR"/></property>
<property name="position"><value>14</value></property>
<property name="parameterType"><ref bean="net.bcgi.util.db.ParamDef.OUT"/></property>
</bean>
</beans>