<?xml version="1.0" encoding="UTF-8"?>

<!DOCTYPE beans PUBLIC "-//SPRING//DTD BEAN//EN" "http://www.springframework.org/dtd/spring-beans.dtd">


<beans>
<bean id="pro_get_account_details" class="net.bcgi.util.db.SPDefinition" scope="singleton" >
<property name="name"><value>pkg_third_party_apis.pro_get_account_details</value></property>
<property name="returnsResult"><value>false</value></property>
<property name="parameters">
<list>
              <ref bean="pro_get_account_details_param_1"/>
              <ref bean="pro_get_account_details_param_2"/>
              <ref bean="pro_get_account_details_param_3"/>
              <ref bean="pro_get_account_details_param_4"/>
              <ref bean="pro_get_account_details_param_5"/>
              <ref bean="pro_get_account_details_param_6"/>
              <ref bean="pro_get_account_details_param_7"/>
              <ref bean="pro_get_account_details_param_8"/>
              <ref bean="pro_get_account_details_param_9"/>
              <ref bean="pro_get_account_details_param_10"/>
              <ref bean="pro_get_account_details_param_11"/>
              <ref bean="pro_get_account_details_param_12"/>
              <ref bean="pro_get_account_details_param_13"/>
              <ref bean="pro_get_account_details_param_14"/>
              <ref bean="pro_get_account_details_param_15"/>
              <ref bean="pro_get_account_details_param_16"/>
              <ref bean="pro_get_account_details_param_17"/>
</list>
</property>
</bean>

<!-- private String SIMNo;
	private String MSISDN;
	private long acctID;
	private String IMSINo;
	private long networkId;
	private String status;
	private String idValue;
	private BigDecimal accountBalance;
	private String accountStatus;
	private String accType;
	private String accountValidity;
	private String activationDate;
	private String tariffPackName;
	private String tariffPackValidity;
	private String sellerCode; -->

<bean id="pro_get_account_details_param_1" class="net.bcgi.util.db.ParamDef" scope="singleton">
<property name="name"><value>pio_icc_id</value></property>
<property name="mapTo"><value>SIMNo</value></property>
<property name="type"><ref bean="java.sql.Types.VARCHAR"/></property>
<property name="position"><value>1</value></property>
<property name="parameterType"><ref bean="net.bcgi.util.db.ParamDef.IN_OUT"/></property>
</bean>

<bean id="pro_get_account_details_param_2" class="net.bcgi.util.db.ParamDef" scope="singleton">
<property name="name"><value>pio_msisdn_no</value></property>
<property name="mapTo"><value>MSISDN</value></property>
<property name="type"><ref bean="java.sql.Types.VARCHAR"/></property>
<property name="position"><value>2</value></property>
<property name="parameterType"><ref bean="net.bcgi.util.db.ParamDef.IN_OUT"/></property>
</bean>

<bean id="pro_get_account_details_param_3" class="net.bcgi.util.db.ParamDef" scope="singleton">
<property name="name"><value>pio_account_id</value></property>
<property name="mapTo"><value>acctID</value></property>
<property name="type"><ref bean="java.sql.Types.BIGINT"/></property>
<property name="position"><value>3</value></property>
<property name="parameterType"><ref bean="net.bcgi.util.db.ParamDef.IN_OUT"/></property>
</bean>

<bean id="pro_get_account_details_param_4" class="net.bcgi.util.db.ParamDef" scope="singleton">
<property name="name"><value>pio_imsi_no</value></property>
<property name="mapTo"><value>IMSINo</value></property>
<property name="type"><ref bean="java.sql.Types.VARCHAR"/></property>
<property name="position"><value>4</value></property>
<property name="parameterType"><ref bean="net.bcgi.util.db.ParamDef.IN_OUT"/></property>
</bean>

<bean id="pro_get_account_details_param_5" class="net.bcgi.util.db.ParamDef" scope="singleton">
<property name="name"><value>pi_network_id</value></property>
<property name="mapTo"><value>networkId</value></property>
<property name="type"><ref bean="java.sql.Types.BIGINT"/></property>
<property name="position"><value>5</value></property>
<property name="parameterType"><ref bean="net.bcgi.util.db.ParamDef.IN"/></property>
</bean>

<bean id="pro_get_account_details_param_6" class="net.bcgi.util.db.ParamDef" scope="singleton">
<property name="name"><value>pi_status</value></property>
<property name="mapTo"><value>status</value></property>
<property name="type"><ref bean="java.sql.Types.VARCHAR"/></property>
<property name="position"><value>6</value></property>
<property name="parameterType"><ref bean="net.bcgi.util.db.ParamDef.IN"/></property>
</bean>

<bean id="pro_get_account_details_param_7" class="net.bcgi.util.db.ParamDef" scope="singleton">
<property name="name"><value>po_id_value</value></property>
<property name="mapTo"><value>idValue</value></property>
<property name="type"><ref bean="java.sql.Types.VARCHAR"/></property>
<property name="position"><value>7</value></property>
<property name="parameterType"><ref bean="net.bcgi.util.db.ParamDef.OUT"/></property>
</bean>

<bean id="pro_get_account_details_param_8" class="net.bcgi.util.db.ParamDef" scope="singleton">
<property name="name"><value>po_account_balance</value></property>
<property name="mapTo"><value>accountBalance</value></property>
<property name="type"><ref bean="java.sql.Types.DECIMAL"/></property>
<property name="position"><value>8</value></property>
<property name="parameterType"><ref bean="net.bcgi.util.db.ParamDef.OUT"/></property>
</bean>

<bean id="pro_get_account_details_param_9" class="net.bcgi.util.db.ParamDef" scope="singleton">
<property name="name"><value>po_account_status</value></property>
<property name="mapTo"><value>accountStatus</value></property>
<property name="type"><ref bean="java.sql.Types.VARCHAR"/></property>
<property name="position"><value>9</value></property>
<property name="parameterType"><ref bean="net.bcgi.util.db.ParamDef.OUT"/></property>
</bean>

<bean id="pro_get_account_details_param_10" class="net.bcgi.util.db.ParamDef" scope="singleton">
<property name="name"><value>po_account_type</value></property>
<property name="mapTo"><value>accType</value></property>
<property name="type"><ref bean="java.sql.Types.VARCHAR"/></property>
<property name="position"><value>10</value></property>
<property name="parameterType"><ref bean="net.bcgi.util.db.ParamDef.OUT"/></property>
</bean>

<bean id="pro_get_account_details_param_11" class="net.bcgi.util.db.ParamDef" scope="singleton">
<property name="name"><value>po_account_validity</value></property>
<property name="mapTo"><value>accountValidity</value></property>
<property name="type"><ref bean="java.sql.Types.VARCHAR"/></property>
<property name="position"><value>11</value></property>
<property name="parameterType"><ref bean="net.bcgi.util.db.ParamDef.OUT"/></property>
</bean>

<bean id="pro_get_account_details_param_12" class="net.bcgi.util.db.ParamDef"  scope="singleton">
<property name="name"><value>po_activation_date</value></property>
<property name="mapTo"><value>activationDate</value></property>
<property name="type"><ref bean="java.sql.Types.VARCHAR"/></property>
<property name="position"><value>12</value></property>
<property name="parameterType"><ref bean="net.bcgi.util.db.ParamDef.OUT"/></property>
</bean>

<bean id="pro_get_account_details_param_13" class="net.bcgi.util.db.ParamDef"  scope="singleton">
<property name="name"><value>po_tariff_packname</value></property>
<property name="mapTo"><value>tariffPackName</value></property>
<property name="type"><ref bean="java.sql.Types.VARCHAR"/></property>
<property name="position"><value>13</value></property>
<property name="parameterType"><ref bean="net.bcgi.util.db.ParamDef.OUT"/></property>
</bean>

<bean id="pro_get_account_details_param_14" class="net.bcgi.util.db.ParamDef"  scope="singleton">
<property name="name"><value>po_tariff_packvalidity</value></property>
<property name="mapTo"><value>tariffPackValidity</value></property>
<property name="type"><ref bean="java.sql.Types.VARCHAR"/></property>
<property name="position"><value>14</value></property>
<property name="parameterType"><ref bean="net.bcgi.util.db.ParamDef.OUT"/></property>
</bean>


<bean id="pro_get_account_details_param_15" class="net.bcgi.util.db.ParamDef"  scope="singleton">
<property name="name"><value>po_seller_code</value></property>
<property name="mapTo"><value>sellerCode</value></property>
<property name="type"><ref bean="java.sql.Types.VARCHAR"/></property>
<property name="position"><value>15</value></property>
<property name="parameterType"><ref bean="net.bcgi.util.db.ParamDef.OUT"/></property>
</bean>

<bean id="pro_get_account_details_param_16" class="net.bcgi.util.db.ParamDef"  scope="singleton">
<property name="name"><value>po_error_code</value></property>
<property name="mapTo"><value>po_error_code</value></property>
<property name="type"><ref bean="java.sql.Types.BIGINT"/></property>
<property name="position"><value>16</value></property>
<property name="parameterType"><ref bean="net.bcgi.util.db.ParamDef.OUT"/></property>
</bean>

<bean id="pro_get_account_details_param_17" class="net.bcgi.util.db.ParamDef"  scope="singleton">
<property name="name"><value>po_error_mesg</value></property>
<property name="mapTo"><value>po_error_mesg</value></property>
<property name="type"><ref bean="java.sql.Types.VARCHAR"/></property>
<property name="position"><value>17</value></property>
<property name="parameterType"><ref bean="net.bcgi.util.db.ParamDef.OUT"/></property>
</bean>



</beans>