<?xml version="1.0" encoding="UTF-8"?>

<!DOCTYPE beans PUBLIC "-//SPRING//DTD BEAN//EN" "http://www.springframework.org/dtd/spring-beans.dtd">


<beans>
<bean id="pro_get_dtls_by_status_seller" class="net.bcgi.util.db.SPDefinition" scope="singleton" >
<property name="name"><value>pkg_third_party_apis.pro_get_dtls_by_status_seller</value></property>
<property name="returnsResult"><value>false</value></property>
<property name="parameters">
<list>
              <ref bean="pro_get_dtls_by_status_seller_param_1"/>
              <ref bean="pro_get_dtls_by_status_seller_param_2"/>
              <ref bean="pro_get_dtls_by_status_seller_param_3"/>
              <ref bean="pro_get_dtls_by_status_seller_param_4"/>
              <ref bean="pro_get_dtls_by_status_seller_param_5"/>
              <ref bean="pro_get_dtls_by_status_seller_param_6"/>
              <ref bean="pro_get_dtls_by_status_seller_param_7"/>
              <ref bean="pro_get_dtls_by_status_seller_param_8"/>
              
</list>
</property>
</bean>

<bean id="pro_get_dtls_by_status_seller_param_1" class="net.bcgi.util.db.ParamDef" scope="singleton">
<property name="name"><value>pi_expend_date</value></property>
<property name="mapTo"><value>pi_expend_date</value></property>
<property name="type"><ref bean="java.sql.Types.VARCHAR"/></property>
<property name="position"><value>1</value></property>
<property name="parameterType"><ref bean="net.bcgi.util.db.ParamDef.IN"/></property>
</bean>

<bean id="pro_get_dtls_by_status_seller_param_2" class="net.bcgi.util.db.ParamDef" scope="singleton">
<property name="name"><value>pi_expstart_date</value></property>
<property name="mapTo"><value>pi_expstart_date</value></property>
<property name="type"><ref bean="java.sql.Types.VARCHAR"/></property>
<property name="position"><value>2</value></property>
<property name="parameterType"><ref bean="net.bcgi.util.db.ParamDef.IN"/></property>
</bean>

<bean id="pro_get_dtls_by_status_seller_param_3" class="net.bcgi.util.db.ParamDef" scope="singleton">
<property name="name"><value>pi_network_id</value></property>
<property name="mapTo"><value>pi_network_id</value></property>
<property name="type"><ref bean="java.sql.Types.BIGINT"/></property>
<property name="position"><value>3</value></property>
<property name="parameterType"><ref bean="net.bcgi.util.db.ParamDef.IN"/></property>
</bean>

<bean id="pro_get_dtls_by_status_seller_param_4" class="net.bcgi.util.db.ParamDef" scope="singleton">
<property name="name"><value>pi_sellercode</value></property>
<property name="mapTo"><value>pi_seller_code</value></property>
<property name="type"><ref bean="java.sql.Types.VARCHAR"/></property>
<property name="position"><value>4</value></property>
<property name="parameterType"><ref bean="net.bcgi.util.db.ParamDef.IN"/></property>
</bean>

<bean id="pro_get_dtls_by_status_seller_param_5" class="net.bcgi.util.db.ParamDef" scope="singleton">
<property name="name"><value>pi_sub_status</value></property>
<property name="mapTo"><value>pi_sub_status</value></property>
<property name="type"><ref bean="java.sql.Types.VARCHAR"/></property>
<property name="position"><value>5</value></property>
<property name="parameterType"><ref bean="net.bcgi.util.db.ParamDef.IN"/></property>
</bean>

<bean id="pro_get_dtls_by_status_seller_param_6" class="net.bcgi.util.db.ParamDef" scope="singleton">
		<property name="name"><value>po_msisdns_no</value></property>
		<property name="mapTo"><value>po_msisdns_no</value></property>
		<property name="type"><ref bean="java.sql.Types.ARRAY"></ref></property>
		<property name="position"><value>6</value></property>
		<property name="arrayName"><value>arr_numb</value></property>
		<property name="parameterType"><ref bean="net.bcgi.util.db.ParamDef.OUT"></ref></property>
	</bean>

<bean id="pro_get_dtls_by_status_seller_param_7" class="net.bcgi.util.db.ParamDef" scope="singleton">
<property name="name"><value>po_error_code</value></property>
<property name="mapTo"><value>po_error_code</value></property>
<property name="type"><ref bean="java.sql.Types.BIGINT"/></property>
<property name="position"><value>7</value></property>
<property name="parameterType"><ref bean="net.bcgi.util.db.ParamDef.OUT"/></property>
</bean>

<bean id="pro_get_dtls_by_status_seller_param_8" class="net.bcgi.util.db.ParamDef" scope="singleton">
<property name="name"><value>po_error_mesg</value></property>
<property name="mapTo"><value>po_error_mesg</value></property>
<property name="type"><ref bean="java.sql.Types.VARCHAR"/></property>
<property name="position"><value>8</value></property>
<property name="parameterType"><ref bean="net.bcgi.util.db.ParamDef.OUT"/></property>
</bean>


</beans>