<?xml version="1.0" encoding="UTF-8"?>
<!DOCTYPE beans PUBLIC "-//SPRING//DTD BEAN//EN" "http://www.springframework.org/dtd/spring-beans.dtd">

<beans>

<bean id="pro_get_remaining_unitdetail" class="net.bcgi.util.db.SPDefinition" scope="singleton"> 
<property name="name"><value>pkg_third_party_apis.pro_get_remaining_unitdetail</value></property>
<property name="returnsResult"><value>false</value></property>
<property name="parameters">
              <list>
                  <ref bean="pro_get_remaining_unitdetail_param_1"/>
                  <ref bean="pro_get_remaining_unitdetail_param_2"/>
                  <ref bean="pro_get_remaining_unitdetail_param_3"/>
                  <ref bean="pro_get_remaining_unitdetail_param_4"/>
                  <ref bean="pro_get_remaining_unitdetail_param_5"/>
                  <ref bean="pro_get_remaining_unitdetail_param_6"/>
                  <ref bean="pro_get_remaining_unitdetail_param_7"/>
                  <ref bean="pro_get_remaining_unitdetail_param_8"/>
                  <ref bean="pro_get_remaining_unitdetail_param_9"/>
                  <ref bean="pro_get_remaining_unitdetail_param_10"/>
                  <ref bean="pro_get_remaining_unitdetail_param_11"/>
                 </list>
              </property>
</bean>
<bean id="pro_get_remaining_unitdetail_param_1" class="net.bcgi.util.db.ParamDef" scope="singleton">
  <property name="name"><value>pio_msisdn_no</value></property>
  <property name="mapTo"><value>pio_msisdn_no</value></property>
  <property name="type"><ref bean="java.sql.Types.BIGINT"/></property>
  <property name="position"><value>1</value></property>
  <property name="parameterType"><ref bean="net.bcgi.util.db.ParamDef.IN_OUT"/></property>
</bean>

<bean id="pro_get_remaining_unitdetail_param_2" class="net.bcgi.util.db.ParamDef" scope="singleton">
 <property name="name"><value>pio_accountid</value></property>
 <property name="mapTo"><value>pio_accountid</value></property>
 <property name="type"><ref bean="java.sql.Types.BIGINT"/></property>
 <property name="position"><value>2</value></property>
 <property name="parameterType"><ref bean="net.bcgi.util.db.ParamDef.IN_OUT"/></property>
</bean>
<bean id="pro_get_remaining_unitdetail_param_3" class="net.bcgi.util.db.ParamDef" scope="singleton">
 <property name="name"><value>pi_carrierid</value></property>
 <property name="mapTo"><value>pi_network_id</value></property>
 <property name="type"><ref bean="java.sql.Types.BIGINT"/></property>
 <property name="position"><value>3</value></property>
 <property name="parameterType"><ref bean="net.bcgi.util.db.ParamDef.IN"/></property>
</bean>

<bean id="pro_get_remaining_unitdetail_param_4" class="net.bcgi.util.db.ParamDef" scope="singleton">
 <property name="name"><value>pio_publicity_id</value></property>
 <property name="mapTo"><value>pio_publicity_id</value></property>
 <property name="type"><ref bean="java.sql.Types.VARCHAR"/></property>
 <property name="position"><value>4</value></property>
 <property name="parameterType"><ref bean="net.bcgi.util.db.ParamDef.IN_OUT"/></property>
</bean>

<bean id="pro_get_remaining_unitdetail_param_5" class="net.bcgi.util.db.ParamDef" scope="singleton">
		<property name="name"><value>po_voice_details</value></property>
		<property name="mapTo"><value>po_voice_details</value></property>
		<property name="type"><ref bean="java.sql.Types.ARRAY"></ref></property>
		<property name="position"><value>5</value></property>
		<property name="arrayName"><value>arr_varchar</value></property>
		<property name="parameterType"><ref bean="net.bcgi.util.db.ParamDef.OUT"></ref></property>
	</bean>
<bean id="pro_get_remaining_unitdetail_param_6" class="net.bcgi.util.db.ParamDef" scope="singleton">
		<property name="name"><value>po_sms_details</value></property>
		<property name="mapTo"><value>po_sms_details</value></property>
		<property name="type"><ref bean="java.sql.Types.ARRAY"></ref></property>
		<property name="position"><value>6</value></property>
		<property name="arrayName"><value>arr_varchar</value></property>
		<property name="parameterType"><ref bean="net.bcgi.util.db.ParamDef.OUT"></ref></property>
	</bean>
<bean id="pro_get_remaining_unitdetail_param_7" class="net.bcgi.util.db.ParamDef" scope="singleton">
		<property name="name"><value>po_data_details</value></property>
		<property name="mapTo"><value>po_data_details</value></property>
		<property name="type"><ref bean="java.sql.Types.ARRAY"></ref></property>
		<property name="position"><value>7</value></property>
		<property name="arrayName"><value>arr_varchar</value></property>
		<property name="parameterType"><ref bean="net.bcgi.util.db.ParamDef.OUT"></ref></property>
	</bean>
	
	<bean id="pro_get_remaining_unitdetail_param_8" class="net.bcgi.util.db.ParamDef" scope="singleton">
		<property name="name"><value>po_global_details</value></property>
		<property name="mapTo"><value>po_global_details</value></property>
		<property name="type"><ref bean="java.sql.Types.ARRAY"></ref></property>
		<property name="position"><value>8</value></property>
		<property name="arrayName"><value>arr_varchar</value></property>
		<property name="parameterType"><ref bean="net.bcgi.util.db.ParamDef.OUT"></ref></property>
	</bean>
<bean id="pro_get_remaining_unitdetail_param_9" class="net.bcgi.util.db.ParamDef" scope="singleton">
 <property name="name"><value>po_packvalidity</value></property>
 <property name="mapTo"><value>po_packvalidity</value></property>
 <property name="type"><ref bean="java.sql.Types.VARCHAR"/></property>
 <property name="position"><value>9</value></property>
 <property name="parameterType"><ref bean="net.bcgi.util.db.ParamDef.OUT"/></property>
</bean>

<bean id="pro_get_remaining_unitdetail_param_10" class="net.bcgi.util.db.ParamDef" scope="singleton">
 <property name="name"><value>po_error_code</value></property>
 <property name="mapTo"><value>po_error_code</value></property>
 <property name="type"><ref bean="java.sql.Types.VARCHAR"/></property>
 <property name="position"><value>10</value></property>
 <property name="parameterType"><ref bean="net.bcgi.util.db.ParamDef.OUT"/></property>
</bean>

<bean id="pro_get_remaining_unitdetail_param_11" class="net.bcgi.util.db.ParamDef" scope="singleton">
 <property name="name"><value>po_error_mesg</value></property>
 <property name="mapTo"><value>po_error_mesg</value></property>
 <property name="type"><ref bean="java.sql.Types.VARCHAR"/></property>
 <property name="position"><value>11</value></property>
 <property name="parameterType"><ref bean="net.bcgi.util.db.ParamDef.OUT"/></property>
</bean>
</beans>