<?xml version="1.0" encoding="UTF-8"?>
<!DOCTYPE beans PUBLIC "-//SPRING//DTD BEAN//EN" "http://www.springframework.org/dtd/spring-beans.dtd">
<beans>

<bean id="proc_get_account_loan_details" class="net.bcgi.util.db.SPDefinition" scope="singleton" >
<property name="name"><value>proc_get_account_loan_details</value></property>
<property name="returnsResult"><value>false</value></property>
<property name="parameters">
<list>
              <ref bean="proc_get_account_loan_details_param_1"/>
              <ref bean="proc_get_account_loan_details_param_2"/>
              <ref bean="proc_get_account_loan_details_param_3"/>
              <ref bean="proc_get_account_loan_details_param_4"/>
              <ref bean="proc_get_account_loan_details_param_5"/>
              <ref bean="proc_get_account_loan_details_param_6"/>
              <ref bean="proc_get_account_loan_details_param_7"/>
 </list>
</property>

<property name="refCursors">
			<map>
				<entry key="5">
					<ref bean="po_account_loan_details"/>
				</entry>
			</map>
		</property>
</bean>

<bean id="po_account_loan_details" class="net.bcgi.util.db.ResultSetDef" scope="prototype">
		<property name="resultSetParams">
			<list>
				<ref bean="po_account_loan_details_param_1"></ref>
				<ref bean="po_account_loan_details_param_2"></ref>
				<ref bean="po_account_loan_details_param_3"></ref>
				<ref bean="po_account_loan_details_param_4"></ref>	
				<ref bean="po_account_loan_details_param_5"></ref>				
			</list>
		</property>
		<property name="className" value="com.xius.billing.agent.domaindata.impl.submgmtV1.AccountLoanDetailsData"/>
	</bean>
<bean id="po_account_loan_details_param_1" class="net.bcgi.util.db.ResultSetParam" scope="singleton">
	  <property name="procedureColumnName"><value>msisdn_no</value></property>
	  <property name="mapTo"><value>msisdn_no</value></property>
	  <property name="columnType"><ref bean="java.sql.Types.BIGINT"></ref></property>
	  <property name="position"><value>1</value></property>
	</bean>
	<bean id="po_account_loan_details_param_2" class="net.bcgi.util.db.ResultSetParam" scope="singleton">
	  <property name="procedureColumnName"><value>loan_amount</value></property>
	  <property name="mapTo"><value>loan_amount</value></property>
	  <property name="columnType"><ref bean="java.sql.Types.DECIMAL"></ref></property>
	  <property name="position"><value>2</value></property>
	</bean>
	
	<bean id="po_account_loan_details_param_3" class="net.bcgi.util.db.ResultSetParam" scope="singleton">
	  <property name="procedureColumnName"><value>loan_commission</value></property>
	  <property name="mapTo"><value>loan_commission</value></property>
	  <property name="columnType"><ref bean="java.sql.Types.DECIMAL"></ref></property>
	  <property name="position"><value>3</value></property>
	</bean>
	
	<bean id="po_account_loan_details_param_4" class="net.bcgi.util.db.ResultSetParam" scope="singleton">
	  <property name="procedureColumnName"><value>transaction_date</value></property>
	  <property name="mapTo"><value>transaction_date</value></property>
	  <property name="columnType"><ref bean="java.sql.Types.VARCHAR"></ref></property>
	  <property name="position"><value>4</value></property>
	</bean>

  <bean id="po_account_loan_details_param_5" class="net.bcgi.util.db.ResultSetParam" scope="singleton">
	  <property name="procedureColumnName"><value>account_id</value></property>
	  <property name="mapTo"><value>account_id</value></property>
	  <property name="columnType"><ref bean="java.sql.Types.BIGINT"></ref></property>
	  <property name="position"><value>5</value></property>
	</bean>





<bean id="proc_get_account_loan_details_param_1" class="net.bcgi.util.db.ParamDef" scope="singleton">
		<property name="name"><value>pi_network_id</value></property>
		<property name="mapTo"><value>pi_network_id</value></property>
		<property name="type"><ref bean="java.sql.Types.BIGINT"></ref></property>
		<property name="position"><value>1</value></property>
		<property name="parameterType"><ref bean="net.bcgi.util.db.ParamDef.IN"></ref></property>
	</bean>

<bean id="proc_get_account_loan_details_param_2" class="net.bcgi.util.db.ParamDef" scope="singleton">
<property name="name"><value>pi_msisdn_no</value></property>
<property name="mapTo"><value>pi_msisdn_no</value></property>
<property name="type"><ref bean="java.sql.Types.VARCHAR"/></property>
<property name="position"><value>2</value></property>
<property name="parameterType"><ref bean="net.bcgi.util.db.ParamDef.IN"/></property>
</bean>

<bean id="proc_get_account_loan_details_param_3" class="net.bcgi.util.db.ParamDef" scope="singleton">
<property name="name"><value>pi_start_date</value></property>
<property name="mapTo"><value>pi_start_date</value></property>
<property name="type"><ref bean="java.sql.Types.VARCHAR"/></property>
<property name="position"><value>3</value></property>
<property name="parameterType"><ref bean="net.bcgi.util.db.ParamDef.IN"/></property>
</bean>

<bean id="proc_get_account_loan_details_param_4" class="net.bcgi.util.db.ParamDef" scope="singleton">
<property name="name"><value>pi_end_date</value></property>
<property name="mapTo"><value>pi_end_date</value></property>
<property name="type"><ref bean="java.sql.Types.VARCHAR"/></property>
<property name="position"><value>4</value></property>
<property name="parameterType"><ref bean="net.bcgi.util.db.ParamDef.IN"/></property>
</bean>


<bean id="proc_get_account_loan_details_param_5" class="net.bcgi.util.db.ParamDef" scope="singleton">
<property name="name"><value>po_account_loan_details</value></property>
<property name="mapTo"><value>po_account_loan_details</value></property>
<property name="type"><ref bean="oracle.jdbc.driver.OracleTypes.CURSOR"/></property>
<property name="position"><value>5</value></property>
<property name="parameterType"><ref bean="net.bcgi.util.db.ParamDef.OUT"/></property>
</bean>



<bean id="proc_get_account_loan_details_param_6" class="net.bcgi.util.db.ParamDef" scope="singleton">
<property name="name"><value>po_error_code</value></property>
<property name="mapTo"><value>po_error_code</value></property>
<property name="type"><ref bean="java.sql.Types.BIGINT"/></property>
<property name="position"><value>6</value></property>
<property name="parameterType"><ref bean="net.bcgi.util.db.ParamDef.OUT"/></property>
</bean>

<bean id="proc_get_account_loan_details_param_7" class="net.bcgi.util.db.ParamDef" scope="singleton">
<property name="name"><value>po_error_desc</value></property>
<property name="mapTo"><value>po_error_mesg</value></property>
<property name="type"><ref bean="java.sql.Types.VARCHAR"/></property>
<property name="position"><value>7</value></property>
<property name="parameterType"><ref bean="net.bcgi.util.db.ParamDef.OUT"/></property>
</bean>

</beans>