<!DOCTYPE beans PUBLIC "-//SPRING//DTD BEAN//EN" "http://www.springframework.org/dtd/spring-beans.dtd">
<beans>
	<bean id="pro_subs_data_plan_renewal" class="net.bcgi.util.db.SPDefinition" scope="prototype">
	<property name="name"><value>CS_PKG_DATA_PLAN_MANAGEMENT.pro_subs_data_plan_renewal</value></property>
	<property name="returnsResult"><value>false</value></property>
	<property name="parameters">
		<list> <!--  parameter list -->
			<ref bean="pro_subs_data_plan_renewal_1"></ref>
			<ref bean="pro_subs_data_plan_renewal_2"></ref>	
			<ref bean="pro_subs_data_plan_renewal_3"></ref>
			<ref bean="pro_subs_data_plan_renewal_4"></ref>
		</list>
	</property>
	</bean>	
	<bean id="pro_subs_data_plan_renewal_1" class="net.bcgi.util.db.ParamDef" scope="singleton">
		<property name="name"><value>pi_network_id</value></property>
		<property name="mapTo"><value>pi_network_id</value></property>
		<property name="type"><ref bean="java.sql.Types.BIGINT"></ref></property>
		<property name="position"><value>1</value></property>
		<property name="parameterType"><ref bean="net.bcgi.util.db.ParamDef.IN"></ref></property>
	</bean>
	<bean id="pro_subs_data_plan_renewal_2" class="net.bcgi.util.db.ParamDef" scope="singleton">
		<property name="name"><value>pi_debit_success_msisdns</value></property>
		<property name="mapTo"><value>pi_debit_success_msisdns</value></property>
		<property name="type"><ref bean="java.sql.Types.ARRAY"></ref></property>
		<property name="arrayName"><value>ARR_VARCHAR</value></property>
		<property name="position"><value>2</value></property>
		<property name="parameterType"><ref bean="net.bcgi.util.db.ParamDef.IN"></ref></property>
	</bean>
	<bean id="pro_subs_data_plan_renewal_3" class="net.bcgi.util.db.ParamDef" scope="singleton">
		<property name="name"><value>po_renewal_success_msisdns</value></property>
		<property name="mapTo"><value>po_renewal_success_msisdns</value></property>
		<property name="type"><ref bean="java.sql.Types.ARRAY"></ref></property>
		<property name="arrayName"><value>ARR_NUMB</value></property>
		<property name="position"><value>3</value></property>
		<property name="parameterType"><ref bean="net.bcgi.util.db.ParamDef.OUT"></ref></property>
	</bean>
	
	<bean id="pro_subs_data_plan_renewal_4" class="net.bcgi.util.db.ParamDef" scope="singleton">
		<property name="name"><value>po_error_code</value></property>
		<property name="mapTo"><value>po_error_code</value></property>
		<property name="type"><ref bean="java.sql.Types.BIGINT"></ref></property>
		<property name="position"><value>4</value></property>
		<property name="parameterType"><ref bean="net.bcgi.util.db.ParamDef.OUT"></ref></property>
	</bean>	
</beans>